Company Account,Merchant Account,Psp Reference,Merchant Reference,Payment Method,Creation Date,TimeZone,Type,Modification Reference,Gross Currency,Gross Debit (GC),Gross Credit (GC),Exchange Rate,Net Currency,Net Debit (NC),Net Credit (NC),Commission (NC),Markup (NC),Scheme Fees (NC),Interchange (NC),Payment Method Variant,Modification Merchant Reference,Batch Number,Reserved4,Reserved5,Reserved6,Reserved7,Reserved8,Reserved9,Reserved10
TurbiBR,TurbiBRCOM,1515445445180965,115523 | 8522589 | 127044 | 28 | GKE6583,visa,2018-12-11 16:37:56,BRST,SettledInstallment,4715445534218330,BRL,,30.00,1,BRL,,29.18,0.82,,,,visapremiumcredit,Capture Request bookingId 115523,75,,,,,,,
TurbiBR,TurbiBRCOM,4815445473746415,115525 | 8499406 | 127046 | 42 | GCE5762,visa,2018-12-11 19:22:55,BRST,SettledInstallment,1315445633201617,BRL,,107.91,1,BRL,,104.94,2.97,,,,visacorporatecredit,Capture Request bookingId 115525,75,,,,,,,
TurbiBR,TurbiBRCOM,1725444579409767,115468 | 8499406 | 126989 | 3 | GFF2698,visa,2018-12-10 22:47:50,BRST,SettledInstallment,4625444892215680,BRL,,159.01,1,BRL,,154.64,4.37,,,,visacorporatecredit,Capture Request bookingId 115468,75,,,,,,,
TurbiBR,TurbiBRCOM,1325445589123441,115154 | 8496002 | 126676 | 4 | GIE2734,visa,2018-12-11 18:09:31,BRST,SettledInstallment,1325445589135577,BRL,,75.00,1,BRL,,72.94,2.06,,,,visastandardcredit,Capture Request bookingId 115154,75,,,,,,,
TurbiBR,TurbiBRCOM,4325445307749661,115511 | 8522881 | 127032 | 55 | FKS8658,visa,2018-12-11 12:17:58,BRST,SettledInstallment,1625445378201827,BRL,,30.00,1,BRL,,29.18,0.82,,,,visastandardcredit,Capture Request bookingId 115511,75,,,,,,,
TurbiBR,TurbiBRCOM,1545442103505892,115206 | 8501999 | 126728 | 49 | GDG8981,visa,2018-12-10 09:22:54,BRST,SettledInstallment,1845444409212782,BRL,,552.18,1,BRL,,537.00,15.18,,,,visastandardcredit,Capture Request bookingId 115206,75,,,,,,,
TurbiBR,TurbiBRCOM,4845444471085045,115454 | 8505707 | 126975 | 18 | FKD0105,visa,2018-12-10 17:57:55,BRST,SettledInstallment,1645444718212731,BRL,,123.23,1,BRL,,119.84,3.39,,,,visacommercialcredit,Capture Request bookingId 115454,75,,,,,,,
TurbiBR,TurbiBRCOM,1645444457275154,114709 | 8503479 | 126231 | 41 | FCC3441,visa,2018-12-10 10:43:00,BRST,SettledInstallment,1845444457285862,BRL,,684.25,1,BRL,,665.43,18.82,,,,visastandardcredit,Capture Request bookingId 114709,75,,,,,,,
TurbiBR,TurbiBRCOM,1345444590570175,115470 | 8893 | 126991 | 47 | GET4023,visa,2018-12-10 18:57:51,BRST,SettledInstallment,4645444754208993,BRL,,65.93,1,BRL,,64.12,1.81,,,,visastandardcredit,Capture Request bookingId 115470,75,,,,,,,
TurbiBR,TurbiBRCOM,4335444750033721,115484 | 8509271 | 127005 | 54 | GDP6156,visa,2018-12-10 22:32:56,BRST,SettledInstallment,4535444883214295,BRL,,30.67,1,BRL,,29.83,0.84,,,,visapremiumcredit,Capture Request bookingId 115484,75,,,,,,,
TurbiBR,TurbiBRCOM,1835445280603884,115508 | 8496002 | 127029 | 4 | GIE2734,visa,2018-12-11 16:42:58,BRST,SettledInstallment,4535445537211884,BRL,,117.45,1,BRL,,114.22,3.23,,,,visastandardcredit,Capture Request bookingId 115508,75,,,,,,,
TurbiBR,TurbiBRCOM,1735445220486284,115500 | 8497293 | 127021 | 35 | GEP0747,visa,2018-12-11 13:03:02,BRST,SettledInstallment,4535445405215843,BRL,,51.92,1,BRL,,50.49,1.43,,,,visasuperpremiumcredit,Capture Request bookingId 115500,75,,,,,,,
TurbiBR,TurbiBRCOM,1735444854465219,115497 | 8525348 | 127018 | 36 | GFN9743,visa,2018-12-10 22:57:56,BRST,SettledInstallment,4735444898215749,BRL,,10.00,1,BRL,,9.72,0.28,,,,visastandardcredit,Capture Request bookingId 115497,75,,,,,,,
TurbiBR,TurbiBRCOM,4725440150692080,115043 | 8503207 | 126565 | 59 | GFT1399,visa,2018-12-21 23:42:26,BRST,RefundedInstallment,1825454429038673,BRL,50.00,,1,BRL,50.00,,,,,,visapremiumcredit,Refund Request bookingId 115043,75,,,,,,,
TurbiBR,TurbiBRCOM,4335443629168346,115387 | 8526939 | 126908 | 44 | FOM1229,visa,2018-12-12 19:37:52,BRST,RefundedInstallment,4535446506142241,BRL,50.00,,1,BRL,50.00,,,,,,visastandardcredit,Refund Request bookingId 115387,75,,,,,,,
TurbiBR,TurbiBRCOM,1845445249865937,115503 | 8496002 | 127024 | 4 | GIE2734,visa,2018-12-11 09:02:51,BRST,SettledInstallment,4345445261212603,BRL,,50.00,1,BRL,,48.62,1.38,,,,visastandardcredit,Capture Request bookingId 115503,75,,,,,,,
TurbiBR,TurbiBRCOM,1845445249865937,115503 | 8496002 | 127024 | 4 | GIE2734,visa,2018-12-11 11:32:23,BRST,RefundedInstallment,1745445350885790,BRL,50.00,,1,BRL,50.00,,,,,,visastandardcredit,Refund Request bookingId 115503,75,,,,,,,
TurbiBR,TurbiBRCOM,1315445406140810,115522 | 8504499 | 127043 | 3 | GFF2698,visa,2018-12-11 21:27:52,BRST,SettledInstallment,1615445708216398,BRL,,140.67,1,BRL,,136.80,3.87,,,,visastandardcredit,Capture Request bookingId 115522,75,,,,,,,
TurbiBR,TurbiBRCOM,4315446325256780,115597 | 8526971 | 127118 | 7 | GCW5563,visa,2018-12-12 15:13:38,BRST,RefundedInstallment,4815446347696505,BRL,30.00,,1,BRL,30.00,,,,,,visapremiumcredit,Refund Request bookingId 115597,75,,,,,,,
TurbiBR,TurbiBRCOM,4315446319481600,115596 | 8500957 | 127117 | 39 | FSQ3098,visa,2018-12-12 19:27:58,BRST,SettledInstallment,1815446500201768,BRL,,100.83,1,BRL,,98.06,2.77,,,,visapremiumcredit,Capture Request bookingId 115596,75,,,,,,,
TurbiBR,TurbiBRCOM,4315446325256780,115597 | 8526971 | 127118 | 7 | GCW5563,visa,2018-12-12 15:12:54,BRST,SettledInstallment,1315446347212833,BRL,,30.00,1,BRL,,29.18,0.82,,,,visapremiumcredit,Capture Request bookingId 115597,75,,,,,,,
TurbiBR,TurbiBRCOM,4815445473746415,115525 | 8499406 | 127046 | 42 | GCE5762,visa,2018-12-14 18:41:57,BRST,RefundedInstallment,1315448200674067,BRL,40.00,,1,BRL,40.00,,,,,,visacorporatecredit,Refund Request bookingId 115525,75,,,,,,,
TurbiBR,TurbiBRCOM,4845446308331344,115590 | 8520584 | 127111 | 29 | GKH1148,visa,2018-12-12 16:12:55,BRST,SettledInstallment,1845446383204156,BRL,,30.00,1,BRL,,29.18,0.82,,,,visastandardcredit,Capture Request bookingId 115590,75,,,,,,,
TurbiBR,TurbiBRCOM,4845446200995246,115582 | 8521588 | 127103 | 53 | GGQ1493,visa,2018-12-12 14:02:56,BRST,SettledInstallment,4545446305209363,BRL,,36.14,1,BRL,,35.15,0.99,,,,visapremiumcredit,Capture Request bookingId 115582,75,,,,,,,
TurbiBR,TurbiBRCOM,1545445584435455,115531 | 8503407 | 127052 | 63 | FMZ7695,visa,2018-12-11 21:18:15,BRST,SettledInstallment,1545445702217546,BRL,,30.65,1,BRL,,29.81,0.84,,,,visastandardcredit,Capture Request bookingId 115531,75,,,,,,,
TurbiBR,TurbiBRCOM,4345445681555052,115552 | 8503479 | 127073 | 57 | FXD8307,visa,2018-12-12 08:07:57,BRST,SettledInstallment,4545446092217736,BRL,,114.00,1,BRL,,110.86,3.14,,,,visastandardcredit,Capture Request bookingId 115552,75,,,,,,,
TurbiBR,TurbiBRCOM,1745445625362955,115537 | 8505876 | 127058 | 1 | GDC4895,visa,2018-12-11 23:57:51,BRST,SettledInstallment,1345445798217741,BRL,,151.29,1,BRL,,147.13,4.16,,,,visastandardcredit,Capture Request bookingId 115537,75,,,,,,,
TurbiBR,TurbiBRCOM,4535446092377953,115571 | 8498733 | 127092 | 26 | GJJ0014,visa,2018-12-12 09:57:53,BRST,SettledInstallment,4735446158211433,BRL,,50.00,1,BRL,,48.62,1.38,,,,visapremiumcredit,Capture Request bookingId 115571,75,,,,,,,
TurbiBR,TurbiBRCOM,1735445665876668,115547 | 8507679 | 127068 | 9 | GEK9026,visa,2018-12-11 22:38:01,BRST,SettledInstallment,4835445750219702,BRL,,41.07,1,BRL,,39.94,1.13,,,,visastandardcredit,Capture Request bookingId 115547,75,,,,,,,
TurbiBR,TurbiBRCOM,1835446241668453,115586 | 8505707 | 127107 | 68 | GFT7592,visa,2018-12-12 19:07:51,BRST,SettledInstallment,4635446488219222,BRL,,149.40,1,BRL,,145.29,4.11,,,,visacommercialcredit,Capture Request bookingId 115586,75,,,,,,,
TurbiBR,TurbiBRCOM,1335445716381142,115560 | 8525119 | 127081 | 34 | GAK2624,visa,2018-12-11 22:42:51,BRST,SettledInstallment,4735445753213091,BRL,,30.00,1,BRL,,29.18,0.82,,,,visastandardcredit,Capture Request bookingId 115560,75,,,,,,,
TurbiBR,TurbiBRCOM,1725446073539817,115566 | 8496002 | 127087 | 35 | GEP0747,visa,2018-12-12 17:03:43,BRST,SettledInstallment,1525446413206145,BRL,,95.63,1,BRL,,93.00,2.63,,,,visastandardcredit,Capture Request bookingId 115566,75,,,,,,,
TurbiBR,TurbiBRCOM,1325445703267876,115558 | 8509895 | 127079 | 36 | GFN9743,visa,2018-12-12 00:43:00,BRST,SettledInstallment,1625445825211429,BRL,,34.32,1,BRL,,33.38,0.94,,,,visapremiumcredit,Capture Request bookingId 115558,75,,,,,,,
TurbiBR,TurbiBRCOM,1725444579409767,115468 | 8499406 | 126989 | 3 | GFF2698,visa,2018-12-14 18:43:36,BRST,RefundedInstallment,1525448201536568,BRL,117.52,,1,BRL,117.52,,,,,,visacorporatecredit,Refund Request bookingId 115468,75,,,,,,,
TurbiBR,TurbiBRCOM,1835446176440035,115577 | 8496761 | 127098 | 47 | GET4023,visa,2018-12-13 09:16:44,BRST,SettledInstallment,1535446995219217,BRL,,358.32,1,BRL,,348.47,9.85,,,,visacorporatecredit,Capture Request bookingId 115577,75,,,,,,,
TurbiBR,TurbiBRCOM,1335446518908421,115632 | 8496454 | 127153 | 32 | FXT6395,visa,2018-12-12 23:17:51,BRST,SettledInstallment,4635446638206244,BRL,,50.41,1,BRL,,49.02,1.39,,,,visastandardcredit,Capture Request bookingId 115632,75,,,,,,,
TurbiBR,TurbiBRCOM,4735445691521076,115556 | 8523955 | 127077 | 20 | FUD3683,visa,2018-12-13 20:57:51,BRST,SettledInstallment,4335447418218220,BRL,,247.50,1,BRL,,240.69,6.81,,,,visastandardcredit,Capture Request bookingId 115556,75,,,,,,,
TurbiBR,TurbiBRCOM,1335446508253747,115626 | 8523586 | 127147 | 66 | GHH6346,visa,2018-12-12 22:17:46,BRST,SettledInstallment,1835446602217478,BRL,,30.00,1,BRL,,29.18,0.82,,,,visapremiumcredit,Capture Request bookingId 115626,75,,,,,,,
TurbiBR,TurbiBRCOM,4735447108550052,115678 | 8502726 | 127199 | 56 | GCB5654,visa,2018-12-13 17:43:22,BRST,SettledInstallment,4335447301438430,BRL,,54.79,1,BRL,,53.28,1.51,,,,visastandardcredit,Capture Request bookingId 115678,75,,,,,,,
TurbiBR,TurbiBRCOM,4745446509757785,115627 | 8503407 | 127148 | 63 | FMZ7695,visa,2018-12-13 11:02:50,BRST,SettledInstallment,1345447061214488,BRL,,124.41,1,BRL,,120.99,3.42,,,,visastandardcredit,Capture Request bookingId 115627,75,,,,,,,
TurbiBR,TurbiBRCOM,1645447183093452,115688 | 8522881 | 127209 | 55 | FKS8658,visa,2018-12-13 16:42:54,BRST,SettledInstallment,4845447265219019,BRL,,30.00,1,BRL,,29.18,0.82,,,,visastandardcredit,Capture Request bookingId 115688,75,,,,,,,
TurbiBR,TurbiBRCOM,1525447132524321,115681 | 8525668 | 127202 | 26 | GJJ0014,visa,2018-12-13 18:42:54,BRST,SettledInstallment,1725447337213686,BRL,,107.97,1,BRL,,105.00,2.97,,,,visapremiumcredit,Capture Request bookingId 115681,75,,,,,,,
TurbiBR,TurbiBRCOM,4625447202079522,115689 | 8496002 | 127210 | 4 | GIE2734,visa,2018-12-13 19:12:58,BRST,SettledInstallment,1725447355210663,BRL,,65.26,1,BRL,,63.47,1.79,,,,visastandardcredit,Capture Request bookingId 115689,75,,,,,,,
TurbiBR,TurbiBRCOM,4825446909645393,115660 | 8504972 | 127181 | 52 | FKC3114,visa,2018-12-13 11:47:57,BRST,SettledInstallment,4325447088209824,BRL,,33.43,1,BRL,,32.51,0.92,,,,visacommercialpremiumcredit,Capture Request bookingId 115660,75,,,,,,,
TurbiBR,TurbiBRCOM,4825447068538106,115673 | 8504818 | 127194 | 10 | FQR9974,visa,2018-12-13 13:22:55,BRST,SettledInstallment,4825447145214788,BRL,,30.00,1,BRL,,29.18,0.82,,,,visapremiumcredit,Capture Request bookingId 115673,75,,,,,,,
TurbiBR,TurbiBRCOM,1825446349933462,115599 | 8526971 | 127120 | 7 | GCW5563,visa,2018-12-12 22:47:45,BRST,SettledInstallment,4325446620206215,BRL,,101.79,1,BRL,,98.99,2.80,,,,visapremiumcredit,Capture Request bookingId 115599,75,,,,,,,
TurbiBR,TurbiBRCOM,1625446098974685,115572 | 8496569 | 127093 | 19 | FJG9824,visa,2018-12-12 23:47:56,BRST,SettledInstallment,1725446656214523,BRL,,128.65,1,BRL,,125.11,3.54,,,,visastandardcredit,Capture Request bookingId 115572,75,,,,,,,
TurbiBR,TurbiBRCOM,,,,2019-01-11 01:21:40,BRST,DepositCorrection,Deposit Correction,,,,,BRL,3349.65,,,,,,,,75,,,,,,,
TurbiBR,TurbiBRCOM,,,,2019-01-11 01:21:40,BRST,Balancetransfer,Balancetransfer,,,,,BRL,673.63,,,,,,,Balancetransfer to batch 80,75,,,,,,,
