Company Account,Merchant Account,Psp Reference,Merchant Reference,Payment Method,Creation Date,TimeZone,Type,Modification Reference,Gross Currency,Gross Debit (GC),Gross Credit (GC),Exchange Rate,Net Currency,Net Debit (NC),Net Credit (NC),Commission (NC),Markup (NC),Scheme Fees (NC),Interchange (NC),Payment Method Variant,Modification Merchant Reference,Batch Number,Reserved4,Reserved5,Reserved6,Reserved7,Reserved8,Reserved9,Reserved10
TurbiBR,TurbiBRCOM,1815428101043393,Authorise Request bookingId 114140,mc,2018-11-23 02:40:53,BRST,SettledInstallment,1515429480032364,BRL,,78.90,1,BRL,,0.00,2.17,,,,mccredit,Capture Request bookingId 114140,52,,,,,,,
TurbiBR,TurbiBRCOM,4315429176163198,Authorise Request bookingId 114216,mc,2018-11-23 02:40:53,BRST,SettledInstallment,1615429480039707,BRL,,196.54,1,BRL,,0.00,5.40,,,,mccredit,Capture Request bookingId 114216,52,,,,,,,
TurbiBR,TurbiBRCOM,4515428139037620,Authorise Request bookingId 114142,mc,2018-11-23 02:40:53,BRST,SettledInstallment,1815429480039309,BRL,,83.38,1,BRL,,0.00,2.29,,,,mccredit,Capture Request bookingId 114142,52,,,,,,,
TurbiBR,TurbiBRCOM,4615427891528445,Authorise Request bookingId 114125,mc,2018-11-23 02:40:53,BRST,SettledInstallment,1615429480039673,BRL,,78.70,1,BRL,,0.00,2.16,,,,mccredit,Capture Request bookingId 114125,52,,,,,,,
TurbiBR,TurbiBRCOM,4715429132314345,Authorise Request bookingId 114202,mc,2018-11-23 02:40:53,BRST,SettledInstallment,1815429480032007,BRL,,48.36,1,BRL,,0.00,1.33,,,,mccredit,Capture Request bookingId 114202,52,,,,,,,
TurbiBR,TurbiBRCOM,1715428749730022,Authorise Request bookingId 114167,mc,2018-11-23 02:40:53,BRST,SettledInstallment,4315429480020746,BRL,,15.88,1,BRL,,0.00,0.44,,,,mccredit,Capture Request bookingId 114167,52,,,,,,,
TurbiBR,TurbiBRCOM,1515428830450094,Authorise Request bookingId 114171,mc,2018-11-23 02:40:53,BRST,SettledInstallment,4315429480038623,BRL,,166.58,1,BRL,,0.00,4.58,,,,mccredit,Capture Request bookingId 114171,52,,,,,,,
TurbiBR,TurbiBRCOM,4615428165696173,Authorise Request bookingId 114145,mc,2018-11-23 02:40:53,BRST,SettledInstallment,1815429480039291,BRL,,109.46,1,BRL,,0.00,3.01,,,,mccredit,Capture Request bookingId 114145,52,,,,,,,
TurbiBR,TurbiBRCOM,1715429130949429,Authorise Request bookingId 114201,mc,2018-11-23 02:40:53,BRST,SettledInstallment,4815429480033835,BRL,,25.45,1,BRL,,0.00,0.70,,,,mccredit,Capture Request bookingId 114201,52,,,,,,,
TurbiBR,TurbiBRCOM,1315427939899120,Authorise Request bookingId 114128,mc,2018-11-23 02:40:53,BRST,SettledInstallment,4315429480020795,BRL,,183.31,1,BRL,,0.00,5.04,,,,mccredit,Capture Request bookingId 114128,52,,,,,,,
TurbiBR,TurbiBRCOM,4515428204656189,Authorise Request bookingId 114147,mc,2018-11-23 02:40:53,BRST,SettledInstallment,1815429480031975,BRL,,86.98,1,BRL,,0.00,2.39,,,,mccredit,Capture Request bookingId 114147,52,,,,,,,
TurbiBR,TurbiBRCOM,4615429172330137,Authorise Request bookingId 114213,mc,2018-11-23 11:46:06,BRST,SettledInstallment,4315429807057389,BRL,,158.28,1,BRL,,0.00,4.35,,,,mccredit,Capture Request bookingId 114213,52,,,,,,,
TurbiBR,TurbiBRCOM,4615428044977851,Authorise Request bookingId 114135,mc,2018-11-23 02:40:53,BRST,SettledInstallment,1615429480032553,BRL,,138.70,1,BRL,,0.00,3.81,,,,mccredit,Capture Request bookingId 114135,52,,,,,,,
TurbiBR,TurbiBRCOM,1315428272648793,Authorise Request bookingId 114151,mc,2018-11-23 12:06:57,BRST,SettledInstallment,1315429819628876,BRL,,342.74,1,BRL,,0.00,9.43,,,,mccredit,Capture Request bookingId 114151,52,,,,,,,
TurbiBR,TurbiBRCOM,1515429678550987,114231 | 8504875 | 125753 | 31 | GDQ9684,mc,2018-11-23 14:56:57,BRST,SettledInstallment,4715429921621413,BRL,,122.27,1,BRL,,0.00,3.36,,,,mccredit,Capture Request bookingId 114231,52,,,,,,,
TurbiBR,TurbiBRCOM,1815429868286951,114255 | 8522677 | 125777 | 8 | GCE1566,mc,2018-11-23 19:26:59,BRST,SettledInstallment,4615430083600618,BRL,,75.00,1,BRL,,0.00,2.06,,,,mccredit,Capture Request bookingId 114255,52,,,,,,,
TurbiBR,TurbiBRCOM,4515429778242950,114239 | 8496433 | 125761 | 4 | GIE2734,mc,2018-11-23 15:06:49,BRST,SettledInstallment,1715429927625513,BRL,,72.29,1,BRL,,0.00,1.99,,,,mccredit,Capture Request bookingId 114239,52,,,,,,,
TurbiBR,TurbiBRCOM,1715429924861962,114262 | 8500378 | 125784 | 42 | GCE5762,mc,2018-11-23 16:11:57,BRST,SettledInstallment,4815429966615634,BRL,,30.00,1,BRL,,0.00,0.82,,,,mccredit,Capture Request bookingId 114262,52,,,,,,,
TurbiBR,TurbiBRCOM,4345429175869419,Authorise Request bookingId 114215,mc,2018-11-23 02:40:47,BRST,SettledInstallment,1845429480032027,BRL,,50.00,1,BRL,,0.00,1.38,,,,mccredit,Capture Request bookingId 114215,52,,,,,,,
TurbiBR,TurbiBRCOM,1845429135324175,Authorise Request bookingId 114203,mc,2018-11-23 02:40:47,BRST,SettledInstallment,1345429480036676,BRL,,50.00,1,BRL,,0.00,1.38,,,,mccredit,Capture Request bookingId 114203,52,,,,,,,
TurbiBR,TurbiBRCOM,4745428161269515,Authorise Request bookingId 114144,mc,2018-11-23 02:40:47,BRST,SettledInstallment,1745429480031517,BRL,,18.38,1,BRL,,0.00,0.51,,,,mccredit,Capture Request bookingId 114144,52,,,,,,,
TurbiBR,TurbiBRCOM,4745429159121379,Authorise Request bookingId 114208,mc,2018-11-23 02:40:47,BRST,SettledInstallment,4545429480032826,BRL,,30.00,1,BRL,,0.00,0.82,,,,mccredit,Capture Request bookingId 114208,52,,,,,,,
TurbiBR,TurbiBRCOM,1345428137488132,Authorise Request bookingId 114141,mc,2018-11-23 02:40:47,BRST,SettledInstallment,1545429480032376,BRL,,50.00,1,BRL,,0.00,1.38,,,,mccredit,Capture Request bookingId 114141,52,,,,,,,
TurbiBR,TurbiBRCOM,1645428842068127,Authorise Request bookingId 114172,mc,2018-11-23 11:46:06,BRST,SettledInstallment,4545429807051640,BRL,,69.58,1,BRL,,0.00,1.91,,,,mccredit,Capture Request bookingId 114172,52,,,,,,,
TurbiBR,TurbiBRCOM,1745429039216189,Authorise Request bookingId 114196,mc,2018-11-23 11:46:06,BRST,SettledInstallment,4845429807055408,BRL,,30.00,1,BRL,,0.00,0.82,,,,mccredit,Capture Request bookingId 114196,52,,,,,,,
TurbiBR,TurbiBRCOM,1745429152159281,Authorise Request bookingId 114205,mc,2018-11-23 02:40:47,BRST,SettledInstallment,1745429480036482,BRL,,46.54,1,BRL,,0.00,1.28,,,,mccredit,Capture Request bookingId 114205,52,,,,,,,
TurbiBR,TurbiBRCOM,1745429192856409,Authorise Request bookingId 114217,mc,2018-11-23 02:40:47,BRST,SettledInstallment,1645429480039719,BRL,,36.24,1,BRL,,0.00,1.00,,,,mccredit,Capture Request bookingId 114217,52,,,,,,,
TurbiBR,TurbiBRCOM,1345426735197899,Authorise Request bookingId 114056,mc,2018-11-23 02:40:47,BRST,SettledInstallment,4545429480028485,BRL,,428.79,1,BRL,,0.00,11.79,,,,mccredit,Capture Request bookingId 114056,52,,,,,,,
TurbiBR,TurbiBRCOM,1845429410209794,114227 | 8509067 | 125749 | 7 | GCW5563,mc,2018-11-23 02:40:47,BRST,SettledInstallment,4345429480038668,BRL,,80.00,1,BRL,,0.00,2.20,,,,mccredit,Capture Request bookingId 114227,52,,,,,,,
TurbiBR,TurbiBRCOM,1545427954704173,Authorise Request bookingId 114129,mc,2018-11-23 02:40:47,BRST,SettledInstallment,1545429480039108,BRL,,176.60,1,BRL,,0.00,4.86,,,,mccredit,Capture Request bookingId 114129,52,,,,,,,
TurbiBR,TurbiBRCOM,1645429195317301,Authorise Request bookingId 114218,mc,2018-11-23 02:40:47,BRST,SettledInstallment,1745429480036508,BRL,,53.31,1,BRL,,0.00,1.47,,,,mccredit,Capture Request bookingId 114218,52,,,,,,,
TurbiBR,TurbiBRCOM,4345429923429169,114261 | 8501541 | 125783 | 49 | GDG8981,mc,2018-11-23 17:30:41,BRST,SettledInstallment,1745430011618368,BRL,,30.00,1,BRL,,0.00,0.82,,,,mccredit,Capture Request bookingId 114261,52,,,,,,,
TurbiBR,TurbiBRCOM,1545427422885307,Authorise Request bookingId 114096,mc,2018-11-23 02:40:47,BRST,SettledInstallment,1645429480032516,BRL,,159.74,1,BRL,,0.00,4.39,,,,mccredit,Capture Request bookingId 114096,52,,,,,,,
TurbiBR,TurbiBRCOM,1845429340961100,114226 | 8523875 | 125748 | 13 | FXH7648,mc,2018-11-23 00:10:36,BRST,SettledInstallment,1645429389870511,BRL,,30.00,1,BRL,,0.00,0.82,,,,mccredit,Capture Request bookingId 114226,52,,,,,,,
TurbiBR,TurbiBRCOM,1545428884599048,Authorise Request bookingId 114179,mc,2018-11-23 17:23:29,BRST,SettledInstallment,4845430008612807,BRL,,459.02,1,BRL,,0.00,12.62,,,,mccredit,Capture Request bookingId 114179,52,,,,,,,
TurbiBR,TurbiBRCOM,1345428262290469,Authorise Request bookingId 114150,mc,2018-11-23 02:40:47,BRST,SettledInstallment,1545429480039124,BRL,,171.74,1,BRL,,0.00,4.72,,,,mccredit,Capture Request bookingId 114150,52,,,,,,,
TurbiBR,TurbiBRCOM,1645428001657165,Authorise Request bookingId 114133,mc,2018-11-23 02:40:47,BRST,SettledInstallment,4545429480028451,BRL,,50.00,1,BRL,,0.00,1.38,,,,mccredit,Capture Request bookingId 114133,52,,,,,,,
TurbiBR,TurbiBRCOM,1645428967002182,Authorise Request bookingId 114183,mc,2018-11-23 02:40:47,BRST,SettledInstallment,1345429480031297,BRL,,21.80,1,BRL,,0.00,0.60,,,,mccredit,Capture Request bookingId 114183,52,,,,,,,
TurbiBR,TurbiBRCOM,1845429340961100,114226 | 8523875 | 125748 | 13 | FXH7648,mc,2018-11-23 01:12:04,BRST,RefundedInstallment,1845429426761838,BRL,30.00,,1,BRL,30.00,,,,,,mccredit,Refund Request bookingId 114226,52,,,,,,,
TurbiBR,TurbiBRCOM,1635429798407261,114241 | 8499033 | 125763 | 56 | GCB5654,mc,2018-11-23 18:57:56,BRST,SettledInstallment,4535430065757151,BRL,,107.83,1,BRL,,104.86,2.97,,,,mccredit,Capture Request bookingId 114241,52,,,,,,,
TurbiBR,TurbiBRCOM,4535425832012187,Authorise Request bookingId 113987,mc,2018-11-23 12:22:19,BRST,RefundedInstallment,4835429828038872,BRL,50.00,,1,BRL,50.00,,,,,,mccredit,Authorise Request bookingId 113987,52,,,,,,,
TurbiBR,TurbiBRCOM,4335429920519832,114260 | 8525073 | 125782 | 58 | GIV7241,mc,2018-11-23 17:09:21,BRST,SettledInstallment,1635429996613629,BRL,,15.30,1,BRL,,14.88,0.42,,,,mccredit,Capture Request bookingId 114260,52,,,,,,,
TurbiBR,TurbiBRCOM,4635428371196592,Authorise Request bookingId 114161,mc,2018-11-23 20:07:14,BRST,SettledInstallment,1835430107768409,BRL,,285.27,1,BRL,,277.43,7.84,,,,mccredit,Capture Request bookingId 114161,52,,,,,,,
TurbiBR,TurbiBRCOM,1635429804934084,114242 | 8508414 | 125764 | 22 | FWL2173,mc,2018-11-23 15:03:29,BRST,SettledInstallment,1835429924619621,BRL,,116.64,1,BRL,,113.43,3.21,,,,mccredit,Capture Request bookingId 114242,52,,,,,,,
TurbiBR,TurbiBRCOM,1735429155608112,Authorise Request bookingId 114206,mc,2018-11-23 02:40:56,BRST,SettledInstallment,4535429480032877,BRL,,83.29,1,BRL,,0.00,2.29,,,,mccredit,Capture Request bookingId 114206,52,,,,,,,
TurbiBR,TurbiBRCOM,1735429676508866,114230 | 8496889 | 125752 | 19 | FJG9824,mc,2018-11-23 11:46:02,BRST,SettledInstallment,4335429807057450,BRL,,39.56,1,BRL,,0.00,1.09,,,,mccredit,Capture Request bookingId 114230,52,,,,,,,
TurbiBR,TurbiBRCOM,1735429787776717,114240 | 8524993 | 125762 | 44 | FOM1229,mc,2018-11-23 13:13:32,BRST,SettledInstallment,4735429855629107,BRL,,10.00,1,BRL,,0.00,0.28,,,,mccredit,Capture Request bookingId 114240,52,,,,,,,
TurbiBR,TurbiBRCOM,1635423823814278,Authorise Request bookingId 113622,mc,2018-11-23 02:14:42,BRST,SettledInstallment,4535429464237146,BRL,,200.00,1,BRL,,0.00,5.50,,,,mccredit,Capture Request bookingId 113622,52,,,,,,,
TurbiBR,TurbiBRCOM,4535422080426458,Authorise Request bookingId 113622,mc,2018-11-23 02:14:42,BRST,SettledInstallment,4535429464220498,BRL,,800.00,1,BRL,,0.00,22.00,,,,mccredit,Capture Request bookingId 113622,52,,,,,,,
TurbiBR,TurbiBRCOM,4635429166771938,Authorise Request bookingId 114211,mc,2018-11-23 02:40:56,BRST,SettledInstallment,4335429480038678,BRL,,30.00,1,BRL,,0.00,0.82,,,,mccredit,Capture Request bookingId 114211,52,,,,,,,
TurbiBR,TurbiBRCOM,1535422959817833,Authorise Request bookingId 113622,mc,2018-11-23 02:14:42,BRST,SettledInstallment,4735429464233408,BRL,,200.00,1,BRL,,0.00,5.50,,,,mccredit,Capture Request bookingId 113622,52,,,,,,,
TurbiBR,TurbiBRCOM,4835429248833233,Authorise Request bookingId 114223,mc,2018-11-23 02:40:56,BRST,SettledInstallment,1635429480032575,BRL,,62.51,1,BRL,,0.00,1.72,,,,mccredit,Capture Request bookingId 114223,52,,,,,,,
TurbiBR,TurbiBRCOM,4735429864268210,114254 | 8521957 | 125776 | 42 | GCE5762,mc,2018-11-23 14:52:42,BRST,SettledInstallment,4335429918611120,BRL,,30.00,1,BRL,,0.00,0.82,,,,mccredit,Capture Request bookingId 114254,52,,,,,,,
TurbiBR,TurbiBRCOM,1835428868811830,Authorise Request bookingId 114174,mc,2018-11-23 02:40:56,BRST,SettledInstallment,4835429480036198,BRL,,79.00,1,BRL,,0.00,2.17,,,,mccredit,Capture Request bookingId 114174,52,,,,,,,
TurbiBR,TurbiBRCOM,4635427994355684,Authorise Request bookingId 114132,mc,2018-11-23 02:40:56,BRST,SettledInstallment,4735429480033824,BRL,,201.78,1,BRL,,0.00,5.55,,,,mccredit,Capture Request bookingId 114132,52,,,,,,,
TurbiBR,TurbiBRCOM,4535428080087646,Authorise Request bookingId 114137,mc,2018-11-23 02:40:56,BRST,SettledInstallment,4335429480030832,BRL,,60.02,1,BRL,,0.00,1.65,,,,mccredit,Capture Request bookingId 114137,52,,,,,,,
TurbiBR,TurbiBRCOM,4335428360136362,Authorise Request bookingId 114160,mc,2018-11-23 02:40:56,BRST,SettledInstallment,1735429480031535,BRL,,32.26,1,BRL,,0.00,0.89,,,,mccredit,Capture Request bookingId 114160,52,,,,,,,
TurbiBR,TurbiBRCOM,1335423391815825,Authorise Request bookingId 113622,mc,2018-11-23 02:14:42,BRST,SettledInstallment,4335429464237452,BRL,,200.00,1,BRL,,0.00,5.50,,,,mccredit,Capture Request bookingId 113622,52,,,,,,,
TurbiBR,TurbiBRCOM,1535428878117429,Authorise Request bookingId 114176,mc,2018-11-23 02:40:56,BRST,SettledInstallment,4635429480032264,BRL,,122.86,1,BRL,,0.00,3.38,,,,mccredit,Capture Request bookingId 114176,52,,,,,,,
TurbiBR,TurbiBRCOM,4535429772364830,114238 | 8505122 | 125760 | 40 | FJC0776,mc,2018-11-23 13:13:32,BRST,SettledInstallment,4535429855624514,BRL,,30.00,1,BRL,,0.00,0.82,,,,mccredit,Capture Request bookingId 114238,52,,,,,,,
TurbiBR,TurbiBRCOM,4835422527809180,Authorise Request bookingId 113622,mc,2018-11-23 02:14:42,BRST,SettledInstallment,4335429464230564,BRL,,200.00,1,BRL,,0.00,5.50,,,,mccredit,Capture Request bookingId 113622,52,,,,,,,
TurbiBR,TurbiBRCOM,4535424255819145,Authorise Request bookingId 113622,mc,2018-11-23 02:14:42,BRST,SettledInstallment,4635429464230546,BRL,,15.40,1,BRL,,0.00,0.42,,,,mccredit,Capture Request bookingId 113622,52,,,,,,,
TurbiBR,TurbiBRCOM,4335429094553948,Authorise Request bookingId 114200,mc,2018-11-23 16:22:29,BRST,SettledInstallment,4535429966614651,BRL,,161.10,1,BRL,,156.67,4.43,,,,mccredit,Capture Request bookingId 114200,52,,,,,,,
TurbiBR,TurbiBRCOM,4525429993892355,114266 | 8523875 | 125788 | 9 | GEK9026,mc,2018-11-23 17:38:59,BRST,SettledInstallment,4325430017618166,BRL,,30.00,1,BRL,,0.00,0.82,,,,mccredit,Capture Request bookingId 114266,52,,,,,,,
TurbiBR,TurbiBRCOM,4725428794244046,Authorise Request bookingId 114169,mc,2018-11-23 02:40:47,BRST,SettledInstallment,1825429480039281,BRL,,170.34,1,BRL,,0.00,4.68,,,,mccredit,Capture Request bookingId 114169,52,,,,,,,
TurbiBR,TurbiBRCOM,4825427924632038,Authorise Request bookingId 114127,mc,2018-11-23 02:40:47,BRST,SettledInstallment,4625429480022242,BRL,,38.60,1,BRL,,0.00,1.06,,,,mccredit,Capture Request bookingId 114127,52,,,,,,,
TurbiBR,TurbiBRCOM,4525429933166712,114263 | 8525230 | 125785 | 36 | GFN9743,mc,2018-11-23 16:00:39,BRST,SettledInstallment,1325429957618448,BRL,,30.00,1,BRL,,0.00,0.82,,,,mccredit,Capture Request bookingId 114263,52,,,,,,,
TurbiBR,TurbiBRCOM,4725426352481877,Authorise Request bookingId 114028,mc,2018-11-23 02:30:57,BRST,SettledInstallment,4325429474119312,BRL,,305.10,1,BRL,,0.00,8.39,,,,mccredit,Capture Request bookingId 114028,52,,,,,,,
TurbiBR,TurbiBRCOM,4525429747532513,114236 | 8504109 | 125758 | 18 | FKD0105,mc,2018-11-23 14:43:23,BRST,SettledInstallment,1325429912616073,BRL,,39.85,1,BRL,,0.00,1.10,,,,mccredit,Capture Request bookingId 114236,52,,,,,,,
TurbiBR,TurbiBRCOM,1325428770011278,Authorise Request bookingId 114168,mc,2018-11-23 02:40:47,BRST,SettledInstallment,1325429480031333,BRL,,185.26,1,BRL,,0.00,5.09,,,,mccredit,Capture Request bookingId 114168,52,,,,,,,
TurbiBR,TurbiBRCOM,1625429741867472,114235 | 8498954 | 125757 | 16 | FVN6927,mc,2018-11-23 17:08:37,BRST,SettledInstallment,4325429996618288,BRL,,96.82,1,BRL,,0.00,2.66,,,,mccredit,Capture Request bookingId 114235,52,,,,,,,
TurbiBR,TurbiBRCOM,1725429173071634,Authorise Request bookingId 114214,mc,2018-11-23 02:40:48,BRST,SettledInstallment,1725429480031552,BRL,,38.25,1,BRL,,0.00,1.05,,,,mccredit,Capture Request bookingId 114214,52,,,,,,,
TurbiBR,TurbiBRCOM,4625429158143379,Authorise Request bookingId 114207,mc,2018-11-23 02:40:47,BRST,SettledInstallment,4725429480033800,BRL,,33.84,1,BRL,,0.00,0.93,,,,mccredit,Capture Request bookingId 114207,52,,,,,,,
TurbiBR,TurbiBRCOM,1325428884517475,Authorise Request bookingId 114178,mc,2018-11-23 02:40:47,BRST,SettledInstallment,4825429480033775,BRL,,34.12,1,BRL,,0.00,0.94,,,,mccredit,Capture Request bookingId 114178,52,,,,,,,
TurbiBR,TurbiBRCOM,4825428096030795,Authorise Request bookingId 114138,mc,2018-11-23 02:40:47,BRST,SettledInstallment,4725429480023744,BRL,,30.00,1,BRL,,0.00,0.82,,,,mccredit,Capture Request bookingId 114138,52,,,,,,,
TurbiBR,TurbiBRCOM,1725428856512641,Authorise Request bookingId 114173,mc,2018-11-23 02:40:47,BRST,SettledInstallment,1325429480036654,BRL,,105.57,1,BRL,,0.00,2.90,,,,mccredit,Capture Request bookingId 114173,52,,,,,,,
TurbiBR,TurbiBRCOM,4525429993892355,114266 | 8523875 | 125788 | 9 | GEK9026,mc,2018-11-23 18:08:47,BRST,RefundedInstallment,1625430036674946,BRL,30.00,,1,BRL,30.00,,,,,,mccredit,Refund Request bookingId 114266,52,,,,,,,
TurbiBR,TurbiBRCOM,4645430017460208,114270 | 8520935 | 125792 | 22 | FWL2173,mc,2018-11-23 23:51:54,BRST,SettledInstallment,4545430242618688,BRL,,95.86,1,BRL,,0.00,2.64,,,,mccredit,Capture Request bookingId 114270,52,,,,,,,
TurbiBR,TurbiBRCOM,4745430550550042,114306 | 8503146 | 125828 | 3 | GFF2698,mc,2018-11-24 12:11:52,BRST,SettledInstallment,4545430686613419,BRL,,70.50,1,BRL,,0.00,1.94,,,,mccredit,Capture Request bookingId 114306,52,,,,,,,
TurbiBR,TurbiBRCOM,4645430633569457,114328 | 8738 | 125851 | 7 | GCW5563,mc,2018-11-24 13:12:00,BRST,SettledInstallment,4545430722612748,BRL,,100.00,1,BRL,,0.00,2.75,,,,mccredit,Capture Request bookingId 114328,52,,,,,,,
TurbiBR,TurbiBRCOM,1545430602395402,114323 | 8524425 | 125846 | 55 | FKS8658,mc,2018-11-24 15:21:59,BRST,SettledInstallment,1645430800619305,BRL,,32.91,1,BRL,,0.00,0.90,,,,mccredit,Capture Request bookingId 114323,52,,,,,,,
TurbiBR,TurbiBRCOM,1545430583656392,114318 | 8503444 | 125840 | 31 | GDQ9684,mc,2018-11-24 12:46:54,BRST,SettledInstallment,1745430707616205,BRL,,31.84,1,BRL,,0.00,0.88,,,,mccredit,Capture Request bookingId 114318,52,,,,,,,
TurbiBR,TurbiBRCOM,4645430619392486,114326 | 8497576 | 125849 | 41 | FCC3441,mc,2018-11-24 15:06:51,BRST,SettledInstallment,1545430791617152,BRL,,61.95,1,BRL,,0.00,1.70,,,,mccredit,Capture Request bookingId 114326,52,,,,,,,
TurbiBR,TurbiBRCOM,4545430812334492,114371 | 8508194 | 125894 | 8 | GCE1566,mc,2018-11-24 18:46:45,BRST,SettledInstallment,4645430923622099,BRL,,129.67,1,BRL,,0.00,3.57,,,,mccredit,Capture Request bookingId 114371,52,,,,,,,
TurbiBR,TurbiBRCOM,4845430663832997,114336 | 8500039 | 125859 | 29 | GKH1148,mc,2018-11-24 20:01:54,BRST,SettledInstallment,4645430968609662,BRL,,106.87,1,BRL,,0.00,2.94,,,,mccredit,Capture Request bookingId 114336,52,,,,,,,
TurbiBR,TurbiBRCOM,4345430805262769,114369 | 8505798 | 125892 | 10 | FQR9974,mc,2018-11-24 20:41:44,BRST,SettledInstallment,1645430992622034,BRL,,61.96,1,BRL,,0.00,1.70,,,,mccredit,Capture Request bookingId 114369,52,,,,,,,
TurbiBR,TurbiBRCOM,4845430774058227,114363 | 8498012 | 125886 | 9 | GEK9026,mc,2018-11-24 19:41:55,BRST,SettledInstallment,1845430956614975,BRL,,51.73,1,BRL,,0.00,1.42,,,,mccredit,Capture Request bookingId 114363,52,,,,,,,
TurbiBR,TurbiBRCOM,4635429166771938,Authorise Request bookingId 114211,mc,2018-11-24 14:34:10,BRST,RefundedInstallment,1635430772017266,BRL,30.00,,1,BRL,30.00,,,,,,mccredit,Refund Request bookingId 114211,52,,,,,,,
TurbiBR,TurbiBRCOM,4835430190603905,114293 | 8502152 | 125815 | 3 | GFF2698,mc,2018-11-24 01:26:39,BRST,SettledInstallment,4635430299606694,BRL,,44.18,1,BRL,,0.00,1.22,,,,mccredit,Capture Request bookingId 114293,52,,,,,,,
TurbiBR,TurbiBRCOM,4335430037206586,114271 | 8497282 | 125793 | 16 | FVN6927,mc,2018-11-24 10:16:52,BRST,SettledInstallment,1835430617614903,BRL,,147.08,1,BRL,,0.00,4.04,,,,mccredit,Capture Request bookingId 114271,52,,,,,,,
TurbiBR,TurbiBRCOM,1835430803813293,114368 | 8506107 | 125891 | 4 | GIE2734,mc,2018-11-24 16:01:51,BRST,SettledInstallment,4335430824615551,BRL,,50.00,1,BRL,,0.00,1.38,,,,mccredit,Capture Request bookingId 114368,52,,,,,,,
TurbiBR,TurbiBRCOM,4835430725817053,114351 | 8507945 | 125874 | 18 | FKD0105,mc,2018-11-24 17:36:59,BRST,SettledInstallment,1635430881618681,BRL,,45.84,1,BRL,,0.00,1.26,,,,mccredit,Capture Request bookingId 114351,52,,,,,,,
TurbiBR,TurbiBRCOM,4835430670739070,114338 | 8504633 | 125861 | 20 | FUD3683,mc,2018-11-24 15:56:52,BRST,SettledInstallment,1635430821611341,BRL,,40.95,1,BRL,,0.00,1.13,,,,mccredit,Capture Request bookingId 114338,52,,,,,,,
TurbiBR,TurbiBRCOM,4535430824519934,114373 | 8506107 | 125896 | 4 | GIE2734,mc,2018-11-24 20:46:53,BRST,SettledInstallment,1635430995603793,BRL,,82.67,1,BRL,,0.00,2.27,,,,mccredit,Capture Request bookingId 114373,52,,,,,,,
TurbiBR,TurbiBRCOM,1335430635682986,114329 | 8521957 | 125852 | 16 | FVN6927,mc,2018-11-24 19:56:49,BRST,SettledInstallment,1635430965619522,BRL,,119.42,1,BRL,,0.00,3.28,,,,mccredit,Capture Request bookingId 114329,52,,,,,,,
TurbiBR,TurbiBRCOM,1735430490358421,114297 | 8496237 | 125819 | 13 | FXH7648,mc,2018-11-24 09:41:56,BRST,SettledInstallment,4835430596628621,BRL,,31.49,1,BRL,,0.00,0.87,,,,mccredit,Capture Request bookingId 114297,52,,,,,,,
TurbiBR,TurbiBRCOM,4515430179103445,114292 | 8500509 | 125814 | 1 | GDC4895,mc,2018-11-23 23:16:45,BRST,SettledInstallment,1815430221616637,BRL,,50.00,1,BRL,,0.00,1.38,,,,mccredit,Capture Request bookingId 114292,52,,,,,,,
TurbiBR,TurbiBRCOM,1715430121210888,114281 | 8473 | 125803 | 68 | GFT7592,mc,2018-11-23 22:06:58,BRST,SettledInstallment,4315430179616950,BRL,,30.00,1,BRL,,0.00,0.82,,,,mccredit,Capture Request bookingId 114281,52,,,,,,,
TurbiBR,TurbiBRCOM,4615430072546210,114278 | 8523238 | 125800 | 10 | FQR9974,mc,2018-11-24 01:46:46,BRST,SettledInstallment,4515430311613749,BRL,,72.14,1,BRL,,0.00,1.98,,,,mccredit,Capture Request bookingId 114278,52,,,,,,,
TurbiBR,TurbiBRCOM,4715428303663829,Authorise Request bookingId 114156,mc,2018-11-23 21:21:49,BRST,SettledInstallment,1315430152615512,BRL,,706.71,1,BRL,,0.00,19.43,,,,mccredit,Capture Request bookingId 114156,52,,,,,,,
TurbiBR,TurbiBRCOM,4515429171958715,Authorise Request bookingId 114212,mc,2018-11-24 16:36:58,BRST,SettledInstallment,1815430845614323,BRL,,297.80,1,BRL,,289.61,8.19,,,,mccredit,Capture Request bookingId 114212,52,,,,,,,
TurbiBR,TurbiBRCOM,4515430562615450,114310 | 8524825 | 125832 | 61 | GCE7705,mc,2018-11-24 09:11:47,BRST,SettledInstallment,4515430578609661,BRL,,96.00,1,BRL,,0.00,2.64,,,,mccredit,Capture Request bookingId 114310,52,,,,,,,
TurbiBR,TurbiBRCOM,1615430193375131,114294 | 8503822 | 125816 | 51 | FQH5224,mc,2018-11-24 03:26:58,BRST,SettledInstallment,4515430371603184,BRL,,40.49,1,BRL,,0.00,1.11,,,,mccredit,Capture Request bookingId 114294,52,,,,,,,
TurbiBR,TurbiBRCOM,1815430339805973,114296 | 8503217 | 125818 | 41 | FCC3441,mc,2018-11-24 04:21:51,BRST,SettledInstallment,4515430404619314,BRL,,30.00,1,BRL,,0.00,0.82,,,,mccredit,Capture Request bookingId 114296,52,,,,,,,
TurbiBR,TurbiBRCOM,1315430581738182,114317 | 8522462 | 125839 | 42 | GCE5762,mc,2018-11-24 13:01:57,BRST,SettledInstallment,1615430716614081,BRL,,47.61,1,BRL,,0.00,1.31,,,,mccredit,Capture Request bookingId 114317,52,,,,,,,
TurbiBR,TurbiBRCOM,4615430597417046,114322 | 8496367 | 125845 | 59 | GFT1399,mc,2018-11-24 17:21:59,BRST,SettledInstallment,1815430872603371,BRL,,82.21,1,BRL,,79.95,2.26,,,,mccredit,Capture Request bookingId 114322,52,,,,,,,
TurbiBR,TurbiBRCOM,1615430156743945,114284 | 8522852 | 125806 | 67 | FVV7524,mc,2018-11-24 17:21:59,BRST,SettledInstallment,4515430872618863,BRL,,69.07,1,BRL,,67.17,1.90,,,,mccredit,Capture Request bookingId 114284,52,,,,,,,
TurbiBR,TurbiBRCOM,1715430894540750,114381 | 8510380 | 125904 | 55 | FKS8658,mc,2018-11-24 18:06:52,BRST,SettledInstallment,4515430899615413,BRL,,96.00,1,BRL,,93.36,2.64,,,,mccredit,Capture Request bookingId 114381,52,,,,,,,
TurbiBR,TurbiBRCOM,4615430639675627,114330 | 8500156 | 125853 | 51 | FQH5224,mc,2018-11-24 20:46:43,BRST,SettledInstallment,4715430995600218,BRL,,94.20,1,BRL,,91.61,2.59,,,,mccredit,Capture Request bookingId 114330,52,,,,,,,
TurbiBR,TurbiBRCOM,4715430823331192,114372 | 8499314 | 125895 | 20 | FUD3683,mc,2018-11-24 20:11:44,BRST,SettledInstallment,4815430974628114,BRL,,51.99,1,BRL,,50.56,1.43,,,,mccredit,Capture Request bookingId 114372,52,,,,,,,
TurbiBR,TurbiBRCOM,1815430903515735,114383 | 8523499 | 125906 | 73 | FYM4531,mc,2018-11-24 20:46:43,BRST,SettledInstallment,1315430995600036,BRL,,30.00,1,BRL,,29.18,0.82,,,,mccredit,Capture Request bookingId 114383,52,,,,,,,
TurbiBR,TurbiBRCOM,1715430894540750,114381 | 8510380 | 125904 | 55 | FKS8658,mc,2018-11-24 18:16:57,BRST,RefundedInstallment,4715430905719165,BRL,96.00,,1,BRL,96.00,,,,,,mccredit,Refund Request bookingId 114381,52,,,,,,,
TurbiBR,TurbiBRCOM,1625430114196119,114280 | 8496513 | 125802 | 29 | GKH1148,mc,2018-11-24 02:46:54,BRST,SettledInstallment,1625430347610985,BRL,,66.29,1,BRL,,0.00,1.82,,,,mccredit,Capture Request bookingId 114280,52,,,,,,,
TurbiBR,TurbiBRCOM,1625430003381566,114267 | 8502890 | 125789 | 41 | FCC3441,mc,2018-11-23 22:06:51,BRST,SettledInstallment,4525430179615339,BRL,,44.30,1,BRL,,0.00,1.22,,,,mccredit,Capture Request bookingId 114267,52,,,,,,,
TurbiBR,TurbiBRCOM,4625430047415069,114273 | 8497455 | 125795 | 17 | GGF3956,mc,2018-11-23 23:26:54,BRST,SettledInstallment,4525430227624150,BRL,,52.84,1,BRL,,0.00,1.45,,,,mccredit,Capture Request bookingId 114273,52,,,,,,,
TurbiBR,TurbiBRCOM,4725430613398367,114325 | 8500156 | 125848 | 51 | FQH5224,mc,2018-11-24 10:46:44,BRST,SettledInstallment,1525430635613601,BRL,,30.00,1,BRL,,0.00,0.82,,,,mccredit,Capture Request bookingId 114325,52,,,,,,,
TurbiBR,TurbiBRCOM,4325430168794519,114289 | 8496191 | 125811 | 37 | GHQ9495,mc,2018-11-24 03:26:51,BRST,SettledInstallment,4625430371603041,BRL,,49.64,1,BRL,,0.00,1.37,,,,mccredit,Capture Request bookingId 114289,52,,,,,,,
TurbiBR,TurbiBRCOM,1725429808722320,114243 | 8496712 | 125765 | 13 | FXH7648,mc,2018-11-23 23:46:43,BRST,SettledInstallment,4625430239617670,BRL,,93.70,1,BRL,,0.00,2.58,,,,mccredit,Capture Request bookingId 114243,52,,,,,,,
TurbiBR,TurbiBRCOM,1525430763083080,114361 | 8498012 | 125884 | 9 | GEK9026,mc,2018-11-24 14:36:53,BRST,SettledInstallment,1525430773615541,BRL,,30.00,1,BRL,,0.00,0.82,,,,mccredit,Capture Request bookingId 114361,52,,,,,,,
TurbiBR,TurbiBRCOM,1325430522109863,114298 | 8501653 | 125820 | 9 | GEK9026,mc,2018-11-24 13:51:55,BRST,SettledInstallment,1625430746602807,BRL,,109.42,1,BRL,,0.00,3.01,,,,mccredit,Capture Request bookingId 114298,52,,,,,,,
TurbiBR,TurbiBRCOM,1825430798976180,114367 | 8504940 | 125890 | 8 | GCE1566,mc,2018-11-24 15:26:48,BRST,SettledInstallment,1325430803603790,BRL,,100.00,1,BRL,,0.00,2.75,,,,mccredit,Capture Request bookingId 114367,52,,,,,,,
TurbiBR,TurbiBRCOM,4725430669220978,114337 | 8501800 | 125860 | 40 | FJC0776,mc,2018-11-24 14:46:57,BRST,SettledInstallment,4825430779611495,BRL,,31.07,1,BRL,,0.00,0.85,,,,mccredit,Capture Request bookingId 114337,52,,,,,,,
TurbiBR,TurbiBRCOM,1525430572275786,114314 | 8498903 | 125836 | 23 | FLQ7676,mc,2018-11-24 15:26:48,BRST,SettledInstallment,1725430803605148,BRL,,147.61,1,BRL,,0.00,4.06,,,,mccredit,Capture Request bookingId 114314,52,,,,,,,
TurbiBR,TurbiBRCOM,1725430740772647,114356 | 8505884 | 125879 | 70 | FJV8602,mc,2018-11-24 20:51:54,BRST,SettledInstallment,4625430998605148,BRL,,83.37,1,BRL,,0.00,2.29,,,,mccredit,Capture Request bookingId 114356,52,,,,,,,
TurbiBR,TurbiBRCOM,1525430736208285,114353 | 8502851 | 125876 | 42 | GCE5762,mc,2018-11-24 20:21:51,BRST,SettledInstallment,4825430980612001,BRL,,71.03,1,BRL,,0.00,1.95,,,,mccredit,Capture Request bookingId 114353,52,,,,,,,
TurbiBR,TurbiBRCOM,1525429691351700,114232 | 8507375 | 125754 | 61 | GCE7705,mc,2018-11-23 22:26:58,BRST,SettledInstallment,4725430191614136,BRL,,135.32,1,BRL,,0.00,3.72,,,,mccredit,Capture Request bookingId 114232,52,,,,,,,
TurbiBR,TurbiBRCOM,1525430763083080,114361 | 8498012 | 125884 | 9 | GEK9026,mc,2018-11-24 15:27:01,BRST,RefundedInstallment,1825430803672063,BRL,30.00,,1,BRL,30.00,,,,,,mccredit,Refund Request bookingId 114361,52,,,,,,,
TurbiBR,TurbiBRCOM,1825430798976180,114367 | 8504940 | 125890 | 8 | GCE1566,mc,2018-11-24 15:30:36,BRST,RefundedInstallment,4625430805842413,BRL,100.00,,1,BRL,100.00,,,,,,mccredit,Refund Request bookingId 114367,52,,,,,,,
TurbiBR,TurbiBRCOM,4725430613398367,114325 | 8500156 | 125848 | 51 | FQH5224,mc,2018-11-24 10:53:48,BRST,RefundedInstallment,1525430639839731,BRL,30.00,,1,BRL,30.00,,,,,,mccredit,Refund Request bookingId 114325,52,,,,,,,
TurbiBR,TurbiBRCOM,4315430856887536,114379 | 8506985 | 125902 | 58 | GIV7241,mc,2018-11-24 22:46:43,BRST,SettledInstallment,4515431067609402,BRL,,55.49,1,BRL,,0.00,1.53,,,,mccredit,Capture Request bookingId 114379,52,,,,,,,
TurbiBR,TurbiBRCOM,4715430834188581,114375 | 8507186 | 125898 | 1 | GDC4895,mc,2018-11-24 22:11:43,BRST,SettledInstallment,4615431046617418,BRL,,88.45,1,BRL,,0.00,2.43,,,,mccredit,Capture Request bookingId 114375,52,,,,,,,
TurbiBR,TurbiBRCOM,1515430826412260,114374 | 8503217 | 125897 | 40 | FJC0776,mc,2018-11-25 02:01:54,BRST,SettledInstallment,1515431184616302,BRL,,87.96,1,BRL,,0.00,2.42,,,,mccredit,Capture Request bookingId 114374,52,,,,,,,
TurbiBR,TurbiBRCOM,4515431450729585,114408 | 8499292 | 125931 | 3 | GFF2698,mc,2018-11-25 11:51:47,BRST,SettledInstallment,1715431538607476,BRL,,66.36,1,BRL,,0.00,1.82,,,,mccredit,Capture Request bookingId 114408,52,,,,,,,
TurbiBR,TurbiBRCOM,4715431571592712,114445 | 8524060 | 125968 | 66 | GHH6346,mc,2018-11-25 18:27:27,BRST,SettledInstallment,4615431775620633,BRL,,57.16,1,BRL,,0.00,1.57,,,,mccredit,Capture Request bookingId 114445,52,,,,,,,
TurbiBR,TurbiBRCOM,4515430163609589,114287 | 8508063 | 125809 | 63 | FMZ7695,mc,2018-11-25 18:37:18,BRST,SettledInstallment,1515431781628213,BRL,,216.10,1,BRL,,0.00,5.94,,,,mccredit,Capture Request bookingId 114287,52,,,,,,,
TurbiBR,TurbiBRCOM,1615430682131581,114341 | 8508807 | 125864 | 22 | FWL2173,mc,2018-11-24 21:26:49,BRST,SettledInstallment,4815431019628283,BRL,,432.77,1,BRL,,0.00,11.90,,,,mccredit,Capture Request bookingId 114341,52,,,,,,,
TurbiBR,TurbiBRCOM,1315431472092879,114414 | 8498135 | 125937 | 37 | GHQ9495,mc,2018-11-25 18:46:46,BRST,SettledInstallment,1515431787626526,BRL,,87.70,1,BRL,,0.00,2.41,,,,mccredit,Capture Request bookingId 114414,52,,,,,,,
TurbiBR,TurbiBRCOM,1315431579218195,114449 | 8503702 | 125972 | 9 | GEK9026,mc,2018-11-25 16:56:51,BRST,SettledInstallment,4515431721609772,BRL,,48.55,1,BRL,,0.00,1.34,,,,mccredit,Capture Request bookingId 114449,52,,,,,,,
TurbiBR,TurbiBRCOM,1315431521986535,114425 | 8506107 | 125948 | 4 | GIE2734,mc,2018-11-25 19:41:49,BRST,SettledInstallment,1715431820611798,BRL,,143.47,1,BRL,,0.00,3.95,,,,mccredit,Capture Request bookingId 114425,52,,,,,,,
TurbiBR,TurbiBRCOM,4615431484370694,114416 | 8500884 | 125939 | 53 | GGQ1493,mc,2018-11-25 19:51:53,BRST,SettledInstallment,1815431826627748,BRL,,97.64,1,BRL,,0.00,2.69,,,,mccredit,Capture Request bookingId 114416,52,,,,,,,
TurbiBR,TurbiBRCOM,1615431772155605,114465 | 8510010 | 125988 | 18 | FKD0105,mc,2018-11-25 20:16:47,BRST,SettledInstallment,4715431841610039,BRL,,30.00,1,BRL,,0.00,0.82,,,,mccredit,Capture Request bookingId 114465,52,,,,,,,
TurbiBR,TurbiBRCOM,4715431609937459,114452 | 8845 | 125975 | 25 | GJA7687,mc,2018-11-25 18:21:51,BRST,SettledInstallment,1515431772614503,BRL,,85.39,1,BRL,,0.00,2.35,,,,mccredit,Capture Request bookingId 114452,52,,,,,,,
TurbiBR,TurbiBRCOM,1635430888860526,114380 | 8503574 | 125903 | 25 | GJA7687,mc,2018-11-24 21:21:49,BRST,SettledInstallment,1335431016616718,BRL,,57.96,1,BRL,,0.00,1.59,,,,mccredit,Capture Request bookingId 114380,52,,,,,,,
TurbiBR,TurbiBRCOM,1635430741598396,114357 | 8510170 | 125880 | 71 | GEJ2081,mc,2018-11-24 23:16:49,BRST,SettledInstallment,4835431085629476,BRL,,226.22,1,BRL,,0.00,6.22,,,,mccredit,Capture Request bookingId 114357,52,,,,,,,
TurbiBR,TurbiBRCOM,1835431528872226,114430 | 8524783 | 125953 | 47 | GET4023,mc,2018-11-25 12:16:58,BRST,SettledInstallment,4835431553613911,BRL,,30.00,1,BRL,,0.00,0.82,,,,mccredit,Capture Request bookingId 114430,52,,,,,,,
TurbiBR,TurbiBRCOM,4535431569063013,114443 | 8502131 | 125966 | 69 | GJT1128,mc,2018-11-25 14:41:46,BRST,SettledInstallment,1735431640619183,BRL,,30.00,1,BRL,,0.00,0.82,,,,mccredit,Capture Request bookingId 114443,52,,,,,,,
TurbiBR,TurbiBRCOM,4835430982505656,114392 | 8524546 | 125915 | 38 | GDT7856,mc,2018-11-25 12:56:50,BRST,SettledInstallment,4835431577617492,BRL,,103.04,1,BRL,,0.00,2.83,,,,mccredit,Capture Request bookingId 114392,52,,,,,,,
TurbiBR,TurbiBRCOM,1335429859923464,114253 | 8502715 | 125775 | 57 | FXD8307,mc,2018-11-25 13:26:54,BRST,SettledInstallment,1635431595602888,BRL,,188.60,1,BRL,,0.00,5.19,,,,mccredit,Capture Request bookingId 114253,52,,,,,,,
TurbiBR,TurbiBRCOM,4735430743279154,114358 | 8497163 | 125881 | 34 | GAK2624,mc,2018-11-25 12:56:50,BRST,SettledInstallment,1835431577610931,BRL,,181.32,1,BRL,,0.00,4.99,,,,mccredit,Capture Request bookingId 114358,52,,,,,,,
TurbiBR,TurbiBRCOM,4635431551316766,114435 | 8502082 | 125958 | 18 | FKD0105,mc,2018-11-25 16:32:01,BRST,SettledInstallment,4735431706626894,BRL,,50.36,1,BRL,,0.00,1.38,,,,mccredit,Capture Request bookingId 114435,52,,,,,,,
TurbiBR,TurbiBRCOM,1535429981412566,114265 | 8525230 | 125787 | 36 | GFN9743,mc,2018-11-25 19:31:47,BRST,SettledInstallment,4335431814612798,BRL,,205.19,1,BRL,,0.00,5.64,,,,mccredit,Capture Request bookingId 114265,52,,,,,,,
TurbiBR,TurbiBRCOM,1735431679338663,114456 | 8496243 | 125979 | 26 | GJJ0014,mc,2018-11-25 19:11:49,BRST,SettledInstallment,1335431802627705,BRL,,60.56,1,BRL,,0.00,1.67,,,,mccredit,Capture Request bookingId 114456,52,,,,,,,
TurbiBR,TurbiBRCOM,4835431586941131,114450 | 8506537 | 125973 | 27 | GIE0915,mc,2018-11-25 16:06:52,BRST,SettledInstallment,1835431691609959,BRL,,113.67,1,BRL,,0.00,3.13,,,,mccredit,Capture Request bookingId 114450,52,,,,,,,
TurbiBR,TurbiBRCOM,4635429909240605,114259 | 8524333 | 125781 | 5 | FSN3833,mc,2018-11-25 20:21:47,BRST,SettledInstallment,1335431844603151,BRL,,484.16,1,BRL,,0.00,13.31,,,,mccredit,Capture Request bookingId 114259,52,,,,,,,
TurbiBR,TurbiBRCOM,1535431073400558,114399 | 8505019 | 125922 | 73 | FYM4531,mc,2018-11-25 00:21:43,BRST,SettledInstallment,4535431124611637,BRL,,30.00,1,BRL,,0.00,0.82,,,,mccredit,Capture Request bookingId 114399,52,,,,,,,
TurbiBR,TurbiBRCOM,1335430623143405,114327 | 8500146 | 125850 | 66 | GHH6346,mc,2018-11-25 10:31:51,BRST,SettledInstallment,1835431490616692,BRL,,246.85,1,BRL,,0.00,6.79,,,,mccredit,Capture Request bookingId 114327,52,,,,,,,
TurbiBR,TurbiBRCOM,1845430656434484,114334 | 8919 | 125857 | 69 | GJT1128,mc,2018-11-24 22:51:51,BRST,SettledInstallment,4645431070619169,BRL,,110.64,1,BRL,,0.00,3.04,,,,mccredit,Capture Request bookingId 114334,52,,,,,,,
TurbiBR,TurbiBRCOM,1345430651348072,114332 | 8498115 | 125855 | 46 | FZP6949,mc,2018-11-24 22:46:48,BRST,SettledInstallment,4745431067605279,BRL,,132.70,1,BRL,,0.00,3.65,,,,mccredit,Capture Request bookingId 114332,52,,,,,,,
TurbiBR,TurbiBRCOM,1845430941448497,114385 | 8525326 | 125908 | 53 | GGQ1493,mc,2018-11-24 23:01:48,BRST,SettledInstallment,4345431076625031,BRL,,25.09,1,BRL,,0.00,0.69,,,,mccredit,Capture Request bookingId 114385,52,,,,,,,
TurbiBR,TurbiBRCOM,4745430577164371,114316 | 8524825 | 125838 | 61 | GCE7705,mc,2018-11-25 10:21:56,BRST,SettledInstallment,4845431484613194,BRL,,115.48,1,BRL,,0.00,3.18,,,,mccredit,Capture Request bookingId 114316,52,,,,,,,
TurbiBR,TurbiBRCOM,4345429874990441,114256 | 8504304 | 125778 | 60 | GJQ7911,mc,2018-11-25 15:31:55,BRST,SettledInstallment,4545431670625476,BRL,,347.16,1,BRL,,0.00,9.55,,,,mccredit,Capture Request bookingId 114256,52,,,,,,,
TurbiBR,TurbiBRCOM,4745431553843699,114437 | 8505830 | 125960 | 2 | FXT8846,mc,2018-11-25 16:01:54,BRST,SettledInstallment,4845431688604593,BRL,,72.28,1,BRL,,0.00,1.99,,,,mccredit,Capture Request bookingId 114437,52,,,,,,,
TurbiBR,TurbiBRCOM,4545431191557133,114400 | 8509582 | 125923 | 10 | FQR9974,mc,2018-11-25 03:51:49,BRST,SettledInstallment,4745431250600509,BRL,,30.00,1,BRL,,0.00,0.82,,,,mccredit,Capture Request bookingId 114400,52,,,,,,,
TurbiBR,TurbiBRCOM,4645431500431417,114418 | 8135 | 125941 | 62 | GJR9212,mc,2018-11-25 16:51:56,BRST,SettledInstallment,1745431718606573,BRL,,61.95,1,BRL,,0.00,1.70,,,,mccredit,Capture Request bookingId 114418,52,,,,,,,
TurbiBR,TurbiBRCOM,4745431454122516,114409 | 8499619 | 125932 | 42 | GCE5762,mc,2018-11-25 17:26:43,BRST,SettledInstallment,1545431739606158,BRL,,71.74,1,BRL,,0.00,1.97,,,,mccredit,Capture Request bookingId 114409,52,,,,,,,
TurbiBR,TurbiBRCOM,1745431468717455,114412 | 8498825 | 125935 | 58 | GIV7241,mc,2018-11-25 18:41:55,BRST,SettledInstallment,1845431784622487,BRL,,57.12,1,BRL,,0.00,1.57,,,,mccredit,Capture Request bookingId 114412,52,,,,,,,
TurbiBR,TurbiBRCOM,1345431525337002,114429 | 8499216 | 125952 | 20 | FUD3683,mc,2018-11-25 20:21:51,BRST,SettledInstallment,1845431844613773,BRL,,84.20,1,BRL,,0.00,2.32,,,,mccredit,Capture Request bookingId 114429,52,,,,,,,
TurbiBR,TurbiBRCOM,4345431567778802,114441 | 8524059 | 125964 | 25 | GJA7687,mc,2018-11-25 12:46:46,BRST,SettledInstallment,4345431571618739,BRL,,15.00,1,BRL,,0.00,0.41,,,,mccredit,Capture Request bookingId 114441,52,,,,,,,
TurbiBR,TurbiBRCOM,1345431477471361,114415 | 8509185 | 125938 | 29 | GKH1148,mc,2018-11-25 19:41:50,BRST,SettledInstallment,4745431820607034,BRL,,199.50,1,BRL,,0.00,5.49,,,,mccredit,Capture Request bookingId 114415,52,,,,,,,
TurbiBR,TurbiBRCOM,1645431569856609,114444 | 8524783 | 125967 | 47 | GET4023,mc,2018-11-25 20:26:52,BRST,SettledInstallment,4345431847609959,BRL,,162.61,1,BRL,,0.00,4.47,,,,mccredit,Capture Request bookingId 114444,52,,,,,,,
TurbiBR,TurbiBRCOM,1745431469962373,114413 | 8509904 | 125936 | 45 | GHS1618,mc,2018-11-25 20:11:47,BRST,SettledInstallment,4545431838623835,BRL,,83.70,1,BRL,,0.00,2.30,,,,mccredit,Capture Request bookingId 114413,52,,,,,,,
TurbiBR,TurbiBRCOM,1825430689630235,114342 | 8524361 | 125865 | 26 | GJJ0014,mc,2018-11-24 22:26:51,BRST,SettledInstallment,1325431055601466,BRL,,179.73,1,BRL,,0.00,4.94,,,,mccredit,Capture Request bookingId 114342,52,,,,,,,
TurbiBR,TurbiBRCOM,1325430746993803,114359 | 8505586 | 125882 | 13 | FXH7648,mc,2018-11-25 15:46:53,BRST,SettledInstallment,4725431679624308,BRL,,232.57,1,BRL,,0.00,6.40,,,,mccredit,Capture Request bookingId 114359,52,,,,,,,
TurbiBR,TurbiBRCOM,4325431427534266,114406 | 8496306 | 125929 | 16 | FVN6927,mc,2018-11-25 10:31:49,BRST,SettledInstallment,1725431490619764,BRL,,27.00,1,BRL,,0.00,0.74,,,,mccredit,Capture Request bookingId 114406,52,,,,,,,
TurbiBR,TurbiBRCOM,1725431560195133,114438 | 8504192 | 125961 | 10 | FQR9974,mc,2018-11-25 16:11:48,BRST,SettledInstallment,1325431694626056,BRL,,43.73,1,BRL,,0.00,1.20,,,,mccredit,Capture Request bookingId 114438,52,,,,,,,
TurbiBR,TurbiBRCOM,4525430850667732,114378 | 8521304 | 125901 | 41 | FCC3441,mc,2018-11-25 01:51:51,BRST,SettledInstallment,1825431178605688,BRL,,85.70,1,BRL,,0.00,2.36,,,,mccredit,Capture Request bookingId 114378,52,,,,,,,
TurbiBR,TurbiBRCOM,1725430716478419,114349 | 8504391 | 125872 | 64 | GGW0873,mc,2018-11-25 16:36:50,BRST,SettledInstallment,4525431709605246,BRL,,231.46,1,BRL,,0.00,6.37,,,,mccredit,Capture Request bookingId 114349,52,,,,,,,
TurbiBR,TurbiBRCOM,1725431679217711,114455 | 8521791 | 125978 | 24 | FPI7484,mc,2018-11-25 18:21:58,BRST,SettledInstallment,1325431772612986,BRL,,53.93,1,BRL,,0.00,1.48,,,,mccredit,Capture Request bookingId 114455,52,,,,,,,
TurbiBR,TurbiBRCOM,1825431463856517,114411 | 8508669 | 125934 | 41 | FCC3441,mc,2018-11-25 17:32:48,BRST,SettledInstallment,1325431742623824,BRL,,77.18,1,BRL,,0.00,2.12,,,,mccredit,Capture Request bookingId 114411,52,,,,,,,
TurbiBR,TurbiBRCOM,4525431533478166,114433 | 8506248 | 125956 | 22 | FWL2173,mc,2018-11-25 15:56:57,BRST,SettledInstallment,1525431685611149,BRL,,151.69,1,BRL,,0.00,4.17,,,,mccredit,Capture Request bookingId 114433,52,,,,,,,
TurbiBR,TurbiBRCOM,4825431008505292,114397 | 8510434 | 125920 | 51 | FQH5224,mc,2018-11-25 20:26:53,BRST,SettledInstallment,1525431847608322,BRL,,112.00,1,BRL,,0.00,3.08,,,,mccredit,Capture Request bookingId 114397,52,,,,,,,
TurbiBR,TurbiBRCOM,4615431731183957,114459 | 8497576 | 125982 | 40 | FJC0776,mc,2018-11-25 21:06:51,BRST,SettledInstallment,1715431871621381,BRL,,49.00,1,BRL,,0.00,1.35,,,,mccredit,Capture Request bookingId 114459,52,,,,,,,
TurbiBR,TurbiBRCOM,4515430696091636,114343 | 8504597 | 125866 | 65 | GCU7445,mc,2018-11-26 08:01:53,BRST,SettledInstallment,4815432264606834,BRL,,227.89,1,BRL,,0.00,6.27,,,,mccredit,Capture Request bookingId 114343,52,,,,,,,
TurbiBR,TurbiBRCOM,4515431432409371,114407 | 8505019 | 125930 | 73 | FYM4531,mc,2018-11-25 21:56:55,BRST,SettledInstallment,1615431901626757,BRL,,96.54,1,BRL,,0.00,2.65,,,,mccredit,Capture Request bookingId 114407,52,,,,,,,
TurbiBR,TurbiBRCOM,1815431498226530,114417 | 8508828 | 125940 | 16 | FVN6927,mc,2018-11-25 22:51:52,BRST,SettledInstallment,4615431934609980,BRL,,212.64,1,BRL,,0.00,5.85,,,,mccredit,Capture Request bookingId 114417,52,,,,,,,
TurbiBR,TurbiBRCOM,4815432492417921,114488 | 8496847 | 126011 | 26 | GJJ0014,mc,2018-11-26 16:36:47,BRST,SettledInstallment,4615432573608630,BRL,,88.43,1,BRL,,0.00,2.43,,,,mccredit,Capture Request bookingId 114488,52,,,,,,,
TurbiBR,TurbiBRCOM,1615429745817392,114225 | 8506064 | 125747 | 30 | FZV7646,mc,2018-11-26 15:26:52,BRST,SettledInstallment,1315432531625469,BRL,,52.21,1,BRL,,0.00,1.44,,,,mccredit,Capture Request bookingId 114225,52,,,,,,,
TurbiBR,TurbiBRCOM,4615432705549322,114509 | 8499220 | 126032 | 45 | GHS1618,mc,2018-11-26 20:56:50,BRST,SettledInstallment,1515432729622508,BRL,,30.00,1,BRL,,0.00,0.82,,,,mccredit,Capture Request bookingId 114509,52,,,,,,,
TurbiBR,TurbiBRCOM,4645431458297174,114410 | 8502431 | 125933 | 59 | GFT1399,mc,2018-11-25 22:01:49,BRST,SettledInstallment,4545431904613785,BRL,,166.70,1,BRL,,0.00,4.58,,,,mccredit,Capture Request bookingId 114410,52,,,,,,,
TurbiBR,TurbiBRCOM,1345432376451520,114482 | 8522232 | 126005 | 51 | FQH5224,mc,2018-11-26 14:31:51,BRST,SettledInstallment,1545432498613773,BRL,,32.24,1,BRL,,0.00,0.89,,,,mccredit,Capture Request bookingId 114482,52,,,,,,,
TurbiBR,TurbiBRCOM,1845431035819296,114324 | 8496827 | 125847 | 52 | FKC3114,mc,2018-11-26 10:11:57,BRST,SettledInstallment,1645432342610735,BRL,,32.02,1,BRL,,0.00,0.88,,,,mccredit,Capture Request bookingId 114324,52,,,,,,,
TurbiBR,TurbiBRCOM,4545427485618300,Authorise Request bookingId 113991,mc,2018-11-26 18:16:11,BRST,RefundedInstallment,1545432633122359,BRL,19.57,,1,BRL,19.57,,,,,,mccredit,Authorise Request bookingId 113991,52,,,,,,,
TurbiBR,TurbiBRCOM,4645432659238694,114500 | 8496984 | 126023 | 69 | GJT1128,mc,2018-11-26 19:22:01,BRST,SettledInstallment,1645432672604233,BRL,,30.00,1,BRL,,0.00,0.82,,,,mccredit,Capture Request bookingId 114500,52,,,,,,,
TurbiBR,TurbiBRCOM,1745432551610011,114492 | 8501872 | 126015 | 31 | GDQ9684,mc,2018-11-26 20:01:53,BRST,SettledInstallment,1645432696617328,BRL,,41.58,1,BRL,,0.00,1.14,,,,mccredit,Capture Request bookingId 114492,52,,,,,,,
TurbiBR,TurbiBRCOM,4345431597535552,114451 | 8496418 | 125974 | 34 | GAK2624,mc,2018-11-26 09:31:56,BRST,SettledInstallment,4845432318600951,BRL,,135.00,1,BRL,,0.00,3.71,,,,mccredit,Capture Request bookingId 114451,52,,,,,,,
TurbiBR,TurbiBRCOM,1545431854238480,114468 | 8522362 | 125991 | 63 | FMZ7695,mc,2018-11-25 23:16:51,BRST,SettledInstallment,4545431949614277,BRL,,32.56,1,BRL,,0.00,0.90,,,,mccredit,Capture Request bookingId 114468,52,,,,,,,
TurbiBR,TurbiBRCOM,4645430603714190,114324 | 8496827 | 125847 | 52 | FKC3114,mc,2018-11-26 10:11:57,BRST,SettledInstallment,4545432342614096,BRL,,400.00,1,BRL,,0.00,11.00,,,,mccredit,Capture Request bookingId 114324,52,,,,,,,
TurbiBR,TurbiBRCOM,4545427485618300,Authorise Request bookingId 113991,mc,2018-11-26 18:17:09,BRST,RefundedInstallment,1345432633736242,BRL,19.57,,1,BRL,19.57,,,,,,mccredit,Authorise Request bookingId 113991,52,,,,,,,
TurbiBR,TurbiBRCOM,1635431749370820,114462 | 8509538 | 125985 | 13 | FXH7648,mc,2018-11-25 23:16:42,BRST,SettledInstallment,1835431949615907,BRL,,53.23,1,BRL,,0.00,1.46,,,,mccredit,Capture Request bookingId 114462,52,,,,,,,
TurbiBR,TurbiBRCOM,1535429310064013,Authorise Request bookingId 114225,mc,2018-11-26 15:26:56,BRST,SettledInstallment,1635432531625371,BRL,,400.00,1,BRL,,0.00,11.00,,,,mccredit,Capture Request bookingId 114225,52,,,,,,,
TurbiBR,TurbiBRCOM,1335432424301273,114484 | 8524059 | 126007 | 23 | FLQ7676,mc,2018-11-26 12:31:54,BRST,SettledInstallment,1335432426611232,BRL,,288.00,1,BRL,,0.00,7.92,,,,mccredit,Capture Request bookingId 114484,52,,,,,,,
TurbiBR,TurbiBRCOM,4335431419917063,114405 | 8508656 | 125928 | 70 | FJV8602,mc,2018-11-26 00:31:52,BRST,SettledInstallment,1735431994616405,BRL,,108.33,1,BRL,,0.00,2.98,,,,mccredit,Capture Request bookingId 114405,52,,,,,,,
TurbiBR,TurbiBRCOM,1535431670341841,114454 | 8506369 | 125977 | 31 | GDQ9684,mc,2018-11-25 23:11:53,BRST,SettledInstallment,4735431946629104,BRL,,80.93,1,BRL,,0.00,2.23,,,,mccredit,Capture Request bookingId 114454,52,,,,,,,
TurbiBR,TurbiBRCOM,4735432645685876,114499 | 8496984 | 126022 | 52 | FKC3114,mc,2018-11-26 18:56:54,BRST,SettledInstallment,1735432657628109,BRL,,30.00,1,BRL,,0.00,0.82,,,,mccredit,Capture Request bookingId 114499,52,,,,,,,
TurbiBR,TurbiBRCOM,4335428360136362,Authorise Request bookingId 114160,mc,2018-11-26 19:15:04,BRST,RefundedInstallment,1635432668461681,BRL,20.02,,1,BRL,20.02,,,,,,mccredit,Refund Request bookingId 114160,52,,,,,,,
TurbiBR,TurbiBRCOM,4835426630015619,Authorise Request bookingId 114010,mc,2018-11-26 19:00:25,BRST,RefundedInstallment,4635432659680418,BRL,174.68,,1,BRL,174.68,,,,,,mccredit,Refund Request bookingId 114010,52,,,,,,,
TurbiBR,TurbiBRCOM,1835432280637351,114472 | 8506984 | 125995 | 37 | GHQ9495,mc,2018-11-26 20:21:51,BRST,SettledInstallment,1335432708618558,BRL,,126.49,1,BRL,,0.00,3.48,,,,mccredit,Capture Request bookingId 114472,52,,,,,,,
TurbiBR,TurbiBRCOM,1335430623143405,114327 | 8500146 | 125850 | 66 | GHH6346,mc,2018-11-26 19:22:09,BRST,RefundedInstallment,1535432672721790,BRL,96.17,,1,BRL,96.17,,,,,,mccredit,Refund Request bookingId 114327,52,,,,,,,
TurbiBR,TurbiBRCOM,1535432374261426,114481 | 8500984 | 126004 | 38 | GDT7856,mc,2018-11-26 17:32:01,BRST,SettledInstallment,4835432606612868,BRL,,71.51,1,BRL,,0.00,1.97,,,,mccredit,Capture Request bookingId 114481,52,,,,,,,
TurbiBR,TurbiBRCOM,1725431720297886,114458 | 8496717 | 125981 | 69 | GJT1128,mc,2018-11-25 21:11:46,BRST,SettledInstallment,4525431874608413,BRL,,75.79,1,BRL,,0.00,2.08,,,,mccredit,Capture Request bookingId 114458,52,,,,,,,
TurbiBR,TurbiBRCOM,4325430978938405,114391 | 8503103 | 125914 | 55 | FKS8658,mc,2018-11-25 21:46:48,BRST,SettledInstallment,1625431895613363,BRL,,148.90,1,BRL,,0.00,4.09,,,,mccredit,Capture Request bookingId 114391,52,,,,,,,
TurbiBR,TurbiBRCOM,4825431563349375,114439 | 8631 | 125962 | 1 | GDC4895,mc,2018-11-26 00:11:43,BRST,SettledInstallment,1325431982606257,BRL,,147.50,1,BRL,,0.00,4.06,,,,mccredit,Capture Request bookingId 114439,52,,,,,,,
TurbiBR,TurbiBRCOM,1525430141810618,114282 | 8499770 | 125804 | 49 | GDG8981,mc,2018-11-25 22:21:50,BRST,SettledInstallment,1725431916613664,BRL,,280.39,1,BRL,,0.00,7.71,,,,mccredit,Capture Request bookingId 114282,52,,,,,,,
TurbiBR,TurbiBRCOM,1825432295326018,114473 | 8524059 | 125996 | 70 | FJV8602,mc,2018-11-26 10:31:54,BRST,SettledInstallment,4725432354617617,BRL,,30.00,1,BRL,,0.00,0.82,,,,mccredit,Capture Request bookingId 114473,52,,,,,,,
TurbiBR,TurbiBRCOM,1825431740100739,114461 | 8506985 | 125984 | 23 | FLQ7676,mc,2018-11-25 21:46:48,BRST,SettledInstallment,1525431895615831,BRL,,70.63,1,BRL,,0.00,1.94,,,,mccredit,Capture Request bookingId 114461,52,,,,,,,
TurbiBR,TurbiBRCOM,4825430583672881,114319 | 8524424 | 125841 | 17 | GGF3956,mc,2018-11-26 09:02:07,BRST,SettledInstallment,4725432300613322,BRL,,167.10,1,BRL,,0.00,4.60,,,,mccredit,Capture Request bookingId 114319,52,,,,,,,
TurbiBR,TurbiBRCOM,1525425673002683,Authorise Request bookingId 113743,mc,2018-11-26 17:50:05,BRST,RefundedInstallment,1725432617521677,BRL,131.12,,1,BRL,131.12,,,,,,mccredit,Authorise Request bookingId 113743,52,,,,,,,
TurbiBR,TurbiBRCOM,1825432661509197,114501 | 8523875 | 126024 | 5 | FSN3833,mc,2018-11-26 19:16:51,BRST,SettledInstallment,1825432669611656,BRL,,50.00,1,BRL,,0.00,1.38,,,,mccredit,Capture Request bookingId 114501,52,,,,,,,
TurbiBR,TurbiBRCOM,4325431733979510,114460 | 8498862 | 125983 | 9 | GEK9026,mc,2018-11-25 21:16:48,BRST,SettledInstallment,1625431877604661,BRL,,48.31,1,BRL,,0.00,1.33,,,,mccredit,Capture Request bookingId 114460,52,,,,,,,
TurbiBR,TurbiBRCOM,4725431704463383,114457 | 8521954 | 125980 | 60 | GJQ7911,mc,2018-11-25 21:16:48,BRST,SettledInstallment,4325431877604932,BRL,,51.51,1,BRL,,0.00,1.42,,,,mccredit,Capture Request bookingId 114457,52,,,,,,,
TurbiBR,TurbiBRCOM,1825432661509197,114501 | 8523875 | 126024 | 5 | FSN3833,mc,2018-11-26 19:30:24,BRST,RefundedInstallment,1525432677680944,BRL,50.00,,1,BRL,50.00,,,,,,mccredit,Refund Request bookingId 114501,52,,,,,,,
TurbiBR,TurbiBRCOM,,,,2018-12-25 02:07:20,BRST,Balancetransfer,Balancetransfer,,,,,BRL,229.46,,,,,,,Balancetransfer to batch 56,52,,,,,,,
TurbiBR,TurbiBRCOM,,"Payout Date=2018-12-27, Bank=341, Branch=8886, Account=253338",,2018-12-25 02:07:20,BRST,MerchantPayout,"TX23864473130XT batch 52, TurbiBRCOM batch 52, TurbiBRCOM",,,,,BRL,232.12,,,,,,,,52,,,,,,,
