Company Account,Merchant Account,Psp Reference,Merchant Reference,Payment Method,Creation Date,TimeZone,Type,Modification Reference,Gross Currency,Gross Debit (GC),Gross Credit (GC),Exchange Rate,Net Currency,Net Debit (NC),Net Credit (NC),Commission (NC),Markup (NC),Scheme Fees (NC),Interchange (NC),Payment Method Variant,Modification Merchant Reference,Batch Number,Reserved4,Reserved5,Reserved6,Reserved7,Reserved8,Reserved9,Reserved10
TurbiBR,TurbiBRCOM,,,,2018-12-28 02:52:44,BRST,Balancetransfer,Balancetransfer,,,,,BRL,83.45,,,,,,,Balancetransfer from batch 58,62,,,,,,,
TurbiBR,TurbiBRCOM,1715436101387745,114707 | 8509993 | 126229 | 43 | GCK0375,elo,2018-11-30 22:21:55,BRST,SettledInstallment,4715436236606104,BRL,,34.99,1,BRL,,0.00,0.96,,,,elocredit,Capture Request bookingId 114707,62,,,,,,,
TurbiBR,TurbiBRCOM,1615436774076469,114779 | 8505969 | 126301 | 61 | GCE7705,elo,2018-12-01 20:51:48,BRST,SettledInstallment,4615437046625079,BRL,,74.56,1,BRL,,0.00,2.05,,,,elocredit,Capture Request bookingId 114779,62,,,,,,,
TurbiBR,TurbiBRCOM,1515435829946982,114680 | 8524900 | 126200 | 58 | GIV7241,elo,2018-12-02 16:36:54,BRST,SettledInstallment,4715437757614006,BRL,,64.68,1,BRL,,0.00,1.78,,,,elocredit,Capture Request bookingId 114680,62,,,,,,,
TurbiBR,TurbiBRCOM,4815438493878102,114942 | 8522363 | 126464 | 63 | FMZ7695,elo,2018-12-03 16:12:03,BRST,SettledInstallment,4315438606626575,BRL,,30.49,1,BRL,,0.00,0.84,,,,elo,Capture Request bookingId 114942,62,,,,,,,
TurbiBR,TurbiBRCOM,1315438686537011,114951 | 8525154 | 126473 | 67 | FVV7524,elo,2018-12-03 20:36:53,BRST,SettledInstallment,4615438765612918,BRL,,30.00,1,BRL,,0.00,0.82,,,,elo,Capture Request bookingId 114951,62,,,,,,,
TurbiBR,TurbiBRCOM,1715439517644097,115000 | 8525154 | 126522 | 60 | GJQ7911,elo,2018-12-04 20:32:48,BRST,SettledInstallment,1615439627214139,BRL,,30.00,1,BRL,,29.18,0.82,,,,elo,Capture Request bookingId 115000,62,,,,,,,
TurbiBR,TurbiBRCOM,,,,2019-01-01 01:39:06,BRST,Balancetransfer,Balancetransfer,,,,,BRL,,54.27,,,,,,Balancetransfer to batch 66,62,,,,,,,
