Company Account,Merchant Account,Psp Reference,Merchant Reference,Payment Method,Creation Date,TimeZone,Type,Modification Reference,Gross Currency,Gross Debit (GC),Gross Credit (GC),Exchange Rate,Net Currency,Net Debit (NC),Net Credit (NC),Commission (NC),Markup (NC),Scheme Fees (NC),Interchange (NC),Payment Method Variant,Modification Merchant Reference,Batch Number,Reserved4,Reserved5,Reserved6,Reserved7,Reserved8,Reserved9,Reserved10
TurbiBR,TurbiBRCOM,,,,2019-01-01 01:39:07,BRST,Balancetransfer,Balancetransfer,,,,,BRL,1029.25,,,,,,,Balancetransfer from batch 63,67,,,,,,,
TurbiBR,TurbiBRCOM,4515440056170755,115028 | 8496857 | 126550 | 33 | FYM1511,amex,2018-12-05 16:13:01,BRST,SettledInstallment,4715440335213952,BRL,,79.82,1,BRL,,77.62,2.20,,,,amex,Capture Request bookingId 115028,67,,,,,,,
TurbiBR,TurbiBRCOM,1615426993467854,Authorise Request bookingId 114059,amex,2018-12-06 11:58:40,BRST,RefundedInstallment,4515441046570682,BRL,100.00,,1,BRL,100.00,,,,,,amex,Authorise Request bookingId 114059,67,,,,,,,
TurbiBR,TurbiBRCOM,1315440908426288,115090 | 8496857 | 126612 | 9 | GEK9026,amex,2018-12-06 10:07:52,BRST,SettledInstallment,1315440980218702,BRL,,30.00,1,BRL,,29.18,0.82,,,,amex,Capture Request bookingId 115090,67,,,,,,,
TurbiBR,TurbiBRCOM,1715441053960853,115112 | 8506686 | 126634 | 38 | GDT7856,amex,2018-12-06 13:57:52,BRST,SettledInstallment,4615441118213137,BRL,,30.00,1,BRL,,29.18,0.82,,,,amex,Capture Request bookingId 115112,67,,,,,,,
TurbiBR,TurbiBRCOM,1615441154868949,115126 | 8499634 | 126648 | 24 | FPI7484,amex,2018-12-06 17:15:01,BRST,RefundedInstallment,1515441236552629,BRL,15.00,,1,BRL,15.00,,,,,,amex,Refund Request bookingId 115126,67,,,,,,,
TurbiBR,TurbiBRCOM,1615441154868949,115126 | 8499634 | 126648 | 24 | FPI7484,amex,2018-12-06 15:27:54,BRST,SettledInstallment,1315441172218484,BRL,,15.00,1,BRL,,14.59,0.41,,,,amex,Capture Request bookingId 115126,67,,,,,,,
TurbiBR,TurbiBRCOM,4815459151558794,116806 | 8500638 | 128327 | 49 | GDG8981,amex,2018-12-28 01:57:54,BRST,SettledInstallment,1315459694213536,BRL,,152.15,1,BRL,,147.97,4.18,,,,amex,Capture Request bookingId 116806,67,,,,,,,
TurbiBR,TurbiBRCOM,4815441823529700,115182 | 8506822 | 126704 | 7 | GCW5563,amex,2018-12-07 19:42:54,BRST,SettledInstallment,1515442189222558,BRL,,391.58,1,BRL,,380.81,10.77,,,,amex,Capture Request bookingId 115182,67,,,,,,,
TurbiBR,TurbiBRCOM,,,,2019-01-04 02:40:21,BRST,Balancetransfer,Balancetransfer,,,,,BRL,,464.90,,,,,,Balancetransfer to batch 69,67,,,,,,,
