Company Account,Merchant Account,Psp Reference,Merchant Reference,Payment Method,Creation Date,TimeZone,Type,Modification Reference,Gross Currency,Gross Debit (GC),Gross Credit (GC),Exchange Rate,Net Currency,Net Debit (NC),Net Credit (NC),Commission (NC),Markup (NC),Scheme Fees (NC),Interchange (NC),Advanced (NC),Advancement Code,Advancement Batch,Payment Method Variant,Batch Number,Reserved4,Reserved5,Reserved6,Reserved7,Reserved8,Reserved9,Reserved10,Modification Merchant Reference
TurbiBR,TurbiBRCOM,,,,2019-01-18 01:43:32,BRST,Balancetransfer,Balancetransfer,,,,,BRL,1730.50,,,,,,,,,,87,,,,,,,,Balancetransfer from batch 83
TurbiBR,TurbiBRCOM,1525453627376417,116340 | 8502152 | 127861 | 10 | FQR9974,mc,2018-12-21 02:37:55,BRST,SettledInstallment,1625453670211445,BRL,,30.00,1,BRL,,29.18,0.82,,,,,,,mccredit,87,,,,,,,,Capture Request bookingId 116340
TurbiBR,TurbiBRCOM,1625453376205659,116304 | 8525784 | 127825 | 23 | FLQ7676,mc,2018-12-21 10:02:58,BRST,SettledInstallment,1325453937218103,BRL,,218.72,1,BRL,,212.71,6.01,,,,,,,mccredit,87,,,,,,,,Capture Request bookingId 116304
TurbiBR,TurbiBRCOM,1525453443872490,116323 | 8527139 | 127844 | 28 | GKE6583,mc,2018-12-21 01:12:53,BRST,SettledInstallment,1325453619215096,BRL,,55.85,1,BRL,,54.31,1.54,,,,,,,mccredit,87,,,,,,,,Capture Request bookingId 116323
TurbiBR,TurbiBRCOM,4625450769542171,116060 | 8524059 | 127580 | 27 | GIE0915,mc,2018-12-21 13:54:18,BRST,SettledInstallment,4325454075208876,BRL,,1200.00,1,BRL,,1167.00,33.00,,,,,,,mccredit,87,,,,,,,,Capture Request bookingId 116060
TurbiBR,TurbiBRCOM,1825453238129806,116283 | 8504875 | 127804 | 35 | GEP0747,mc,2018-12-21 13:54:18,BRST,SettledInstallment,4525454075201689,BRL,,360.16,1,BRL,,350.26,9.90,,,,,,,mccredit,87,,,,,,,,Capture Request bookingId 116283
TurbiBR,TurbiBRCOM,1825453381683286,116306 | 8525151 | 127827 | 19 | FJG9824,mc,2018-12-20 21:33:03,BRST,SettledInstallment,4625453487217001,BRL,,33.29,1,BRL,,32.37,0.92,,,,,,,mccredit,87,,,,,,,,Capture Request bookingId 116306
TurbiBR,TurbiBRCOM,1325451640419679,116060 | 8524059 | 127580 | 27 | GIE0915,mc,2018-12-21 13:54:18,BRST,SettledInstallment,4625454075200276,BRL,,500.00,1,BRL,,486.25,13.75,,,,,,,mccredit,87,,,,,,,,Capture Request bookingId 116060
TurbiBR,TurbiBRCOM,4325453463252231,116329 | 8525732 | 127850 | 46 | FZP6949,mc,2018-12-20 23:58:04,BRST,SettledInstallment,4625453574211297,BRL,,47.87,1,BRL,,46.55,1.32,,,,,,,mccredit,87,,,,,,,,Capture Request bookingId 116329
TurbiBR,TurbiBRCOM,4825451202405800,116060 | 8524059 | 127580 | 27 | GIE0915,mc,2018-12-21 13:54:18,BRST,SettledInstallment,4525454075201671,BRL,,500.00,1,BRL,,486.25,13.75,,,,,,,mccredit,87,,,,,,,,Capture Request bookingId 116060
TurbiBR,TurbiBRCOM,1325452078405545,116060 | 8524059 | 127580 | 27 | GIE0915,mc,2018-12-21 13:54:19,BRST,SettledInstallment,1825454075201500,BRL,,446.79,1,BRL,,434.50,12.29,,,,,,,mccredit,87,,,,,,,,Capture Request bookingId 116060
TurbiBR,TurbiBRCOM,1725454101482489,116380 | 8526506 | 127901 | 63 | FMZ7695,mc,2018-12-21 15:03:39,BRST,SettledInstallment,1825454117208067,BRL,,30.00,1,BRL,,29.18,0.82,,,,,,,mccredit,87,,,,,,,,Capture Request bookingId 116380
TurbiBR,TurbiBRCOM,1525453932036805,116358 | 8501957 | 127879 | 47 | GET4023,mc,2018-12-21 14:28:53,BRST,SettledInstallment,1725454096209400,BRL,,100.04,1,BRL,,97.29,2.75,,,,,,,mccredit,87,,,,,,,,Capture Request bookingId 116358
TurbiBR,TurbiBRCOM,1325453153571573,116271 | 8527947 | 127792 | 36 | GFN9743,mc,2018-12-20 21:53:00,BRST,SettledInstallment,1625453499205222,BRL,,78.49,1,BRL,,76.33,2.16,,,,,,,mccredit,87,,,,,,,,Capture Request bookingId 116271
TurbiBR,TurbiBRCOM,1725453960207433,116360 | 8525514 | 127881 | 30 | FZV7646,mc,2018-12-21 16:39:22,BRST,SettledInstallment,4725454171219419,BRL,,133.66,1,BRL,,129.98,3.68,,,,,,,mccredit,87,,,,,,,,Capture Request bookingId 116360
TurbiBR,TurbiBRCOM,4525454141187482,116384 | 8524059 | 127905 | 33 | FYM1511,mc,2018-12-21 16:27:39,BRST,SettledInstallment,1525454165215108,BRL,,30.00,1,BRL,,29.18,0.82,,,,,,,mccredit,87,,,,,,,,Capture Request bookingId 116384
TurbiBR,TurbiBRCOM,1525454072430386,116375 | 8524059 | 127896 | 27 | GIE0915,mc,2018-12-21 13:54:18,BRST,SettledInstallment,1525454075205538,BRL,,100.00,1,BRL,,97.25,2.75,,,,,,,mccredit,87,,,,,,,,Capture Request bookingId 116375
TurbiBR,TurbiBRCOM,4325453223082324,116279 | 8496159 | 127800 | 32 | FXT6395,mc,2018-12-20 21:47:59,BRST,SettledInstallment,4525453496202326,BRL,,74.12,1,BRL,,72.08,2.04,,,,,,,mccredit,87,,,,,,,,Capture Request bookingId 116279
TurbiBR,TurbiBRCOM,4825454066616165,116373 | 8523811 | 127894 | 70 | FJV8602,mc,2018-12-21 17:34:27,BRST,SettledInstallment,4325454204216063,BRL,,38.80,1,BRL,,37.73,1.07,,,,,,,mccredit,87,,,,,,,,Capture Request bookingId 116373
TurbiBR,TurbiBRCOM,4325453906991320,116355 | 8498796 | 127876 | 45 | GHS1618,mc,2018-12-21 17:38:15,BRST,SettledInstallment,1525454207218649,BRL,,182.28,1,BRL,,177.27,5.01,,,,,,,mccredit,87,,,,,,,,Capture Request bookingId 116355
TurbiBR,TurbiBRCOM,1525453888517238,116353 | 8522436 | 127874 | 20 | FUD3683,mc,2018-12-21 18:12:55,BRST,SettledInstallment,1625454231210249,BRL,,86.85,1,BRL,,84.46,2.39,,,,,,,mccredit,87,,,,,,,,Capture Request bookingId 116353
TurbiBR,TurbiBRCOM,1525454116816046,116381 | 8526506 | 127902 | 63 | FMZ7695,mc,2018-12-21 19:37:54,BRST,SettledInstallment,1325454282218045,BRL,,54.12,1,BRL,,52.63,1.49,,,,,,,mccredit,87,,,,,,,,Capture Request bookingId 116381
TurbiBR,TurbiBRCOM,1725454101482489,116380 | 8526506 | 127901 | 63 | FMZ7695,mc,2018-12-21 18:48:13,BRST,RefundedInstallment,4625454252345696,BRL,30.00,,1,BRL,30.00,,,,,,,,,mccredit,87,,,,,,,,Refund Request bookingId 116380
TurbiBR,TurbiBRCOM,1535453339800470,116295 | 8504984 | 127816 | 10 | FQR9974,mc,2018-12-20 21:32:53,BRST,SettledInstallment,1735453487210256,BRL,,49.65,1,BRL,,0.00,1.37,,,,,0000024984,30618122102803829101,mccredit,87,,,,,,,,Capture Request bookingId 116295
TurbiBR,TurbiBRCOM,4335454078006580,116376 | 8527523 | 127897 | 54 | GDP6156,mc,2018-12-21 15:59:35,BRST,SettledInstallment,4735454147208973,BRL,,30.00,1,BRL,,0.00,0.82,,,,,0000024984,30618122102803829101,mccredit,87,,,,,,,,Capture Request bookingId 116376
TurbiBR,TurbiBRCOM,1835453884444846,116351 | 8524103 | 127872 | 63 | FMZ7695,mc,2018-12-21 13:39:59,BRST,SettledInstallment,4535454066202686,BRL,,54.05,1,BRL,,0.00,1.49,,,,,0000024984,30618122102803829101,mccredit,87,,,,,,,,Capture Request bookingId 116351
TurbiBR,TurbiBRCOM,1535448918238407,115883 | 8504109 | 127403 | 33 | FYM1511,mc,2018-12-21 16:32:22,BRST,RefundedInstallment,1535454163635750,BRL,50.00,,1,BRL,50.00,,,,,,,,,mccredit,87,,,,,,,,115883 | 8504109 | 127403 | 33 | FYM1511
TurbiBR,TurbiBRCOM,4335454004317259,116366 | 8504984 | 127887 | 10 | FQR9974,mc,2018-12-21 16:35:51,BRST,SettledInstallment,1635454165216491,BRL,,44.71,1,BRL,,0.00,1.23,,,,,0000024984,30618122102803829101,mccredit,87,,,,,,,,Capture Request bookingId 116366
TurbiBR,TurbiBRCOM,4735454025317706,116368 | 8503444 | 127889 | 66 | GHH6346,mc,2018-12-21 18:03:47,BRST,SettledInstallment,4635454219210338,BRL,,56.57,1,BRL,,0.00,1.56,,,,,0000024984,30618122102803829101,mccredit,87,,,,,,,,Capture Request bookingId 116368
TurbiBR,TurbiBRCOM,1535454193854991,116392 | 8175 | 127913 | 4 | GIE2734,mc,2018-12-21 18:52:52,BRST,SettledInstallment,4635454255203817,BRL,,50.00,1,BRL,,0.00,1.38,,,,,0000024984,30618122102803829101,mccredit,87,,,,,,,,Capture Request bookingId 116392
TurbiBR,TurbiBRCOM,1535453473668113,116330 | 8283 | 127851 | 7 | GCW5563,mc,2018-12-21 19:41:30,BRST,RefundedInstallment,1535454284313345,BRL,330.35,,1,BRL,330.35,,,,,,,,,mccredit,87,,,,,,,,116330 | 8283 | 127851 | 7 | GCW5563
TurbiBR,TurbiBRCOM,4835453447582102,116324 | 8500505 | 127845 | 60 | GJQ7911,mc,2018-12-21 01:07:46,BRST,SettledInstallment,4735453616217846,BRL,,50.12,1,BRL,,0.00,1.38,,,,,0000024984,30618122102803829101,mccredit,87,,,,,,,,Capture Request bookingId 116324
TurbiBR,TurbiBRCOM,1535453924191756,116357 | 8508414 | 127878 | 5 | FSN3833,mc,2018-12-21 17:44:15,BRST,SettledInstallment,4635454204218817,BRL,,128.10,1,BRL,,0.00,3.52,,,,,0000024984,30618122102803829101,mccredit,87,,,,,,,,Capture Request bookingId 116357
TurbiBR,TurbiBRCOM,4535453370927350,116302 | 8526426 | 127823 | 73 | FYM4531,mc,2018-12-21 00:37:56,BRST,SettledInstallment,4635453598212808,BRL,,44.30,1,BRL,,0.00,1.22,,,,,0000024984,30618122102803829101,mccredit,87,,,,,,,,Capture Request bookingId 116302
TurbiBR,TurbiBRCOM,4735454063930295,116372 | 8527139 | 127893 | 28 | GKE6583,mc,2018-12-21 18:30:28,BRST,SettledInstallment,4635454237212944,BRL,,62.26,1,BRL,,0.00,1.71,,,,,0000024984,30618122102803829101,mccredit,87,,,,,,,,Capture Request bookingId 116372
TurbiBR,TurbiBRCOM,1535453473668113,116330 | 8283 | 127851 | 7 | GCW5563,mc,2018-12-21 19:18:02,BRST,SettledInstallment,1835454270211807,BRL,,828.03,1,BRL,,0.00,22.77,,,,,0000024984,30618122102803829101,mccredit,87,,,,,,,,Capture Request bookingId 116330
TurbiBR,TurbiBRCOM,1315453367216561,116301 | 8522724 | 127822 | 5 | FSN3833,mc,2018-12-21 01:12:56,BRST,SettledInstallment,1615453619217943,BRL,,102.85,1,BRL,,0.00,2.83,,,,100.02,0000025213,10618122102803829101,mccredit,87,,,,,,,,Capture Request bookingId 116301
TurbiBR,TurbiBRCOM,1315453020363891,116244 | 8175 | 127765 | 4 | GIE2734,mc,2018-12-20 21:37:58,BRST,SettledInstallment,1615453490218077,BRL,,190.40,1,BRL,,0.00,5.24,,,,185.16,0000025213,10618122102803829101,mccredit,87,,,,,,,,Capture Request bookingId 116244
TurbiBR,TurbiBRCOM,1315453282065267,116289 | 8497576 | 127810 | 51 | FQH5224,mc,2018-12-21 01:07:54,BRST,SettledInstallment,4315453616200519,BRL,,88.56,1,BRL,,0.00,2.44,,,,86.12,0000025213,10618122102803829101,mccredit,87,,,,,,,,Capture Request bookingId 116289
TurbiBR,TurbiBRCOM,4515453425725811,116317 | 8528175 | 127838 | 59 | GFT1399,mc,2018-12-21 00:52:48,BRST,SettledInstallment,4515453607217116,BRL,,24.00,1,BRL,,0.00,0.66,,,,23.34,0000025213,10618122102803829101,mccredit,87,,,,,,,,Capture Request bookingId 116317
TurbiBR,TurbiBRCOM,1315453424950962,116316 | 8496062 | 127837 | 49 | GDG8981,mc,2018-12-21 00:27:51,BRST,SettledInstallment,1515453592218810,BRL,,37.24,1,BRL,,0.00,1.02,,,,36.22,0000025213,10618122102803829101,mccredit,87,,,,,,,,Capture Request bookingId 116316
TurbiBR,TurbiBRCOM,1315453477629760,116331 | 8503471 | 127852 | 54 | GDP6156,mc,2018-12-21 00:42:43,BRST,SettledInstallment,4315453601215050,BRL,,35.71,1,BRL,,0.00,0.98,,,,34.73,0000025213,10618122102803829101,mccredit,87,,,,,,,,Capture Request bookingId 116331
TurbiBR,TurbiBRCOM,4515453291525071,116291 | 8505783 | 127812 | 30 | FZV7646,mc,2018-12-21 07:57:48,BRST,SettledInstallment,4315453862221318,BRL,,177.82,1,BRL,,0.00,4.89,,,,172.93,0000025213,10618122102803829101,mccredit,87,,,,,,,,Capture Request bookingId 116291
TurbiBR,TurbiBRCOM,1615454095905308,116379 | 8524059 | 127900 | 33 | FYM1511,mc,2018-12-21 15:47:44,BRST,SettledInstallment,1715454144200585,BRL,,30.00,1,BRL,,0.00,0.82,,,,29.18,0000025213,10618122102803829101,mccredit,87,,,,,,,,Capture Request bookingId 116379
TurbiBR,TurbiBRCOM,4315453983744420,116364 | 8496712 | 127885 | 26 | GJJ0014,mc,2018-12-21 11:53:02,BRST,SettledInstallment,1515454003214208,BRL,,50.00,1,BRL,,0.00,1.38,,,,48.62,0000025213,10618122102803829101,mccredit,87,,,,,,,,Capture Request bookingId 116364
TurbiBR,TurbiBRCOM,4715453866950900,116347 | 8521283 | 127868 | 40 | FJC0776,mc,2018-12-21 19:07:59,BRST,SettledInstallment,1615454264213823,BRL,,149.46,1,BRL,,0.00,4.11,,,,145.35,0000025213,10618122102803829101,mccredit,87,,,,,,,,Capture Request bookingId 116347
TurbiBR,TurbiBRCOM,1615454003097123,116365 | 8496712 | 127886 | 26 | GJJ0014,mc,2018-12-21 17:28:06,BRST,SettledInstallment,4715454204213373,BRL,,130.70,1,BRL,,0.00,3.59,,,,127.11,0000025213,10618122102803829101,mccredit,87,,,,,,,,Capture Request bookingId 116365
TurbiBR,TurbiBRCOM,1515454091742243,116378 | 8525378 | 127899 | 58 | GIV7241,mc,2018-12-21 20:08:00,BRST,SettledInstallment,4315454300215961,BRL,,45.32,1,BRL,,0.00,1.25,,,,44.07,0000025213,10618122102803829101,mccredit,87,,,,,,,,Capture Request bookingId 116378
TurbiBR,TurbiBRCOM,4315454204226593,116393 | 8523384 | 127914 | 68 | GFT7592,mc,2018-12-21 20:42:58,BRST,SettledInstallment,1515454321216075,BRL,,30.19,1,BRL,,0.00,0.83,,,,29.36,0000025213,10618122102803829101,mccredit,87,,,,,,,,Capture Request bookingId 116393
TurbiBR,TurbiBRCOM,1615453502303719,116336 | 8524059 | 127857 | 41 | FCC3441,mc,2018-12-20 22:03:02,BRST,SettledInstallment,4315453505217798,BRL,,30.00,1,BRL,,0.00,0.82,,,,29.18,0000025213,10618122102803829101,mccredit,87,,,,,,,,Capture Request bookingId 116336
TurbiBR,TurbiBRCOM,1345453406823967,116312 | 8522941 | 127833 | 55 | FKS8658,mc,2018-12-20 23:47:58,BRST,SettledInstallment,1745453568213151,BRL,,42.25,1,BRL,,0.00,1.16,,,,,0000025213,40618122102803829101,mccredit,87,,,,,,,,Capture Request bookingId 116312
TurbiBR,TurbiBRCOM,4845453292224212,116292 | 8500378 | 127813 | 42 | GCE5762,mc,2018-12-20 22:03:02,BRST,SettledInstallment,4345453505217735,BRL,,56.56,1,BRL,,0.00,1.56,,,,,0000025213,40618122102803829101,mccredit,87,,,,,,,,Capture Request bookingId 116292
TurbiBR,TurbiBRCOM,1345452994340202,116240 | 8528155 | 127761 | 71 | GEJ2081,mc,2018-12-20 22:03:03,BRST,SettledInstallment,4345453505210011,BRL,,147.12,1,BRL,,0.00,4.05,,,,,0000025213,40618122102803829101,mccredit,87,,,,,,,,Capture Request bookingId 116240
TurbiBR,TurbiBRCOM,1745453427759949,116318 | 8525996 | 127839 | 62 | GJR9212,mc,2018-12-21 00:32:51,BRST,SettledInstallment,1345453595214903,BRL,,24.50,1,BRL,,0.00,0.67,,,,,0000025213,40618122102803829101,mccredit,87,,,,,,,,Capture Request bookingId 116318
TurbiBR,TurbiBRCOM,1345453416373029,116314 | 8526978 | 127835 | 40 | FJC0776,mc,2018-12-20 21:58:01,BRST,SettledInstallment,1345453502217213,BRL,,30.00,1,BRL,,0.00,0.82,,,,,0000025213,40618122102803829101,mccredit,87,,,,,,,,Capture Request bookingId 116314
TurbiBR,TurbiBRCOM,4745453371570122,116303 | 8525849 | 127824 | 58 | GIV7241,mc,2018-12-20 23:53:01,BRST,SettledInstallment,1745453571216027,BRL,,34.41,1,BRL,,0.00,0.95,,,,,0000025213,40618122102803829101,mccredit,87,,,,,,,,Capture Request bookingId 116303
TurbiBR,TurbiBRCOM,1545453478127147,116332 | 8523495 | 127853 | 17 | GGF3956,mc,2018-12-21 02:02:48,BRST,SettledInstallment,4745453649224213,BRL,,35.88,1,BRL,,0.00,0.99,,,,,0000025213,40618122102803829101,mccredit,87,,,,,,,,Capture Request bookingId 116332
TurbiBR,TurbiBRCOM,1745453917957052,116356 | 8527477 | 127877 | 43 | GCK0375,mc,2018-12-21 12:27:53,BRST,SettledInstallment,1845454024210244,BRL,,10.94,1,BRL,,0.00,0.30,,,,,0000025213,40618122102803829101,mccredit,87,,,,,,,,Capture Request bookingId 116356
TurbiBR,TurbiBRCOM,4845453620958903,116339 | 8497876 | 127860 | 22 | FWL2173,mc,2018-12-21 04:57:40,BRST,SettledInstallment,4845453754207325,BRL,,210.83,1,BRL,,0.00,5.80,,,,,0000025213,40618122102803829101,mccredit,87,,,,,,,,Capture Request bookingId 116339
TurbiBR,TurbiBRCOM,1645453232717026,116281 | 8528055 | 127802 | 9 | GEK9026,mc,2018-12-20 21:58:01,BRST,SettledInstallment,1345453502213907,BRL,,98.72,1,BRL,,0.00,2.71,,,,,0000025213,40618122102803829101,mccredit,87,,,,,,,,Capture Request bookingId 116281
TurbiBR,TurbiBRCOM,4745453890700283,116354 | 8510163 | 127875 | 18 | FKD0105,mc,2018-12-21 13:02:57,BRST,SettledInstallment,1745454045216239,BRL,,45.09,1,BRL,,0.00,1.24,,,,,0000025213,40618122102803829101,mccredit,87,,,,,,,,Capture Request bookingId 116354
TurbiBR,TurbiBRCOM,1345453451344976,116325 | 8510033 | 127846 | 8 | GCE1566,mc,2018-12-21 01:37:52,BRST,SettledInstallment,4345453634202756,BRL,,124.94,1,BRL,,0.00,3.44,,,,,0000025213,40618122102803829101,mccredit,87,,,,,,,,Capture Request bookingId 116325
TurbiBR,TurbiBRCOM,1645453959501447,116359 | 8505974 | 127880 | 17 | GGF3956,mc,2018-12-21 12:33:01,BRST,SettledInstallment,1345454027215690,BRL,,30.00,1,BRL,,0.00,0.82,,,,,0000025213,40618122102803829101,mccredit,87,,,,,,,,Capture Request bookingId 116359
TurbiBR,TurbiBRCOM,1545454180816951,113762 | 8519334 | 124286 | 69 | GJT1128,mc,2018-12-21 17:06:35,BRST,RefundedInstallment,4545454191367634,BRL,108.73,,1,BRL,108.73,,,,,,,,,mccredit,87,,,,,,,,Refund Request bookingId 113762
TurbiBR,TurbiBRCOM,1545454180816951,113762 | 8519334 | 124286 | 69 | GJT1128,mc,2018-12-21 16:49:01,BRST,SettledInstallment,1645454180829045,BRL,,286.42,1,BRL,,0.00,7.88,,,,,0000025213,40618122102803829101,mccredit,87,,,,,,,,Capture Request bookingId 113762
TurbiBR,TurbiBRCOM,4315453983744420,116364 | 8496712 | 127885 | 26 | GJJ0014,mc,2018-12-22 19:56:56,BRST,RefundedInstallment,4515455157684744,BRL,50.00,,1,BRL,50.00,,,,,,,,,mccredit,87,,,,,,,,Refund Request bookingId 116364
TurbiBR,TurbiBRCOM,1315454809690249,116478 | 8510163 | 127999 | 18 | FKD0105,mc,2018-12-22 13:57:57,BRST,SettledInstallment,1615454942217659,BRL,,34.72,1,BRL,,0.00,0.95,,,,33.77,0000024984,10618122203003829101,mccredit,87,,,,,,,,Capture Request bookingId 116478
TurbiBR,TurbiBRCOM,1315454837462975,116484 | 8101 | 128005 | 8 | GCE1566,mc,2018-12-22 18:33:03,BRST,SettledInstallment,1315455107215852,BRL,,342.82,1,BRL,,0.00,9.43,,,,333.39,0000024984,10618122203003829101,mccredit,87,,,,,,,,Capture Request bookingId 116484
TurbiBR,TurbiBRCOM,1515442773347043,115284 | 8501957 | 126806 | 47 | GET4023,mc,2018-12-22 18:27:27,BRST,RefundedInstallment,1715455103857521,BRL,73.00,,1,BRL,73.00,,,,,,,,,mccredit,87,,,,,,,,115284 | 8501957 | 126806 | 47 | GET4023
TurbiBR,TurbiBRCOM,1615454095905308,116379 | 8524059 | 127900 | 33 | FYM1511,mc,2018-12-22 14:23:43,BRST,RefundedInstallment,1615454957275931,BRL,30.00,,1,BRL,30.00,,,,,,,,,mccredit,87,,,,,,,,Refund Request bookingId 116379
TurbiBR,TurbiBRCOM,1615454762059991,116464 | 8510397 | 127985 | 38 | GDT7856,mc,2018-12-22 16:27:51,BRST,SettledInstallment,4615455032219947,BRL,,110.25,1,BRL,,0.00,3.03,,,,107.22,0000024984,10618122203003829101,mccredit,87,,,,,,,,Capture Request bookingId 116464
TurbiBR,TurbiBRCOM,1715454731884015,116455 | 8505011 | 127976 | 53 | GGQ1493,mc,2018-12-22 11:07:51,BRST,SettledInstallment,4615454840207004,BRL,,30.00,1,BRL,,0.00,0.82,,,,29.18,0000024984,10618122203003829101,mccredit,87,,,,,,,,Capture Request bookingId 116455
TurbiBR,TurbiBRCOM,1615453502303719,116336 | 8524059 | 127857 | 41 | FCC3441,mc,2018-12-22 14:23:44,BRST,RefundedInstallment,1515454957346329,BRL,30.00,,1,BRL,30.00,,,,,,,,,mccredit,87,,,,,,,,Refund Request bookingId 116336
TurbiBR,TurbiBRCOM,1615455059170920,116525 | 8501653 | 128046 | 26 | GJJ0014,mc,2018-12-22 17:22:49,BRST,SettledInstallment,4715455065215431,BRL,,50.00,1,BRL,,0.00,1.38,,,,48.62,0000024984,10618122203003829101,mccredit,87,,,,,,,,Capture Request bookingId 116525
TurbiBR,TurbiBRCOM,1815454601251013,116438 | 8484 | 127959 | 17 | GGF3956,mc,2018-12-22 18:42:47,BRST,SettledInstallment,1615455113208930,BRL,,249.29,1,BRL,,0.00,6.86,,,,242.43,0000024984,10618122203003829101,mccredit,87,,,,,,,,Capture Request bookingId 116438
TurbiBR,TurbiBRCOM,1515455053067354,116522 | 8496923 | 128043 | 26 | GJJ0014,mc,2018-12-22 17:12:53,BRST,SettledInstallment,1815455059204917,BRL,,50.00,1,BRL,,0.00,1.38,,,,48.62,0000024984,10618122203003829101,mccredit,87,,,,,,,,Capture Request bookingId 116522
TurbiBR,TurbiBRCOM,1615454067276258,116374 | 8528179 | 127895 | 44 | FOM1229,mc,2018-12-22 01:12:53,BRST,SettledInstallment,1715454483213629,BRL,,110.10,1,BRL,,0.00,3.03,,,,107.07,0000024984,10618122203003829101,mccredit,87,,,,,,,,Capture Request bookingId 116374
TurbiBR,TurbiBRCOM,4715453966026312,116362 | 8502944 | 127883 | 34 | GAK2624,mc,2018-12-21 21:43:00,BRST,SettledInstallment,4715454357212164,BRL,,126.98,1,BRL,,0.00,3.49,,,,123.49,0000024984,10618122203003829101,mccredit,87,,,,,,,,Capture Request bookingId 116362
TurbiBR,TurbiBRCOM,4515454081660383,116377 | 8524638 | 127898 | 72 | FWG4577,mc,2018-12-21 23:37:49,BRST,SettledInstallment,4615454426221320,BRL,,95.70,1,BRL,,0.00,2.63,,,,93.07,0000024984,10618122203003829101,mccredit,87,,,,,,,,Capture Request bookingId 116377
TurbiBR,TurbiBRCOM,1315454787008786,116469 | 8520448 | 127990 | 43 | GCK0375,mc,2018-12-22 15:03:53,BRST,SettledInstallment,4715454981212176,BRL,,46.71,1,BRL,,0.00,1.28,,,,45.43,0000024984,10618122203003829101,mccredit,87,,,,,,,,Capture Request bookingId 116469
TurbiBR,TurbiBRCOM,4715453866950900,116347 | 8521283 | 127868 | 40 | FJC0776,mc,2018-12-22 15:51:58,BRST,RefundedInstallment,1615455010645994,BRL,112.70,,1,BRL,112.70,,,,,,,,,mccredit,87,,,,,,,,Refund Request bookingId 116347
TurbiBR,TurbiBRCOM,1315454147904856,116385 | 8507194 | 127906 | 2 | FXT8846,mc,2018-12-22 07:22:48,BRST,SettledInstallment,4815454705212493,BRL,,262.32,1,BRL,,0.00,7.21,,,,255.11,0000024984,10618122203003829101,mccredit,87,,,,,,,,Capture Request bookingId 116385
TurbiBR,TurbiBRCOM,4615454176665874,116388 | 8523495 | 127909 | 17 | GGF3956,mc,2018-12-22 03:27:49,BRST,SettledInstallment,1715454564212029,BRL,,91.39,1,BRL,,0.00,2.51,,,,88.88,0000024984,10618122203003829101,mccredit,87,,,,,,,,Capture Request bookingId 116388
TurbiBR,TurbiBRCOM,1315454809690249,116478 | 8510163 | 127999 | 18 | FKD0105,mc,2018-12-22 16:37:17,BRST,RefundedInstallment,1815455037806916,BRL,34.72,,1,BRL,34.72,,,,,,,,,mccredit,87,,,,,,,,Refund Request bookingId 116478
TurbiBR,TurbiBRCOM,1615455059170920,116525 | 8501653 | 128046 | 26 | GJJ0014,mc,2018-12-22 17:26:54,BRST,RefundedInstallment,4515455067616497,BRL,50.00,,1,BRL,50.00,,,,,,,,,mccredit,87,,,,,,,,Refund Request bookingId 116525
TurbiBR,TurbiBRCOM,1515455053067354,116522 | 8496923 | 128043 | 26 | GJJ0014,mc,2018-12-22 20:07:06,BRST,RefundedInstallment,4315455163728370,BRL,50.00,,1,BRL,50.00,,,,,,,,,mccredit,87,,,,,,,,Refund Request bookingId 116522
TurbiBR,TurbiBRCOM,4845454985828731,116512 | 8500687 | 128033 | 55 | FKS8658,mc,2018-12-22 17:00:54,BRST,RefundedInstallment,1645455051925861,BRL,81.60,,1,BRL,81.60,,,,,,,,,mccredit,87,,,,,,,,Refund Request bookingId 116512
TurbiBR,TurbiBRCOM,1345454788919837,116472 | 8497350 | 127993 | 7 | GCW5563,mc,2018-12-22 14:32:53,BRST,SettledInstallment,4345454963210840,BRL,,165.42,1,BRL,,0.00,4.55,,,,,0000024984,40618122203003829101,mccredit,87,,,,,,,,Capture Request bookingId 116472
TurbiBR,TurbiBRCOM,1845454229282840,116397 | 8509000 | 127918 | 62 | GJR9212,mc,2018-12-21 21:42:49,BRST,SettledInstallment,1845454357213559,BRL,,31.14,1,BRL,,0.00,0.86,,,,,0000024984,40618122203003829101,mccredit,87,,,,,,,,Capture Request bookingId 116397
TurbiBR,TurbiBRCOM,4345454375326978,116424 | 8496996 | 127945 | 43 | GCK0375,mc,2018-12-22 00:32:47,BRST,SettledInstallment,1745454459213094,BRL,,34.20,1,BRL,,0.00,0.94,,,,,0000024984,40618122203003829101,mccredit,87,,,,,,,,Capture Request bookingId 116424
TurbiBR,TurbiBRCOM,1345453612427801,116338 | 8527943 | 127859 | 13 | FXH7648,mc,2018-12-22 01:47:54,BRST,SettledInstallment,4645454504227516,BRL,,181.92,1,BRL,,0.00,5.00,,,,,0000024984,40618122203003829101,mccredit,87,,,,,,,,Capture Request bookingId 116338
TurbiBR,TurbiBRCOM,1645454741348782,116459 | 8499302 | 127980 | 49 | GDG8981,mc,2018-12-22 16:23:02,BRST,SettledInstallment,1545455029214753,BRL,,117.42,1,BRL,,0.00,3.23,,,,,0000024984,40618122203003829101,mccredit,87,,,,,,,,Capture Request bookingId 116459
TurbiBR,TurbiBRCOM,4545454736243209,116456 | 8528360 | 127977 | 2 | FXT8846,mc,2018-12-22 12:23:01,BRST,SettledInstallment,1845454885201431,BRL,,77.74,1,BRL,,0.00,2.14,,,,,0000024984,40618122203003829101,mccredit,87,,,,,,,,Capture Request bookingId 116456
TurbiBR,TurbiBRCOM,4845454274399527,116402 | 8498766 | 127923 | 1 | GDC4895,mc,2018-12-21 22:12:52,BRST,SettledInstallment,4345454375213630,BRL,,51.20,1,BRL,,0.00,1.41,,,,,0000024984,40618122203003829101,mccredit,87,,,,,,,,Capture Request bookingId 116402
TurbiBR,TurbiBRCOM,4345454767159656,116466 | 8522267 | 127987 | 3 | GFF2698,mc,2018-12-22 13:58:03,BRST,SettledInstallment,1345454942204357,BRL,,106.03,1,BRL,,0.00,2.92,,,,,0000024984,40618122203003829101,mccredit,87,,,,,,,,Capture Request bookingId 116466
TurbiBR,TurbiBRCOM,4545454708669001,116448 | 8919 | 127969 | 35 | GEP0747,mc,2018-12-22 19:07:48,BRST,SettledInstallment,1845455128211236,BRL,,118.60,1,BRL,,0.00,3.26,,,,,0000024984,40618122203003829101,mccredit,87,,,,,,,,Capture Request bookingId 116448
TurbiBR,TurbiBRCOM,1345454322103617,116419 | 8521954 | 127940 | 9 | GEK9026,mc,2018-12-22 03:42:55,BRST,SettledInstallment,4845454573210813,BRL,,81.51,1,BRL,,0.00,2.24,,,,,0000024984,40618122203003829101,mccredit,87,,,,,,,,Capture Request bookingId 116419
TurbiBR,TurbiBRCOM,1745454250952056,116399 | 8527542 | 127920 | 27 | GIE0915,mc,2018-12-21 23:32:46,BRST,SettledInstallment,1845454423215620,BRL,,161.20,1,BRL,,0.00,4.43,,,,,0000024984,40618122203003829101,mccredit,87,,,,,,,,Capture Request bookingId 116399
TurbiBR,TurbiBRCOM,4845454344185559,116423 | 8508166 | 127944 | 63 | FMZ7695,mc,2018-12-22 08:37:59,BRST,SettledInstallment,4545454750213310,BRL,,141.60,1,BRL,,0.00,3.89,,,,,0000024984,40618122203003829101,mccredit,87,,,,,,,,Capture Request bookingId 116423
TurbiBR,TurbiBRCOM,1745454184141677,116390 | 8501906 | 127911 | 10 | FQR9974,mc,2018-12-21 22:37:53,BRST,SettledInstallment,1645454390203908,BRL,,36.82,1,BRL,,0.00,1.01,,,,,0000024984,40618122203003829101,mccredit,87,,,,,,,,Capture Request bookingId 116390
TurbiBR,TurbiBRCOM,4345454323727798,116422 | 8507138 | 127943 | 53 | GGQ1493,mc,2018-12-22 00:02:47,BRST,SettledInstallment,4545454441217415,BRL,,47.68,1,BRL,,0.00,1.31,,,,,0000024984,40618122203003829101,mccredit,87,,,,,,,,Capture Request bookingId 116422
TurbiBR,TurbiBRCOM,4845454985828731,116512 | 8500687 | 128033 | 55 | FKS8658,mc,2018-12-22 15:33:04,BRST,SettledInstallment,1545454999200462,BRL,,81.60,1,BRL,,0.00,2.24,,,,,0000024984,40618122203003829101,mccredit,87,,,,,,,,Capture Request bookingId 116512
TurbiBR,TurbiBRCOM,4625453016942509,116243 | 8510170 | 127764 | 67 | FVV7524,mc,2018-12-22 15:49:41,BRST,RefundedInstallment,1825455009233634,BRL,30.00,,1,BRL,30.00,,,,,,,,,mccredit,87,,,,,,,,Refund Request bookingId 116243
TurbiBR,TurbiBRCOM,4825451202405800,116060 | 8524059 | 127580 | 27 | GIE0915,mc,2018-12-22 14:25:11,BRST,RefundedInstallment,1825454957409676,BRL,500.00,,1,BRL,500.00,,,,,,,,,mccredit,87,,,,,,,,Refund Request bookingId 116060
TurbiBR,TurbiBRCOM,4625450769542171,116060 | 8524059 | 127580 | 27 | GIE0915,mc,2018-12-22 14:25:11,BRST,RefundedInstallment,1825454957403976,BRL,1200.00,,1,BRL,1200.00,,,,,,,,,mccredit,87,,,,,,,,Refund Request bookingId 116060
TurbiBR,TurbiBRCOM,1325452078405545,116060 | 8524059 | 127580 | 27 | GIE0915,mc,2018-12-22 14:25:12,BRST,RefundedInstallment,1525454957408408,BRL,446.79,,1,BRL,446.79,,,,,,,,,mccredit,87,,,,,,,,Refund Request bookingId 116060
TurbiBR,TurbiBRCOM,4525454141187482,116384 | 8524059 | 127905 | 33 | FYM1511,mc,2018-12-22 14:24:58,BRST,RefundedInstallment,1625454957239521,BRL,30.00,,1,BRL,30.00,,,,,,,,,mccredit,87,,,,,,,,Refund Request bookingId 116384
TurbiBR,TurbiBRCOM,1525454805429895,116475 | 8508656 | 127996 | 20 | FUD3683,mc,2018-12-22 14:43:22,BRST,SettledInstallment,4525454969219086,BRL,,36.92,1,BRL,,0.00,1.02,,,,,0000024984,20618122203003829101,mccredit,87,,,,,,,,Capture Request bookingId 116475
TurbiBR,TurbiBRCOM,4825454322877577,116421 | 8525784 | 127942 | 32 | FXT6395,mc,2018-12-22 10:33:02,BRST,SettledInstallment,1625454819216717,BRL,,111.44,1,BRL,,0.00,3.06,,,,,0000024984,20618122203003829101,mccredit,87,,,,,,,,Capture Request bookingId 116421
TurbiBR,TurbiBRCOM,4325454788303055,116471 | 8525645 | 127992 | 36 | GFN9743,mc,2018-12-22 15:52:59,BRST,SettledInstallment,1525455011212520,BRL,,108.37,1,BRL,,0.00,2.98,,,,,0000024984,20618122203003829101,mccredit,87,,,,,,,,Capture Request bookingId 116471
TurbiBR,TurbiBRCOM,4625455027818800,116517 | 8496923 | 128038 | 26 | GJJ0014,mc,2018-12-22 17:09:42,BRST,RefundedInstallment,4625455057226155,BRL,50.00,,1,BRL,50.00,,,,,,,,,mccredit,87,,,,,,,,Refund Request bookingId 116517
TurbiBR,TurbiBRCOM,4725454058580354,116371 | 8505122 | 127892 | 36 | GFN9743,mc,2018-12-21 22:32:56,BRST,SettledInstallment,1625454387211488,BRL,,70.07,1,BRL,,0.00,1.93,,,,,0000024984,20618122203003829101,mccredit,87,,,,,,,,Capture Request bookingId 116371
TurbiBR,TurbiBRCOM,4325454806776142,116476 | 8499010 | 127997 | 33 | FYM1511,mc,2018-12-22 20:22:49,BRST,SettledInstallment,4325455173208320,BRL,,96.11,1,BRL,,0.00,2.64,,,,,0000024984,20618122203003829101,mccredit,87,,,,,,,,Capture Request bookingId 116476
TurbiBR,TurbiBRCOM,4525454284213871,116404 | 8523106 | 127925 | 42 | GCE5762,mc,2018-12-22 06:08:09,BRST,SettledInstallment,1725454660212236,BRL,,124.22,1,BRL,,0.00,3.42,,,,,0000024984,20618122203003829101,mccredit,87,,,,,,,,Capture Request bookingId 116404
TurbiBR,TurbiBRCOM,4525454854837679,116491 | 8528372 | 128012 | 4 | GIE2734,mc,2018-12-22 12:12:58,BRST,SettledInstallment,4625454879202411,BRL,,50.00,1,BRL,,0.00,1.38,,,,,0000024984,20618122203003829101,mccredit,87,,,,,,,,Capture Request bookingId 116491
TurbiBR,TurbiBRCOM,1325454851474425,116490 | 8499745 | 128011 | 26 | GJJ0014,mc,2018-12-22 16:22:53,BRST,SettledInstallment,4325455029217749,BRL,,86.38,1,BRL,,0.00,2.38,,,,,0000024984,20618122203003829101,mccredit,87,,,,,,,,Capture Request bookingId 116490
TurbiBR,TurbiBRCOM,4725454772889941,116467 | 8502890 | 127988 | 41 | FCC3441,mc,2018-12-22 18:52:55,BRST,SettledInstallment,4625455119210700,BRL,,100.60,1,BRL,,0.00,2.77,,,,,0000024984,20618122203003829101,mccredit,87,,,,,,,,Capture Request bookingId 116467
TurbiBR,TurbiBRCOM,1325455021822773,116516 | 8528409 | 128037 | 49 | GDG8981,mc,2018-12-22 16:32:57,BRST,SettledInstallment,1325455035203036,BRL,,30.00,1,BRL,,0.00,0.82,,,,,0000024984,20618122203003829101,mccredit,87,,,,,,,,Capture Request bookingId 116516
TurbiBR,TurbiBRCOM,1325454185665359,116391 | 8919 | 127912 | 35 | GEP0747,mc,2018-12-22 00:22:44,BRST,SettledInstallment,4725454453200608,BRL,,58.31,1,BRL,,0.00,1.60,,,,,0000024984,20618122203003829101,mccredit,87,,,,,,,,Capture Request bookingId 116391
TurbiBR,TurbiBRCOM,1525454072430386,116375 | 8524059 | 127896 | 27 | GIE0915,mc,2018-12-22 14:25:04,BRST,RefundedInstallment,1625454957307310,BRL,100.00,,1,BRL,100.00,,,,,,,,,mccredit,87,,,,,,,,Refund Request bookingId 116375
TurbiBR,TurbiBRCOM,1525453932036805,116358 | 8501957 | 127879 | 47 | GET4023,mc,2018-12-22 18:32:22,BRST,RefundedInstallment,1325455106842498,BRL,71.34,,1,BRL,71.34,,,,,,,,,mccredit,87,,,,,,,,116358 | 8501957 | 127879 | 47 | GET4023
TurbiBR,TurbiBRCOM,1325454381258363,116425 | 8496513 | 127946 | 62 | GJR9212,mc,2018-12-22 03:37:54,BRST,SettledInstallment,4825454570218870,BRL,,78.46,1,BRL,,0.00,2.16,,,,,0000024984,20618122203003829101,mccredit,87,,,,,,,,Capture Request bookingId 116425
TurbiBR,TurbiBRCOM,1325451640419679,116060 | 8524059 | 127580 | 27 | GIE0915,mc,2018-12-22 14:25:11,BRST,RefundedInstallment,1325454957404292,BRL,500.00,,1,BRL,500.00,,,,,,,,,mccredit,87,,,,,,,,Refund Request bookingId 116060
TurbiBR,TurbiBRCOM,4525454854837679,116491 | 8528372 | 128012 | 4 | GIE2734,mc,2018-12-22 12:21:41,BRST,RefundedInstallment,4525454884284637,BRL,50.00,,1,BRL,50.00,,,,,,,,,mccredit,87,,,,,,,,Refund Request bookingId 116491
TurbiBR,TurbiBRCOM,4625455027818800,116517 | 8496923 | 128038 | 26 | GJJ0014,mc,2018-12-22 17:03:35,BRST,SettledInstallment,1525455053216819,BRL,,50.00,1,BRL,,0.00,1.38,,,,,0000024984,20618122203003829101,mccredit,87,,,,,,,,Capture Request bookingId 116517
TurbiBR,TurbiBRCOM,4735440971685873,115096 | 8502819 | 126618 | 14 | GDW3904,mc,2018-12-22 16:35:48,BRST,RefundedInstallment,1835455036925283,BRL,119.02,,1,BRL,119.02,,,,,,,,,mccredit,87,,,,,,,,Refund Request bookingId 115096
TurbiBR,TurbiBRCOM,1535454783818414,116468 | 8528189 | 127989 | 64 | GGW0873,mc,2018-12-22 16:27:54,BRST,SettledInstallment,4735455032213903,BRL,,66.53,1,BRL,,0.00,1.83,,,,,0000024984,30618122203003829101,mccredit,87,,,,,,,,Capture Request bookingId 116468
TurbiBR,TurbiBRCOM,4335454820193033,116481 | 8528149 | 128002 | 27 | GIE0915,mc,2018-12-22 16:27:54,BRST,SettledInstallment,4835455032210759,BRL,,215.29,1,BRL,,0.00,5.92,,,,,0000024984,30618122203003829101,mccredit,87,,,,,,,,Capture Request bookingId 116481
TurbiBR,TurbiBRCOM,1535452147032110,116170 | 8501326 | 127691 | 3 | GFF2698,mc,2018-12-22 02:02:47,BRST,SettledInstallment,4535454513215901,BRL,,807.70,1,BRL,,0.00,22.21,,,,,0000024984,30618122203003829101,mccredit,87,,,,,,,,Capture Request bookingId 116170
TurbiBR,TurbiBRCOM,1535453384490706,116309 | 8505386 | 127830 | 67 | FVV7524,mc,2018-12-22 19:13:03,BRST,SettledInstallment,4335455131202561,BRL,,355.73,1,BRL,,0.00,9.78,,,,,0000024984,30618122203003829101,mccredit,87,,,,,,,,Capture Request bookingId 116309
TurbiBR,TurbiBRCOM,1635454980509468,116509 | 8522810 | 128030 | 43 | GCK0375,mc,2018-12-22 19:27:59,BRST,SettledInstallment,4335455140213815,BRL,,67.50,1,BRL,,0.00,1.86,,,,,0000024984,30618122203003829101,mccredit,87,,,,,,,,Capture Request bookingId 116509
TurbiBR,TurbiBRCOM,4835454955249571,116505 | 8524059 | 128026 | 4 | GIE2734,mc,2018-12-22 14:29:40,BRST,SettledInstallment,4835454960219569,BRL,,50.00,1,BRL,,0.00,1.38,,,,,0000024984,30618122203003829101,mccredit,87,,,,,,,,Capture Request bookingId 116505
TurbiBR,TurbiBRCOM,4335453849289632,116344 | 8506369 | 127865 | 71 | GEJ2081,mc,2018-12-22 00:07:54,BRST,SettledInstallment,4535454444217661,BRL,,152.72,1,BRL,,0.00,4.20,,,,,0000024984,30618122203003829101,mccredit,87,,,,,,,,Capture Request bookingId 116344
TurbiBR,TurbiBRCOM,1635454645214470,116439 | 8507211 | 127960 | 40 | FJC0776,mc,2018-12-22 12:33:02,BRST,SettledInstallment,1535454891202782,BRL,,73.62,1,BRL,,0.00,2.02,,,,,0000024984,30618122203003829101,mccredit,87,,,,,,,,Capture Request bookingId 116439
TurbiBR,TurbiBRCOM,1535454795165861,116474 | 8496010 | 127995 | 37 | GHQ9495,mc,2018-12-22 13:57:56,BRST,SettledInstallment,1735454942215575,BRL,,41.73,1,BRL,,0.00,1.15,,,,,0000024984,30618122203003829101,mccredit,87,,,,,,,,Capture Request bookingId 116474
TurbiBR,TurbiBRCOM,1835454480124493,116437 | 8520388 | 127958 | 70 | FJV8602,mc,2018-12-22 05:13:02,BRST,SettledInstallment,4335454627214123,BRL,,41.85,1,BRL,,0.00,1.15,,,,,0000024984,30618122203003829101,mccredit,87,,,,,,,,Capture Request bookingId 116437
TurbiBR,TurbiBRCOM,4535453080268533,116254 | 8501957 | 127775 | 47 | GET4023,mc,2018-12-22 18:26:15,BRST,RefundedInstallment,1735455103187693,BRL,36.70,,1,BRL,36.70,,,,,,,,,mccredit,87,,,,,,,,Refund Request bookingId 116254
TurbiBR,TurbiBRCOM,1835453845653527,116343 | 8521973 | 127864 | 37 | GHQ9495,mc,2018-12-22 09:43:00,BRST,SettledInstallment,1735454789201936,BRL,,198.59,1,BRL,,0.00,5.46,,,,,0000024984,30618122203003829101,mccredit,87,,,,,,,,Capture Request bookingId 116343
TurbiBR,TurbiBRCOM,1835454659362650,116442 | 8496097 | 127963 | 61 | GCE7705,mc,2018-12-22 15:22:59,BRST,SettledInstallment,4735454993211063,BRL,,107.94,1,BRL,,0.00,2.97,,,,,0000024984,30618122203003829101,mccredit,87,,,,,,,,Capture Request bookingId 116442
TurbiBR,TurbiBRCOM,1835453845653527,116343 | 8521973 | 127864 | 37 | GHQ9495,mc,2018-12-22 11:51:52,BRST,RefundedInstallment,1635454866524904,BRL,80.71,,1,BRL,80.71,,,,,,,,,mccredit,87,,,,,,,,116343 | 8521973 | 127864 | 37 | GHQ9495
TurbiBR,TurbiBRCOM,1615455349073975,116556 | 8101 | 128077 | 4 | GIE2734,mc,2018-12-23 01:22:49,BRST,SettledInstallment,1815455353214521,BRL,,50.00,1,BRL,,0.00,1.38,,,,48.62,0000024984,10618122302903829101,mccredit,87,,,,,,,,Capture Request bookingId 116556
TurbiBR,TurbiBRCOM,4715455089543693,116527 | 8502583 | 128048 | 64 | GGW0873,mc,2018-12-22 22:47:48,BRST,SettledInstallment,4615455260216334,BRL,,25.71,1,BRL,,0.00,0.71,,,,25.00,0000024984,10618122302903829101,mccredit,87,,,,,,,,Capture Request bookingId 116527
TurbiBR,TurbiBRCOM,1715455231552663,116543 | 8520904 | 128064 | 33 | FYM1511,mc,2018-12-23 06:52:51,BRST,SettledInstallment,4515455551216366,BRL,,164.10,1,BRL,,0.00,4.51,,,,159.59,0000024984,10618122302903829101,mccredit,87,,,,,,,,Capture Request bookingId 116543
TurbiBR,TurbiBRCOM,4515454937162931,116499 | 8502787 | 128020 | 68 | GFT7592,mc,2018-12-23 03:07:46,BRST,SettledInstallment,4515455416218110,BRL,,144.40,1,BRL,,0.00,3.97,,,,140.43,0000024984,10618122302903829101,mccredit,87,,,,,,,,Capture Request bookingId 116499
TurbiBR,TurbiBRCOM,1315455421530028,116557 | 8497850 | 128078 | 4 | GIE2734,mc,2018-12-23 07:25:15,BRST,SettledInstallment,4515455569219444,BRL,,81.53,1,BRL,,0.00,2.24,,,,79.29,0000024984,10618122302903829101,mccredit,87,,,,,,,,Capture Request bookingId 116557
TurbiBR,TurbiBRCOM,1715455216399882,116539 | 8504708 | 128060 | 47 | GET4023,mc,2018-12-23 06:52:51,BRST,SettledInstallment,4615455551215490,BRL,,93.33,1,BRL,,0.00,2.57,,,,90.76,0000024984,10618122302903829101,mccredit,87,,,,,,,,Capture Request bookingId 116539
TurbiBR,TurbiBRCOM,4715454712995578,116451 | 8524825 | 127972 | 13 | FXH7648,mc,2018-12-23 11:02:47,BRST,SettledInstallment,4515455701217975,BRL,,201.76,1,BRL,,0.00,5.55,,,,196.21,0000024984,10618122302903829101,mccredit,87,,,,,,,,Capture Request bookingId 116451
TurbiBR,TurbiBRCOM,4615455814916298,116585 | 8498797 | 128106 | 61 | GCE7705,mc,2018-12-23 14:52:50,BRST,SettledInstallment,4815455839213018,BRL,,30.00,1,BRL,,0.00,0.82,,,,29.18,0000024984,10618122302903829101,mccredit,87,,,,,,,,Capture Request bookingId 116585
TurbiBR,TurbiBRCOM,1815455601953391,116563 | 8505974 | 128084 | 68 | GFT7592,mc,2018-12-23 18:42:49,BRST,SettledInstallment,4815455977217615,BRL,,148.60,1,BRL,,0.00,4.09,,,,144.51,0000024984,10618122302903829101,mccredit,87,,,,,,,,Capture Request bookingId 116563
TurbiBR,TurbiBRCOM,1815455654314913,116572 | 8501477 | 128093 | 42 | GCE5762,mc,2018-12-23 16:32:43,BRST,SettledInstallment,1815455899218036,BRL,,19.74,1,BRL,,0.00,0.54,,,,19.20,0000024984,10618122302903829101,mccredit,87,,,,,,,,Capture Request bookingId 116572
TurbiBR,TurbiBRCOM,1815455890065451,116591 | 8508182 | 128112 | 27 | GIE0915,mc,2018-12-23 19:47:54,BRST,SettledInstallment,1315456016211198,BRL,,157.80,1,BRL,,0.00,4.34,,,,153.46,0000024984,10618122302903829101,mccredit,87,,,,,,,,Capture Request bookingId 116591
TurbiBR,TurbiBRCOM,1715454999057155,116514 | 8500687 | 128035 | 55 | FKS8658,mc,2018-12-23 00:22:46,BRST,SettledInstallment,1715455317211267,BRL,,103.10,1,BRL,,0.00,2.84,,,,100.26,0000024984,10618122302903829101,mccredit,87,,,,,,,,Capture Request bookingId 116514
TurbiBR,TurbiBRCOM,1815454815676070,116480 | 8525314 | 128001 | 32 | FXT6395,mc,2018-12-22 22:52:54,BRST,SettledInstallment,4315455263214362,BRL,,186.10,1,BRL,,0.00,5.12,,,,180.98,0000024984,10618122302903829101,mccredit,87,,,,,,,,Capture Request bookingId 116480
TurbiBR,TurbiBRCOM,1325455021822773,116516 | 8528409 | 128037 | 49 | GDG8981,mc,2018-12-23 02:43:48,BRST,RefundedInstallment,1325455401782613,BRL,30.00,,1,BRL,30.00,,,,,,,,,mccredit,87,,,,,,,,Refund Request bookingId 116516
TurbiBR,TurbiBRCOM,4725455010147372,116515 | 8498670 | 128036 | 36 | GFN9743,mc,2018-12-23 12:17:53,BRST,SettledInstallment,4825455746214172,BRL,,254.31,1,BRL,,0.00,6.99,,,,,0000024984,20618122302903829101,mccredit,87,,,,,,,,Capture Request bookingId 116515
TurbiBR,TurbiBRCOM,1725454242812198,116398 | 8506929 | 127919 | 29 | GKH1148,mc,2018-12-22 21:08:00,BRST,SettledInstallment,1725455200213394,BRL,,172.75,1,BRL,,0.00,4.75,,,,,0000024984,20618122302903829101,mccredit,87,,,,,,,,Capture Request bookingId 116398
TurbiBR,TurbiBRCOM,4725455769876296,116582 | 8523594 | 128103 | 28 | GKE6583,mc,2018-12-23 19:12:45,BRST,SettledInstallment,1825455995215470,BRL,,73.03,1,BRL,,0.00,2.01,,,,,0000024984,20618122302903829101,mccredit,87,,,,,,,,Capture Request bookingId 116582
TurbiBR,TurbiBRCOM,4825455583265378,116559 | 8507211 | 128080 | 41 | FCC3441,mc,2018-12-23 08:22:45,BRST,SettledInstallment,4725455605219487,BRL,,30.00,1,BRL,,0.00,0.82,,,,,0000024984,20618122302903829101,mccredit,87,,,,,,,,Capture Request bookingId 116559
TurbiBR,TurbiBRCOM,4625455820637506,116587 | 8503956 | 128108 | 5 | FSN3833,mc,2018-12-23 18:52:59,BRST,SettledInstallment,1725455983218636,BRL,,67.82,1,BRL,,0.00,1.86,,,,,0000024984,20618122302903829101,mccredit,87,,,,,,,,Capture Request bookingId 116587
TurbiBR,TurbiBRCOM,4825455270477153,116552 | 8521054 | 128073 | 32 | FXT6395,mc,2018-12-23 16:28:00,BRST,SettledInstallment,4825455896213586,BRL,,183.10,1,BRL,,0.00,5.04,,,,,0000024984,20618122302903829101,mccredit,87,,,,,,,,Capture Request bookingId 116552
TurbiBR,TurbiBRCOM,4725455131098454,116530 | 8503822 | 128051 | 41 | FCC3441,mc,2018-12-23 01:12:45,BRST,SettledInstallment,1325455347202981,BRL,,57.78,1,BRL,,0.00,1.59,,,,,0000024984,20618122302903829101,mccredit,87,,,,,,,,Capture Request bookingId 116530
TurbiBR,TurbiBRCOM,4845454286790978,116407 | 8527139 | 127928 | 28 | GKE6583,mc,2018-12-23 12:22:55,BRST,SettledInstallment,4345455749215631,BRL,,258.00,1,BRL,,250.90,7.10,,,,,,,mccredit,87,,,,,,,,Capture Request bookingId 116407
TurbiBR,TurbiBRCOM,4645455222332124,116541 | 8500132 | 128062 | 61 | GCE7705,mc,2018-12-23 14:02:59,BRST,SettledInstallment,4545455809214753,BRL,,118.25,1,BRL,,115.00,3.25,,,,,,,mccredit,87,,,,,,,,Capture Request bookingId 116541
TurbiBR,TurbiBRCOM,4545454706097544,116447 | 8497256 | 127968 | 42 | GCE5762,mc,2018-12-22 23:37:52,BRST,SettledInstallment,4345455290215790,BRL,,195.69,1,BRL,,190.31,5.38,,,,,,,mccredit,87,,,,,,,,Capture Request bookingId 116447
TurbiBR,TurbiBRCOM,4845455645171271,116571 | 8522793 | 128092 | 4 | GIE2734,mc,2018-12-23 15:07:50,BRST,SettledInstallment,4745455848206941,BRL,,74.01,1,BRL,,71.97,2.04,,,,,,,mccredit,87,,,,,,,,Capture Request bookingId 116571
TurbiBR,TurbiBRCOM,4845455344855877,116555 | 8524059 | 128076 | 4 | GIE2734,mc,2018-12-23 01:18:02,BRST,SettledInstallment,4545455350210051,BRL,,50.00,1,BRL,,48.62,1.38,,,,,,,mccredit,87,,,,,,,,Capture Request bookingId 116555
TurbiBR,TurbiBRCOM,4345455616753615,116567 | 8528448 | 128088 | 27 | GIE0915,mc,2018-12-23 14:12:51,BRST,SettledInstallment,4545455815218145,BRL,,281.08,1,BRL,,273.35,7.73,,,,,,,mccredit,87,,,,,,,,Capture Request bookingId 116567
TurbiBR,TurbiBRCOM,4645455228387015,116542 | 8621 | 128063 | 5 | FSN3833,mc,2018-12-23 14:22:53,BRST,SettledInstallment,1645455821211238,BRL,,303.40,1,BRL,,295.06,8.34,,,,,,,mccredit,87,,,,,,,,Capture Request bookingId 116542
TurbiBR,TurbiBRCOM,4745455544629503,116558 | 8506985 | 128079 | 43 | GCK0375,mc,2018-12-23 13:57:56,BRST,SettledInstallment,4845455806217541,BRL,,87.27,1,BRL,,84.87,2.40,,,,,,,mccredit,87,,,,,,,,Capture Request bookingId 116558
TurbiBR,TurbiBRCOM,4545455684662464,116574 | 8505019 | 128095 | 23 | FLQ7676,mc,2018-12-23 20:02:57,BRST,SettledInstallment,1845456025219462,BRL,,154.31,1,BRL,,150.07,4.24,,,,,,,mccredit,87,,,,,,,,Capture Request bookingId 116574
TurbiBR,TurbiBRCOM,4745455138457675,116532 | 8498823 | 128053 | 43 | GCK0375,mc,2018-12-23 00:32:52,BRST,SettledInstallment,4745455323200443,BRL,,63.20,1,BRL,,61.46,1.74,,,,,,,mccredit,87,,,,,,,,Capture Request bookingId 116532
TurbiBR,TurbiBRCOM,1745455621628259,116568 | 8502583 | 128089 | 17 | GGF3956,mc,2018-12-23 20:27:48,BRST,SettledInstallment,4345456040201114,BRL,,96.38,1,BRL,,93.73,2.65,,,,,,,mccredit,87,,,,,,,,Capture Request bookingId 116568
TurbiBR,TurbiBRCOM,4645454206016266,116394 | 8526466 | 127915 | 22 | FWL2173,mc,2018-12-23 17:52:47,BRST,SettledInstallment,1845455947203893,BRL,,1262.93,1,BRL,,1228.20,34.73,,,,,,,mccredit,87,,,,,,,,Capture Request bookingId 116394
TurbiBR,TurbiBRCOM,1635455034487445,116518 | 8528409 | 128039 | 49 | GDG8981,mc,2018-12-23 02:32:53,BRST,SettledInstallment,1635455395216359,BRL,,195.77,1,BRL,,0.00,5.38,,,,,0000024984,30618122302903829101,mccredit,87,,,,,,,,Capture Request bookingId 116518
TurbiBR,TurbiBRCOM,4835454955249571,116505 | 8524059 | 128026 | 4 | GIE2734,mc,2018-12-22 21:13:11,BRST,RefundedInstallment,1835455203447970,BRL,50.00,,1,BRL,50.00,,,,,,,,,mccredit,87,,,,,,,,Refund Request bookingId 116505
TurbiBR,TurbiBRCOM,4535455268032979,116551 | 8517427 | 128072 | 64 | GGW0873,mc,2018-12-23 07:32:53,BRST,SettledInstallment,1335455575215232,BRL,,87.96,1,BRL,,0.00,2.42,,,,,0000024984,30618122302903829101,mccredit,87,,,,,,,,Capture Request bookingId 116551
TurbiBR,TurbiBRCOM,1535455789811527,116583 | 8497350 | 128104 | 7 | GCW5563,mc,2018-12-23 19:17:47,BRST,SettledInstallment,1535455998209976,BRL,,220.74,1,BRL,,0.00,6.07,,,,,0000024984,30618122302903829101,mccredit,87,,,,,,,,Capture Request bookingId 116583
TurbiBR,TurbiBRCOM,1735455657234230,116573 | 8525314 | 128094 | 37 | GHQ9495,mc,2018-12-23 19:17:47,BRST,SettledInstallment,1635455998208878,BRL,,122.44,1,BRL,,0.00,3.37,,,,,0000024984,30618122302903829101,mccredit,87,,,,,,,,Capture Request bookingId 116573
TurbiBR,TurbiBRCOM,1535455114119893,116529 | 8503043 | 128050 | 8 | GCE1566,mc,2018-12-23 00:22:46,BRST,SettledInstallment,1335455317217223,BRL,,171.60,1,BRL,,0.00,4.72,,,,,0000024984,30618122302903829101,mccredit,87,,,,,,,,Capture Request bookingId 116529
TurbiBR,TurbiBRCOM,1535455153670426,116533 | 8521957 | 128054 | 17 | GGF3956,mc,2018-12-22 22:47:46,BRST,SettledInstallment,4635455260210564,BRL,,37.25,1,BRL,,0.00,1.02,,,,,0000024984,30618122302903829101,mccredit,87,,,,,,,,Capture Request bookingId 116533
TurbiBR,TurbiBRCOM,1735454745406819,116460 | 8504157 | 127981 | 54 | GDP6156,mc,2018-12-24 09:07:55,BRST,SettledInstallment,4335456496212427,BRL,,238.42,1,BRL,,0.00,6.56,,,,,0000024984,30618122402803829101,mccredit,87,,,,,,,,Capture Request bookingId 116460
TurbiBR,TurbiBRCOM,1335456711026319,116647 | 8507211 | 128168 | 8 | GCE1566,mc,2018-12-24 15:44:44,BRST,RefundedInstallment,4835456734382136,BRL,100.00,,1,BRL,100.00,,,,,,,,,mccredit,87,,,,,,,,Refund Request bookingId 116647
TurbiBR,TurbiBRCOM,1535456745003860,116650 | 8499031 | 128171 | 27 | GIE0915,mc,2018-12-24 19:32:56,BRST,SettledInstallment,4535456871213964,BRL,,142.64,1,BRL,,0.00,3.92,,,,,0000024984,30618122402803829101,mccredit,87,,,,,,,,Capture Request bookingId 116650
TurbiBR,TurbiBRCOM,4635456532870334,116641 | 8506144 | 128162 | 22 | FWL2173,mc,2018-12-24 17:27:55,BRST,SettledInstallment,1835456796210353,BRL,,285.87,1,BRL,,0.00,7.86,,,,,0000024984,30618122402803829101,mccredit,87,,,,,,,,Capture Request bookingId 116641
TurbiBR,TurbiBRCOM,1635453814737220,116342 | 8526974 | 127863 | 56 | GCB5654,mc,2018-12-24 18:12:55,BRST,SettledInstallment,1535456823219727,BRL,,658.75,1,BRL,,0.00,18.12,,,,,0000024984,30618122402803829101,mccredit,87,,,,,,,,Capture Request bookingId 116342
TurbiBR,TurbiBRCOM,1335456711026319,116647 | 8507211 | 128168 | 8 | GCE1566,mc,2018-12-24 15:43:16,BRST,SettledInstallment,1335456733426992,BRL,,100.00,1,BRL,,0.00,2.75,,,,,0000024984,30618122402803829101,mccredit,87,,,,,,,,Capture Request bookingId 116647
TurbiBR,TurbiBRCOM,1845456772311678,116651 | 8528600 | 128172 | 23 | FLQ7676,mc,2018-12-24 17:13:00,BRST,SettledInstallment,1545456787210546,BRL,,50.00,1,BRL,,0.00,1.38,,,,,0000024984,40618122402803829101,mccredit,87,,,,,,,,Capture Request bookingId 116651
TurbiBR,TurbiBRCOM,4345456531660364,116640 | 8510163 | 128161 | 8 | GCE1566,mc,2018-12-24 13:42:48,BRST,SettledInstallment,1845456661209306,BRL,,106.13,1,BRL,,0.00,2.92,,,,,0000024984,40618122402803829101,mccredit,87,,,,,,,,Capture Request bookingId 116640
TurbiBR,TurbiBRCOM,1745456641695609,116644 | 8500009 | 128165 | 7 | GCW5563,mc,2018-12-24 13:47:50,BRST,SettledInstallment,4845456664215601,BRL,,100.00,1,BRL,,0.00,2.75,,,,,0000024984,40618122402803829101,mccredit,87,,,,,,,,Capture Request bookingId 116644
TurbiBR,TurbiBRCOM,1745456641695609,116644 | 8500009 | 128165 | 7 | GCW5563,mc,2018-12-24 13:50:26,BRST,RefundedInstallment,4845456665776841,BRL,100.00,,1,BRL,100.00,,,,,,,,,mccredit,87,,,,,,,,Refund Request bookingId 116644
TurbiBR,TurbiBRCOM,4715455609293886,116565 | 8507211 | 128086 | 41 | FCC3441,mc,2018-12-23 23:37:50,BRST,SettledInstallment,1315456154214582,BRL,,177.94,1,BRL,,0.00,4.89,,,,173.05,0000024984,10618122402803829101,mccredit,87,,,,,,,,Capture Request bookingId 116565
TurbiBR,TurbiBRCOM,4315455626390420,116569 | 8505969 | 128090 | 47 | GET4023,mc,2018-12-23 21:02:51,BRST,SettledInstallment,1615456061212221,BRL,,107.10,1,BRL,,0.00,2.95,,,,104.15,0000024984,10618122402803829101,mccredit,87,,,,,,,,Capture Request bookingId 116569
TurbiBR,TurbiBRCOM,1615456073984569,116605 | 8825 | 128126 | 47 | GET4023,mc,2018-12-24 00:57:47,BRST,SettledInstallment,4615456202209437,BRL,,44.46,1,BRL,,0.00,1.22,,,,43.24,0000024984,10618122402803829101,mccredit,87,,,,,,,,Capture Request bookingId 116605
TurbiBR,TurbiBRCOM,4515454924145600,116498 | 8496237 | 128019 | 40 | FJC0776,mc,2018-12-24 17:47:43,BRST,SettledInstallment,4315456808206111,BRL,,100.44,1,BRL,,0.00,2.76,,,,97.68,0000024984,10618122402803829101,mccredit,87,,,,,,,,Capture Request bookingId 116498
TurbiBR,TurbiBRCOM,1615455349073975,116556 | 8101 | 128077 | 4 | GIE2734,mc,2018-12-24 08:27:51,BRST,RefundedInstallment,1715456472140978,BRL,50.00,,1,BRL,50.00,,,,,,,,,mccredit,87,,,,,,,,Refund Request bookingId 116556
TurbiBR,TurbiBRCOM,4525454289810192,116409 | 8522771 | 127930 | 46 | FZP6949,mc,2018-12-23 23:52:51,BRST,SettledInstallment,4625456163208418,BRL,,348.68,1,BRL,,0.00,9.59,,,,,0000024984,20618122402803829101,mccredit,87,,,,,,,,Capture Request bookingId 116409
TurbiBR,TurbiBRCOM,4325456613257802,116643 | 8507211 | 128164 | 7 | GCW5563,mc,2018-12-24 15:03:16,BRST,RefundedInstallment,1625456708958648,BRL,100.00,,1,BRL,100.00,,,,,,,,,mccredit,87,,,,,,,,Refund Request bookingId 116643
TurbiBR,TurbiBRCOM,1825456786748562,116652 | 8525302 | 128173 | 23 | FLQ7676,mc,2018-12-24 17:37:51,BRST,SettledInstallment,4525456802200264,BRL,,50.00,1,BRL,,0.00,1.38,,,,,0000024984,20618122402803829101,mccredit,87,,,,,,,,Capture Request bookingId 116652
TurbiBR,TurbiBRCOM,1725456666721813,116645 | 8500009 | 128166 | 7 | GCW5563,mc,2018-12-24 17:33:03,BRST,SettledInstallment,4825456799211818,BRL,,189.12,1,BRL,,0.00,5.20,,,,,0000024984,20618122402803829101,mccredit,87,,,,,,,,Capture Request bookingId 116645
TurbiBR,TurbiBRCOM,1625454974820683,116508 | 8505783 | 128029 | 3 | GFF2698,mc,2018-12-24 15:22:55,BRST,SettledInstallment,1725456721207451,BRL,,489.00,1,BRL,,0.00,13.45,,,,,0000024984,20618122402803829101,mccredit,87,,,,,,,,Capture Request bookingId 116508
TurbiBR,TurbiBRCOM,4625456524374636,116635 | 8525314 | 128156 | 27 | GIE0915,mc,2018-12-24 15:48:03,BRST,SettledInstallment,4625456736217599,BRL,,214.95,1,BRL,,0.00,5.91,,,,,0000024984,20618122402803829101,mccredit,87,,,,,,,,Capture Request bookingId 116635
TurbiBR,TurbiBRCOM,4625456408133892,116615 | 8528562 | 128136 | 10 | FQR9974,mc,2018-12-24 10:57:47,BRST,SettledInstallment,4625456562211328,BRL,,66.43,1,BRL,,0.00,1.83,,,,,0000024984,20618122402803829101,mccredit,87,,,,,,,,Capture Request bookingId 116615
TurbiBR,TurbiBRCOM,4725456809273908,116658 | 8101 | 128179 | 40 | FJC0776,mc,2018-12-24 18:02:54,BRST,SettledInstallment,4725456817208938,BRL,,30.00,1,BRL,,0.00,0.82,,,,,0000024984,20618122402803829101,mccredit,87,,,,,,,,Capture Request bookingId 116658
TurbiBR,TurbiBRCOM,1525453098589639,116260 | 8506235 | 127781 | 53 | GGQ1493,mc,2018-12-24 12:22:35,BRST,RefundedInstallment,4825456613018548,BRL,53.59,,1,BRL,53.59,,,,,,,,,mccredit,87,,,,,,,,Refund Request bookingId 116260
TurbiBR,TurbiBRCOM,1325455902292237,116592 | 8504109 | 128113 | 32 | FXT6395,mc,2018-12-24 01:47:48,BRST,SettledInstallment,4625456232207938,BRL,,118.30,1,BRL,,0.00,3.25,,,,,0000024984,20618122402803829101,mccredit,87,,,,,,,,Capture Request bookingId 116592
TurbiBR,TurbiBRCOM,4325456613257802,116643 | 8507211 | 128164 | 7 | GCW5563,mc,2018-12-24 12:57:53,BRST,SettledInstallment,1725456634208471,BRL,,100.00,1,BRL,,0.00,2.75,,,,,0000024984,20618122402803829101,mccredit,87,,,,,,,,Capture Request bookingId 116643
TurbiBR,TurbiBRCOM,,"Payout Date=2019-01-23, Bank=341, Branch=8886, Account=253338",,2019-01-22 02:12:10,BRST,MerchantPayout,"TX24284996884XT batch 87, TurbiBRCOM batch 87, TurbiBRCOM",,,,,BRL,586.55,,,,,,,,,,87,,,,,,,,
