Company Account,Merchant Account,Psp Reference,Merchant Reference,Payment Method,Creation Date,TimeZone,Type,Modification Reference,Gross Currency,Gross Debit (GC),Gross Credit (GC),Exchange Rate,Net Currency,Net Debit (NC),Net Credit (NC),Commission (NC),Markup (NC),Scheme Fees (NC),Interchange (NC),Payment Method Variant,Modification Merchant Reference,Batch Number,Reserved4,Reserved5,Reserved6,Reserved7,Reserved8,Reserved9,Reserved10
TurbiBR,TurbiBRCOM,4315424053012048,Authorise Request bookingId 113749,visa,2018-11-16 19:56:05,BRST,SettledInstallment,4615424053021137,BRL,,144.70,1,BRL,,0.00,3.98,,,,visastandardcredit,Capture Request  bookingId 113749,45,,,,,,,
TurbiBR,TurbiBRCOM,4515423930017004,Authorise Request bookingId 113841,visa,2018-11-16 16:31:05,BRST,SettledInstallment,4515423930027367,BRL,,30.00,1,BRL,,0.00,0.82,,,,visapremiumcredit,Capture Request  bookingId 113841,45,,,,,,,
TurbiBR,TurbiBRCOM,4315424032000346,Authorise Request bookingId 113836,visa,2018-11-16 19:20:49,BRST,SettledInstallment,4815424032016560,BRL,,43.02,1,BRL,,0.00,1.18,,,,visastandardcredit,Capture Request  bookingId 113836,45,,,,,,,
TurbiBR,TurbiBRCOM,1335423405007443,Authorise Request bookingId 113722,visa,2018-11-16 01:55:41,BRST,SettledInstallment,1535423405010759,BRL,,91.27,1,BRL,,0.00,2.51,,,,visapremiumcredit,Capture Request  bookingId 113722,45,,,,,,,
TurbiBR,TurbiBRCOM,4615424881002564,Authorise Request bookingId 113932,visa,2018-11-17 18:55:47,BRST,SettledInstallment,4715424881012836,BRL,,132.42,1,BRL,,0.00,3.64,,,,visapremiumcredit,Capture Request  bookingId 113932,45,,,,,,,
TurbiBR,TurbiBRCOM,1525424503149855,Authorise Request bookingId 113888,visa,2018-11-17 08:26:09,BRST,SettledInstallment,1725424503147105,BRL,,30.00,1,BRL,,0.00,0.82,,,,visastandardcredit,Capture Request  bookingId 113888,45,,,,,,,
TurbiBR,TurbiBRCOM,1825424788021925,Authorise Request bookingId 113851,visa,2018-11-17 16:20:54,BRST,SettledInstallment,1325424788030780,BRL,,130.49,1,BRL,,0.00,3.59,,,,visastandardcredit,Capture Request  bookingId 113851,45,,,,,,,
TurbiBR,TurbiBRCOM,4325424878007916,Authorise Request bookingId 113733,visa,2018-11-17 18:51:01,BRST,SettledInstallment,4525424878018820,BRL,,192.53,1,BRL,,0.00,5.29,,,,visapremiumcredit,Capture Request  bookingId 113733,45,,,,,,,
TurbiBR,TurbiBRCOM,4535424767004350,Authorise Request bookingId 113730,visa,2018-11-17 15:45:56,BRST,SettledInstallment,4335424767029565,BRL,,179.10,1,BRL,,0.00,4.93,,,,visastandardcredit,Capture Request  bookingId 113730,45,,,,,,,
TurbiBR,TurbiBRCOM,4545424878003802,Authorise Request bookingId 113947,visa,2018-11-17 18:50:44,BRST,SettledInstallment,4645424878014139,BRL,,30.00,1,BRL,,0.00,0.82,,,,visapremiumcredit,Capture Request  bookingId 113947,45,,,,,,,
TurbiBR,TurbiBRCOM,1345425787010349,Authorise Request bookingId 113973,visa,2018-11-18 20:06:02,BRST,SettledInstallment,1745425787025806,BRL,,400.40,1,BRL,,0.00,11.01,,,,visastandardcredit,Capture Request  bookingId 113973,45,,,,,,,
TurbiBR,TurbiBRCOM,1345425400015949,Authorise Request bookingId 113953,visa,2018-11-18 09:20:46,BRST,SettledInstallment,1845425400025745,BRL,,96.70,1,BRL,,0.00,2.66,,,,visastandardcredit,Capture Request  bookingId 113953,45,,,,,,,
TurbiBR,TurbiBRCOM,1615424992014371,Authorise Request bookingId 113920,visa,2018-11-17 22:01:17,BRST,SettledInstallment,1715424992011442,BRL,,87.70,1,BRL,,0.00,2.41,,,,visapremiumcredit,Capture Request  bookingId 113920,45,,,,,,,
TurbiBR,TurbiBRCOM,4615425169003711,Authorise Request bookingId 113956,visa,2018-11-18 02:55:44,BRST,SettledInstallment,4615425169019535,BRL,,58.19,1,BRL,,0.00,1.60,,,,visapremiumcredit,Capture Request  bookingId 113956,45,,,,,,,
TurbiBR,TurbiBRCOM,1325425631169881,Authorise Request bookingId 113979,visa,2018-11-18 15:46:08,BRST,SettledInstallment,1525425631165176,BRL,,109.38,1,BRL,,0.00,3.01,,,,visapremiumcredit,Capture Request  bookingId 113979,45,,,,,,,
TurbiBR,TurbiBRCOM,4615426645000685,Authorise Request bookingId 113687,visa,2018-11-19 19:55:56,BRST,SettledInstallment,4815426645013009,BRL,,452.86,1,BRL,,0.00,12.45,,,,visastandardcredit,Capture Request  bookingId 113687,45,,,,,,,
TurbiBR,TurbiBRCOM,1345425787010349,Authorise Request bookingId 113973,visa,2018-11-18 21:20:10,BRST,RefundedInstallment,1345425831560133,BRL,108.82,,1,BRL,108.82,,,,,,visastandardcredit,Authorise Request bookingId 113973,45,,,,,,,
TurbiBR,TurbiBRCOM,1645426243013254,Authorise Request bookingId 113855,visa,2018-11-19 08:45:53,BRST,SettledInstallment,1745426243026792,BRL,,409.35,1,BRL,,0.00,11.26,,,,visapremiumcredit,Capture Request  bookingId 113855,45,,,,,,,
TurbiBR,TurbiBRCOM,4745426216012104,Authorise Request bookingId 113893,visa,2018-11-19 08:00:54,BRST,SettledInstallment,4645426216028135,BRL,,200.60,1,BRL,,0.00,5.52,,,,visastandardcredit,Capture Request  bookingId 113893,45,,,,,,,
TurbiBR,TurbiBRCOM,1325426234017741,Authorise Request bookingId 113967,visa,2018-11-19 08:30:50,BRST,SettledInstallment,1625426234013044,BRL,,213.70,1,BRL,,0.00,5.88,,,,visapremiumcredit,Capture Request  bookingId 113967,45,,,,,,,
TurbiBR,TurbiBRCOM,1825426483003330,Authorise Request bookingId 113906,visa,2018-11-19 15:25:55,BRST,SettledInstallment,1325426483026096,BRL,,261.31,1,BRL,,0.00,7.19,,,,visastandardcredit,Capture Request  bookingId 113906,45,,,,,,,
TurbiBR,TurbiBRCOM,4335426564026603,Authorise Request bookingId 114017,visa,2018-11-19 17:40:57,BRST,SettledInstallment,4635426564029141,BRL,,131.45,1,BRL,,0.00,3.61,,,,visastandardcredit,Capture Request  bookingId 114017,45,,,,,,,
TurbiBR,TurbiBRCOM,,,,2018-12-18 03:29:22,BRST,Balancetransfer,Balancetransfer,,,,,BRL,,108.82,,,,,,Balancetransfer to batch 48,45,,,,,,,
