Company Account,Merchant Account,Psp Reference,Merchant Reference,Payment Method,Creation Date,TimeZone,Type,Modification Reference,Gross Currency,Gross Debit (GC),Gross Credit (GC),Exchange Rate,Net Currency,Net Debit (NC),Net Credit (NC),Commission (NC),Markup (NC),Scheme Fees (NC),Interchange (NC),Payment Method Variant,Modification Merchant Reference,Batch Number,Reserved4,Reserved5,Reserved6,Reserved7,Reserved8,Reserved9,Reserved10
TurbiBR,TurbiBRCOM,4315407497824474,Authorise Request bookingId 112301,mc,2018-10-29 20:32:22,BRT,RefundedInstallment,1815408558938014,BRL,7.63,,1,BRL,7.63,,,,,,mccredit,Authorise Request bookingId 112301,24,,,,,,,
TurbiBR,TurbiBRCOM,1615409213812737,Authorise Request bookingId 112418,mc,2018-10-30 14:43:50,BRT,SettledInstallment,1715409213829409,BRL,,13.50,1,BRL,,13.13,0.37,,,,mccredit,Capture Request  bookingId 112418,24,,,,,,,
TurbiBR,TurbiBRCOM,1845406933822972,Authorise Request bookingId 112097,mc,2018-10-29 21:31:52,BRT,RefundedInstallment,1845408594612510,BRL,265.35,,1,BRL,265.35,,,,,,mccredit,Authorise Request bookingId 112097,24,,,,,,,
TurbiBR,TurbiBRCOM,1745409351811833,Authorise Request bookingId 112420,mc,2018-10-30 18:33:48,BRT,SettledInstallment,1745409351826120,BRL,,73.74,1,BRL,,71.71,2.03,,,,mccredit,Capture Request  bookingId 112420,24,,,,,,,
TurbiBR,TurbiBRCOM,1525408598930782,Authorise Request bookingId 112391,mc,2018-10-29 21:38:54,BRT,SettledInstallment,1825408598934351,BRL,,33.22,1,BRL,,32.31,0.91,,,,mccredit,Capture Request  bookingId 112391,24,,,,,,,
TurbiBR,TurbiBRCOM,4525409324624271,Authorise Request bookingId 112432,mc,2018-10-30 17:48:35,BRT,SettledInstallment,4525409324634460,BRL,,16.90,1,BRL,,16.44,0.46,,,,mccredit,Capture Request  bookingId 112432,24,,,,,,,
TurbiBR,TurbiBRCOM,1325408679965220,Authorise Request bookingId 112384,mc,2018-10-29 23:54:07,BRT,SettledInstallment,1625408679974369,BRL,,147.34,1,BRL,,143.29,4.05,,,,mccredit,Capture Request  bookingId 112384,24,,,,,,,
TurbiBR,TurbiBRCOM,4325409324826829,Authorise Request bookingId 112425,mc,2018-10-30 17:48:51,BRT,SettledInstallment,4725409324823566,BRL,,49.23,1,BRL,,47.88,1.35,,,,mccredit,Capture Request  bookingId 112425,24,,,,,,,
TurbiBR,TurbiBRCOM,4715410179820907,Authorise Request bookingId 112452,mc,2018-10-31 17:33:57,BRT,SettledInstallment,4815410179832976,BRL,,62.46,1,BRL,,60.74,1.72,,,,mccredit,Capture Request  bookingId 112452,24,,,,,,,
TurbiBR,TurbiBRCOM,4735409516815618,Authorise Request bookingId 112445,mc,2018-10-30 23:08:49,BRT,SettledInstallment,4835409516821300,BRL,,39.43,1,BRL,,38.35,1.08,,,,mccredit,Capture Request  bookingId 112445,24,,,,,,,
TurbiBR,TurbiBRCOM,4745409582823171,Authorise Request bookingId 112451,mc,2018-10-31 00:58:57,BRT,SettledInstallment,4845409582834359,BRL,,52.80,1,BRL,,51.35,1.45,,,,mccredit,Capture Request  bookingId 112451,24,,,,,,,
TurbiBR,TurbiBRCOM,4825409612801190,Authorise Request bookingId 112447,mc,2018-10-31 01:48:41,BRT,SettledInstallment,4825409612817857,BRL,,55.85,1,BRL,,54.31,1.54,,,,mccredit,Capture Request  bookingId 112447,24,,,,,,,
TurbiBR,TurbiBRCOM,4615410986827401,Authorise Request bookingId 112557,mc,2018-11-01 15:58:55,BRT,SettledInstallment,4615410986827633,BRL,,30.00,1,BRL,,29.18,0.82,,,,mccredit,Capture Request  bookingId 112557,24,,,,,,,
TurbiBR,TurbiBRCOM,1815410752817333,Authorise Request bookingId 112514,mc,2018-11-01 09:29:55,BRT,SettledInstallment,1715410752825741,BRL,,79.66,1,BRL,,77.47,2.19,,,,mccredit,Capture Request  bookingId 112514,24,,,,,,,
TurbiBR,TurbiBRCOM,1515411001815642,Authorise Request bookingId 112363,mc,2018-11-01 16:23:50,BRT,SettledInstallment,1715411001828858,BRL,,1576.54,1,BRL,,1533.19,43.35,,,,mccredit,Capture Request  bookingId 112363,24,,,,,,,
TurbiBR,TurbiBRCOM,1515411085809016,Authorise Request bookingId 112576,mc,2018-11-01 18:43:50,BRT,SettledInstallment,1315411085810453,BRL,,30.00,1,BRL,,29.18,0.82,,,,mccredit,Capture Request  bookingId 112576,24,,,,,,,
TurbiBR,TurbiBRCOM,4315410995812892,Authorise Request bookingId 112559,mc,2018-11-01 16:13:56,BRT,SettledInstallment,4515410995827484,BRL,,30.00,1,BRL,,29.18,0.82,,,,mccredit,Capture Request  bookingId 112559,24,,,,,,,
TurbiBR,TurbiBRCOM,1735411118953082,Authorise Request bookingId 112533,mc,2018-11-01 19:39:04,BRT,SettledInstallment,1335411118967318,BRL,,105.01,1,BRL,,102.12,2.89,,,,mccredit,Capture Request  bookingId 112533,24,,,,,,,
TurbiBR,TurbiBRCOM,4335410998801914,Authorise Request bookingId 112560,mc,2018-11-01 16:20:51,BRT,SettledInstallment,4335410998815435,BRL,,30.00,1,BRL,,29.18,0.82,,,,mccredit,Capture Request  bookingId 112560,24,,,,,,,
TurbiBR,TurbiBRCOM,4335410854809241,Authorise Request bookingId 112532,mc,2018-11-01 12:19:00,BRT,SettledInstallment,4835410854819948,BRL,,30.00,1,BRL,,29.18,0.82,,,,mccredit,Capture Request  bookingId 112532,24,,,,,,,
TurbiBR,TurbiBRCOM,4835411010815408,Authorise Request bookingId 112550,mc,2018-11-01 16:38:57,BRT,SettledInstallment,4335411010822029,BRL,,30.00,1,BRL,,29.18,0.82,,,,mccredit,Capture Request  bookingId 112550,24,,,,,,,
TurbiBR,TurbiBRCOM,4635400068611076,Authorise Request bookingId 111639,mc,2018-11-01 13:01:59,BRT,RefundedInstallment,4835410880366211,BRL,47.45,,1,BRL,47.45,,,,,,mccredit,Authorise Request bookingId 111639,24,,,,,,,
TurbiBR,TurbiBRCOM,1325410821816301,Authorise Request bookingId 112528,mc,2018-11-01 11:23:57,BRT,SettledInstallment,1825410821817841,BRL,,30.00,1,BRL,,29.18,0.82,,,,mccredit,Capture Request  bookingId 112528,24,,,,,,,
TurbiBR,TurbiBRCOM,4325411037803103,Authorise Request bookingId 112570,mc,2018-11-01 17:23:52,BRT,SettledInstallment,4525411037811500,BRL,,30.00,1,BRL,,29.18,0.82,,,,mccredit,Capture Request  bookingId 112570,24,,,,,,,
TurbiBR,TurbiBRCOM,1625410989817346,Authorise Request bookingId 112558,mc,2018-11-01 16:03:59,BRT,SettledInstallment,1725410989825405,BRL,,30.00,1,BRL,,29.18,0.82,,,,mccredit,Capture Request  bookingId 112558,24,,,,,,,
TurbiBR,TurbiBRCOM,4725410833806548,Authorise Request bookingId 112519,mc,2018-11-01 11:43:59,BRT,SettledInstallment,4525410833812225,BRL,,63.13,1,BRL,,61.39,1.74,,,,mccredit,Capture Request  bookingId 112519,24,,,,,,,
TurbiBR,TurbiBRCOM,4725410869810802,Authorise Request bookingId 112537,mc,2018-11-01 12:44:02,BRT,SettledInstallment,4725410869829257,BRL,,30.00,1,BRL,,29.18,0.82,,,,mccredit,Capture Request  bookingId 112537,24,,,,,,,
TurbiBR,TurbiBRCOM,4845411083872821,Authorise Request bookingId 112574,mc,2018-11-01 18:40:37,BRT,SettledInstallment,4545411083885545,BRL,,30.00,1,BRL,,29.18,0.82,,,,mccredit,Capture Request  bookingId 112574,24,,,,,,,
TurbiBR,TurbiBRCOM,1845411001810149,Authorise Request bookingId 112562,mc,2018-11-01 16:23:52,BRT,SettledInstallment,1345411001818634,BRL,,30.00,1,BRL,,29.18,0.82,,,,mccredit,Capture Request  bookingId 112562,24,,,,,,,
TurbiBR,TurbiBRCOM,1845410293810205,Authorise Request bookingId 112458,mc,2018-10-31 20:43:55,BRT,SettledInstallment,1545410293829653,BRL,,109.25,1,BRL,,106.25,3.00,,,,mccredit,Capture Request  bookingId 112458,24,,,,,,,
TurbiBR,TurbiBRCOM,,"Payout Date=2018-12-03, Bank=341, Branch=8886, Account=253338",,2018-11-30 02:03:43,BRST,MerchantPayout,"TX23455576900XT batch 24, TurbiBRCOM batch 24, TurbiBRCOM",,,,,BRL,2439.66,,,,,,,,24,,,,,,,
