Company Account,Merchant Account,Psp Reference,Merchant Reference,Payment Method,Creation Date,TimeZone,Type,Modification Reference,Gross Currency,Gross Debit (GC),Gross Credit (GC),Exchange Rate,Net Currency,Net Debit (NC),Net Credit (NC),Commission (NC),Markup (NC),Scheme Fees (NC),Interchange (NC),Payment Method Variant,Modification Merchant Reference,Batch Number,Reserved4,Reserved5,Reserved6,Reserved7,Reserved8,Reserved9,Reserved10
TurbiBR,TurbiBRCOM,,,,2019-01-08 09:05:56,BRST,InvoiceDeduction,Invoice BR201812000294 Discounts and additional costs (1/1),EUR,,,,BRL,7080.87,,,,,,,,74,,,,,,,
TurbiBR,TurbiBRCOM,4315441346203663,115162 | 8520831 | 126684 | 53 | GGQ1493,mc,2018-12-11 11:41:44,BRST,RefundedInstallment,1615445356520059,BRL,30.00,,1,BRL,30.00,,,,,,mccredit,Refund Request bookingId 115162,74,,,,,,,
TurbiBR,TurbiBRCOM,4515445670525235,115549 | 8523875 | 127070 | 33 | FYM1511,mc,2018-12-11 20:32:57,BRST,SettledInstallment,4315445675219398,BRL,,30.00,1,BRL,,0.00,0.82,,,,mccredit,Capture Request bookingId 115549,74,,,,,,,
TurbiBR,TurbiBRCOM,1515445676848041,115551 | 8523875 | 127072 | 33 | FYM1511,mc,2018-12-11 20:42:50,BRST,SettledInstallment,4815445681212606,BRL,,30.00,1,BRL,,0.00,0.82,,,,mccredit,Capture Request bookingId 115551,74,,,,,,,
TurbiBR,TurbiBRCOM,1315445267639587,115506 | 8498426 | 127027 | 46 | FZP6949,mc,2018-12-11 18:17:56,BRST,SettledInstallment,1615445594205786,BRL,,91.22,1,BRL,,0.00,2.51,,,,mccredit,Capture Request bookingId 115506,74,,,,,,,
TurbiBR,TurbiBRCOM,1615445400725340,115521 | 8527190 | 127042 | 36 | GFN9743,mc,2018-12-11 17:12:55,BRST,SettledInstallment,4615445555216198,BRL,,50.06,1,BRL,,0.00,1.38,,,,mccredit,Capture Request bookingId 115521,74,,,,,,,
TurbiBR,TurbiBRCOM,4515442116137352,115210 | 8504581 | 126732 | 1 | GDC4895,mc,2018-12-11 07:37:52,BRST,SettledInstallment,1315445210219768,BRL,,1304.00,1,BRL,,0.00,35.86,,,,mccredit,Capture Request bookingId 115210,74,,,,,,,
TurbiBR,TurbiBRCOM,1815444278415041,115210 | 8504581 | 126732 | 1 | GDC4895,mc,2018-12-11 07:37:52,BRST,SettledInstallment,1715445210218683,BRL,,200.00,1,BRL,,0.00,5.50,,,,mccredit,Capture Request bookingId 115210,74,,,,,,,
TurbiBR,TurbiBRCOM,4815443545179756,115351 | 8508063 | 126872 | 30 | FZV7646,mc,2018-12-10 22:08:15,BRST,RefundedInstallment,4715444868392472,BRL,52.39,,1,BRL,52.39,,,,,,mccredit,Refund Request bookingId 115351,74,,,,,,,
TurbiBR,TurbiBRCOM,1315444720611069,115481 | 8503724 | 127002 | 31 | GDQ9684,mc,2018-12-10 22:27:51,BRST,SettledInstallment,4315444880215903,BRL,,58.47,1,BRL,,0.00,1.61,,,,mccredit,Capture Request bookingId 115481,74,,,,,,,
TurbiBR,TurbiBRCOM,1615444743152908,115483 | 8497131 | 127004 | 68 | GFT7592,mc,2018-12-10 22:22:45,BRST,SettledInstallment,4615444877211474,BRL,,41.37,1,BRL,,0.00,1.14,,,,mccredit,Capture Request bookingId 115483,74,,,,,,,
TurbiBR,TurbiBRCOM,4315445348062357,115516 | 8505558 | 127037 | 54 | GDP6156,mc,2018-12-11 16:17:48,BRST,SettledInstallment,4615445522215661,BRL,,25.64,1,BRL,,0.00,0.71,,,,mccredit,Capture Request bookingId 115516,74,,,,,,,
TurbiBR,TurbiBRCOM,1615444716600800,115210 | 8504581 | 126732 | 1 | GDC4895,mc,2018-12-11 07:37:52,BRST,SettledInstallment,1515445210211102,BRL,,148.80,1,BRL,,0.00,4.09,,,,mccredit,Capture Request bookingId 115210,74,,,,,,,
TurbiBR,TurbiBRCOM,4715444830527254,115496 | 8509511 | 127017 | 5 | FSN3833,mc,2018-12-11 00:12:46,BRST,SettledInstallment,4815444943210482,BRL,,60.53,1,BRL,,0.00,1.66,,,,mccredit,Capture Request bookingId 115496,74,,,,,,,
TurbiBR,TurbiBRCOM,4625445261500339,115504 | 8508691 | 127025 | 65 | GCU7445,mc,2018-12-11 14:22:56,BRST,SettledInstallment,4625445453212818,BRL,,62.00,1,BRL,,60.30,1.70,,,,mccredit,Capture Request bookingId 115504,74,,,,,,,
TurbiBR,TurbiBRCOM,4825441066248834,115113 | 8503868 | 126635 | 54 | GDP6156,mc,2018-12-11 17:45:31,BRST,RefundedInstallment,1325445574687988,BRL,90.00,,1,BRL,90.00,,,,,,mccredit,Refund Request bookingId 115113,74,,,,,,,
TurbiBR,TurbiBRCOM,4625443324417864,115132 | 8526711 | 126654 | 43 | GCK0375,mc,2018-12-11 13:17:52,BRST,SettledInstallment,1825445414210574,BRL,,47.68,1,BRL,,46.37,1.31,,,,mccredit,Capture Request bookingId 115132,74,,,,,,,
TurbiBR,TurbiBRCOM,4725444829782561,115495 | 8521076 | 127016 | 49 | GDG8981,mc,2018-12-11 10:27:57,BRST,SettledInstallment,1625445312218598,BRL,,103.70,1,BRL,,100.85,2.85,,,,mccredit,Capture Request bookingId 115495,74,,,,,,,
TurbiBR,TurbiBRCOM,4525441161379602,115132 | 8526711 | 126654 | 43 | GCK0375,mc,2018-12-11 13:17:52,BRST,SettledInstallment,4525445414211280,BRL,,592.00,1,BRL,,575.72,16.28,,,,mccredit,Capture Request bookingId 115132,74,,,,,,,
TurbiBR,TurbiBRCOM,1525444708338210,115480 | 8364 | 127001 | 44 | FOM1229,mc,2018-12-11 06:57:52,BRST,SettledInstallment,1325445186216218,BRL,,154.07,1,BRL,,149.83,4.24,,,,mccredit,Capture Request bookingId 115480,74,,,,,,,
TurbiBR,TurbiBRCOM,4325443805551929,115427 | 8526078 | 126948 | 50 | GDB0788,mc,2018-12-11 19:25:02,BRST,RefundedInstallment,4325445634493884,BRL,30.00,,1,BRL,30.00,,,,,,mccredit,Refund Request bookingId 115427,74,,,,,,,
TurbiBR,TurbiBRCOM,1625443583888470,115361 | 8522793 | 126882 | 71 | GEJ2081,mc,2018-12-11 19:17:39,BRST,RefundedInstallment,4525445629993730,BRL,17.88,,1,BRL,17.88,,,,,,mccredit,115361 | 8522793 | 126882 | 71 | GEJ2081,74,,,,,,,
TurbiBR,TurbiBRCOM,1325445221693694,115501 | 8496889 | 127022 | 33 | FYM1511,mc,2018-12-11 19:17:57,BRST,SettledInstallment,1725445630219467,BRL,,181.43,1,BRL,,176.44,4.99,,,,mccredit,Capture Request bookingId 115501,74,,,,,,,
TurbiBR,TurbiBRCOM,1325443720397743,115412 | 8503902 | 126933 | 40 | FJC0776,mc,2018-12-10 22:28:07,BRST,RefundedInstallment,4625444880344617,BRL,30.63,,1,BRL,30.63,,,,,,mccredit,Refund Request bookingId 115412,74,,,,,,,
TurbiBR,TurbiBRCOM,1525445293482271,115509 | 8500473 | 127030 | 23 | FLQ7676,mc,2018-12-11 17:13:02,BRST,SettledInstallment,4625445555216238,BRL,,154.43,1,BRL,,150.18,4.25,,,,mccredit,Capture Request bookingId 115509,74,,,,,,,
TurbiBR,TurbiBRCOM,4525445650456094,115542 | 8523875 | 127063 | 20 | FUD3683,mc,2018-12-11 20:12:55,BRST,SettledInstallment,1325445663217267,BRL,,30.00,1,BRL,,29.18,0.82,,,,mccredit,Capture Request bookingId 115542,74,,,,,,,
TurbiBR,TurbiBRCOM,4525444791629537,115492 | 8497521 | 127013 | 52 | FKC3114,mc,2018-12-11 00:47:51,BRST,SettledInstallment,4725444964216706,BRL,,48.97,1,BRL,,47.62,1.35,,,,mccredit,Capture Request bookingId 115492,74,,,,,,,
TurbiBR,TurbiBRCOM,4625443324417864,115132 | 8526711 | 126654 | 43 | GCK0375,mc,2018-12-11 17:34:32,BRST,RefundedInstallment,4825445568106721,BRL,35.00,,1,BRL,35.00,,,,,,mccredit,115132 | 8526711 | 126654 | 43 | GCK0375,74,,,,,,,
TurbiBR,TurbiBRCOM,4345445276327511,115507 | 8522836 | 127028 | 63 | FMZ7695,mc,2018-12-11 14:47:56,BRST,SettledInstallment,1545445468215338,BRL,,48.63,1,BRL,,47.29,1.34,,,,mccredit,Capture Request bookingId 115507,74,,,,,,,
TurbiBR,TurbiBRCOM,1845443750986499,115416 | 8523484 | 126937 | 16 | FVN6927,mc,2018-12-11 19:09:42,BRST,RefundedInstallment,1545445625259674,BRL,50.00,,1,BRL,50.00,,,,,,mccredit,Refund Request bookingId 115416,74,,,,,,,
TurbiBR,TurbiBRCOM,1745445458445430,115524 | 8503228 | 127045 | 35 | GEP0747,mc,2018-12-11 18:57:53,BRST,SettledInstallment,4645445618204441,BRL,,34.14,1,BRL,,33.20,0.94,,,,mccredit,Capture Request bookingId 115524,74,,,,,,,
TurbiBR,TurbiBRCOM,1345444729104433,115482 | 8510170 | 127003 | 67 | FVV7524,mc,2018-12-10 23:12:55,BRST,SettledInstallment,1645444907208615,BRL,,52.79,1,BRL,,51.34,1.45,,,,mccredit,Capture Request bookingId 115482,74,,,,,,,
TurbiBR,TurbiBRCOM,4735445168816801,115499 | 8498796 | 127020 | 2 | FXT8846,mc,2018-12-11 15:27:55,BRST,SettledInstallment,1735445492203722,BRL,,254.84,1,BRL,,247.83,7.01,,,,mccredit,Capture Request bookingId 115499,74,,,,,,,
TurbiBR,TurbiBRCOM,1735445664852512,115546 | 8526668 | 127067 | 20 | FUD3683,mc,2018-12-11 20:52:58,BRST,SettledInstallment,4635445687217318,BRL,,30.00,1,BRL,,29.18,0.82,,,,mccredit,Capture Request bookingId 115546,74,,,,,,,
TurbiBR,TurbiBRCOM,1835445226819446,115502 | 8521053 | 127023 | 61 | GCE7705,mc,2018-12-11 20:57:49,BRST,SettledInstallment,1535445690209531,BRL,,84.06,1,BRL,,81.75,2.31,,,,mccredit,Capture Request bookingId 115502,74,,,,,,,
TurbiBR,TurbiBRCOM,1635442656966831,115254 | 8524361 | 126776 | 26 | GJJ0014,mc,2018-12-11 17:19:55,BRST,RefundedInstallment,4535445559337971,BRL,156.67,,1,BRL,156.67,,,,,,mccredit,Refund Request bookingId 115254,74,,,,,,,
TurbiBR,TurbiBRCOM,4835444887702706,115498 | 8507555 | 127019 | 26 | GJJ0014,mc,2018-12-11 01:33:01,BRST,SettledInstallment,1635444991218183,BRL,,50.00,1,BRL,,48.62,1.38,,,,mccredit,Capture Request bookingId 115498,74,,,,,,,
TurbiBR,TurbiBRCOM,4335445397906435,115520 | 8523222 | 127041 | 29 | GKH1148,mc,2018-12-11 17:08:01,BRST,SettledInstallment,4835445552213085,BRL,,56.07,1,BRL,,54.53,1.54,,,,mccredit,Capture Request bookingId 115520,74,,,,,,,
TurbiBR,TurbiBRCOM,4335445316332812,115512 | 8504304 | 127033 | 60 | GJQ7911,mc,2018-12-11 14:48:01,BRST,SettledInstallment,1835445468211831,BRL,,41.55,1,BRL,,40.41,1.14,,,,mccredit,Capture Request bookingId 115512,74,,,,,,,
TurbiBR,TurbiBRCOM,4515445670525235,115549 | 8523875 | 127070 | 33 | FYM1511,mc,2018-12-11 21:01:41,BRST,RefundedInstallment,4315445692441405,BRL,30.00,,1,BRL,30.00,,,,,,mccredit,Refund Request bookingId 115549,74,,,,,,,
TurbiBR,TurbiBRCOM,4315440525115086,115076 | 8505542 | 126598 | 64 | GGW0873,mc,2018-12-11 22:20:34,BRST,RefundedInstallment,1315445739893929,BRL,84.86,,1,BRL,84.86,,,,,,mccredit,Refund Request bookingId 115076,74,,,,,,,
TurbiBR,TurbiBRCOM,1315445624581605,115535 | 8502913 | 127056 | 71 | GEJ2081,mc,2018-12-11 22:42:51,BRST,SettledInstallment,4515445753218716,BRL,,45.40,1,BRL,,0.00,1.25,,,,mccredit,Capture Request bookingId 115535,74,,,,,,,
TurbiBR,TurbiBRCOM,4615445717004607,115561 | 8825 | 127082 | 54 | GDP6156,mc,2018-12-11 23:32:51,BRST,SettledInstallment,4315445783212442,BRL,,30.00,1,BRL,,0.00,0.82,,,,mccredit,Capture Request bookingId 115561,74,,,,,,,
TurbiBR,TurbiBRCOM,1615445659660040,115545 | 8101 | 127066 | 19 | FJG9824,mc,2018-12-11 23:42:49,BRST,SettledInstallment,1815445789216893,BRL,,41.17,1,BRL,,0.00,1.13,,,,mccredit,Capture Request bookingId 115545,74,,,,,,,
TurbiBR,TurbiBRCOM,4315446214632505,115584 | 8523312 | 127105 | 1 | GDC4895,mc,2018-12-12 11:42:52,BRST,SettledInstallment,1315446221218989,BRL,,15.00,1,BRL,,0.00,0.41,,,,mccredit,Capture Request bookingId 115584,74,,,,,,,
TurbiBR,TurbiBRCOM,1715445651876304,115543 | 8500085 | 127064 | 18 | FKD0105,mc,2018-12-12 00:42:49,BRST,SettledInstallment,4515445825218512,BRL,,45.64,1,BRL,,0.00,1.26,,,,mccredit,Capture Request bookingId 115543,74,,,,,,,
TurbiBR,TurbiBRCOM,1315445645071180,115541 | 8446 | 127062 | 29 | GKH1148,mc,2018-12-11 23:52:53,BRST,SettledInstallment,1715445795201195,BRL,,58.36,1,BRL,,0.00,1.60,,,,mccredit,Capture Request bookingId 115541,74,,,,,,,
TurbiBR,TurbiBRCOM,1615446227164408,115585 | 8523312 | 127106 | 1 | GDC4895,mc,2018-12-12 11:57:54,BRST,SettledInstallment,1315446230213310,BRL,,50.00,1,BRL,,0.00,1.38,,,,mccredit,Capture Request bookingId 115585,74,,,,,,,
TurbiBR,TurbiBRCOM,4315443571897904,115358 | 8498634 | 126879 | 22 | FWL2173,mc,2018-12-12 11:09:35,BRST,RefundedInstallment,4615446201251563,BRL,484.81,,1,BRL,484.81,,,,,,mccredit,Refund Request bookingId 115358,74,,,,,,,
TurbiBR,TurbiBRCOM,1515446146741220,115575 | 8507059 | 127096 | 33 | FYM1511,mc,2018-12-12 12:37:48,BRST,SettledInstallment,4715446254213097,BRL,,30.00,1,BRL,,0.00,0.82,,,,mccredit,Capture Request bookingId 115575,74,,,,,,,
TurbiBR,TurbiBRCOM,4815446168035387,115576 | 8522507 | 127097 | 61 | GCE7705,mc,2018-12-12 16:22:51,BRST,SettledInstallment,4615446389207841,BRL,,55.59,1,BRL,,0.00,1.53,,,,mccredit,Capture Request bookingId 115576,74,,,,,,,
TurbiBR,TurbiBRCOM,4715446136060708,115574 | 8505449 | 127095 | 57 | FXD8307,mc,2018-12-12 18:32:56,BRST,SettledInstallment,1715446467216289,BRL,,118.79,1,BRL,,0.00,3.27,,,,mccredit,Capture Request bookingId 115574,74,,,,,,,
TurbiBR,TurbiBRCOM,4315446181225606,115578 | 8507375 | 127099 | 52 | FKC3114,mc,2018-12-12 20:08:29,BRST,SettledInstallment,1315446524204652,BRL,,96.02,1,BRL,,0.00,2.64,,,,mccredit,Capture Request bookingId 115578,74,,,,,,,
TurbiBR,TurbiBRCOM,1815446471814391,115618 | 8124 | 127139 | 69 | GJT1128,mc,2018-12-12 19:32:59,BRST,SettledInstallment,1315446503213278,BRL,,30.00,1,BRL,,0.00,0.82,,,,mccredit,Capture Request bookingId 115618,74,,,,,,,
TurbiBR,TurbiBRCOM,1615446519658265,115633 | 8124 | 127154 | 69 | GJT1128,mc,2018-12-12 20:29:17,BRST,RefundedInstallment,4515446537038628,BRL,30.00,,1,BRL,30.00,,,,,,mccredit,Refund Request bookingId 115633,74,,,,,,,
TurbiBR,TurbiBRCOM,4515446535493312,115642 | 8526668 | 127163 | 5 | FSN3833,mc,2018-12-12 20:37:50,BRST,SettledInstallment,4515446542218959,BRL,,50.00,1,BRL,,0.00,1.38,,,,mccredit,Capture Request bookingId 115642,74,,,,,,,
TurbiBR,TurbiBRCOM,4615446549307994,115648 | 8124 | 127169 | 26 | GJJ0014,mc,2018-12-12 20:52:55,BRST,SettledInstallment,4715446551213329,BRL,,50.00,1,BRL,,0.00,1.38,,,,mccredit,Capture Request bookingId 115648,74,,,,,,,
TurbiBR,TurbiBRCOM,4315446538974039,115644 | 8124 | 127165 | 26 | GJJ0014,mc,2018-12-12 20:47:54,BRST,SettledInstallment,4715446548211329,BRL,,50.00,1,BRL,,0.00,1.38,,,,mccredit,Capture Request bookingId 115644,74,,,,,,,
TurbiBR,TurbiBRCOM,1515445676848041,115551 | 8523875 | 127072 | 33 | FYM1511,mc,2018-12-11 21:01:26,BRST,RefundedInstallment,4815445692350122,BRL,30.00,,1,BRL,30.00,,,,,,mccredit,Refund Request bookingId 115551,74,,,,,,,
TurbiBR,TurbiBRCOM,1715445633962834,115540 | 8506971 | 127061 | 44 | FOM1229,mc,2018-12-12 04:12:40,BRST,SettledInstallment,4615445951203758,BRL,,80.26,1,BRL,,0.00,2.21,,,,mccredit,Capture Request bookingId 115540,74,,,,,,,
TurbiBR,TurbiBRCOM,1615446227164408,115585 | 8523312 | 127106 | 1 | GDC4895,mc,2018-12-12 12:01:44,BRST,RefundedInstallment,4315446232547487,BRL,50.00,,1,BRL,50.00,,,,,,mccredit,Refund Request bookingId 115585,74,,,,,,,
TurbiBR,TurbiBRCOM,4315446214632505,115584 | 8523312 | 127105 | 1 | GDC4895,mc,2018-12-12 12:01:56,BRST,RefundedInstallment,4715446232632004,BRL,15.00,,1,BRL,15.00,,,,,,mccredit,Refund Request bookingId 115584,74,,,,,,,
TurbiBR,TurbiBRCOM,1615446519658265,115633 | 8124 | 127154 | 69 | GJT1128,mc,2018-12-12 20:08:29,BRST,SettledInstallment,1315446524209974,BRL,,30.00,1,BRL,,0.00,0.82,,,,mccredit,Capture Request bookingId 115633,74,,,,,,,
TurbiBR,TurbiBRCOM,1815446471814391,115618 | 8124 | 127139 | 69 | GJT1128,mc,2018-12-12 20:29:33,BRST,RefundedInstallment,4615446537228889,BRL,30.00,,1,BRL,30.00,,,,,,mccredit,Refund Request bookingId 115618,74,,,,,,,
TurbiBR,TurbiBRCOM,1735445664852512,115546 | 8526668 | 127067 | 20 | FUD3683,mc,2018-12-12 11:04:47,BRST,RefundedInstallment,1535446198277665,BRL,30.00,,1,BRL,30.00,,,,,,mccredit,Refund Request bookingId 115546,74,,,,,,,
TurbiBR,TurbiBRCOM,1735446123374106,115573 | 8506984 | 127094 | 45 | GHS1618,mc,2018-12-12 17:47:58,BRST,SettledInstallment,4335446440218422,BRL,,86.00,1,BRL,,83.64,2.36,,,,mccredit,Capture Request bookingId 115573,74,,,,,,,
TurbiBR,TurbiBRCOM,4335445594322634,115533 | 8499970 | 127054 | 59 | GFT1399,mc,2018-12-11 23:57:52,BRST,SettledInstallment,4635445798218411,BRL,,47.67,1,BRL,,46.36,1.31,,,,mccredit,Capture Request bookingId 115533,74,,,,,,,
TurbiBR,TurbiBRCOM,4635446530946061,115639 | 8124 | 127160 | 35 | GEP0747,mc,2018-12-12 20:29:06,BRST,RefundedInstallment,4735446536915366,BRL,30.00,,1,BRL,30.00,,,,,,mccredit,Refund Request bookingId 115639,74,,,,,,,
TurbiBR,TurbiBRCOM,4835446315411354,115593 | 8510170 | 127114 | 60 | GJQ7911,mc,2018-12-12 16:48:00,BRST,SettledInstallment,1735446404206761,BRL,,47.62,1,BRL,,46.31,1.31,,,,mccredit,Capture Request bookingId 115593,74,,,,,,,
TurbiBR,TurbiBRCOM,1735446188570408,115580 | 8524059 | 127101 | 69 | GJT1128,mc,2018-12-12 17:21:18,BRST,RefundedInstallment,4535446424146530,BRL,18.00,,1,BRL,18.00,,,,,,mccredit,Refund Request bookingId 115580,74,,,,,,,
TurbiBR,TurbiBRCOM,1535445318266491,115513 | 8525091 | 127034 | 31 | GDQ9684,mc,2018-12-12 17:38:01,BRST,SettledInstallment,4735446434219424,BRL,,97.80,1,BRL,,95.11,2.69,,,,mccredit,Capture Request bookingId 115513,74,,,,,,,
TurbiBR,TurbiBRCOM,4635446546983124,115646 | 8523312 | 127167 | 18 | FKD0105,mc,2018-12-12 20:49:48,BRST,RefundedInstallment,4335446549338998,BRL,30.00,,1,BRL,30.00,,,,,,mccredit,Refund Request bookingId 115646,74,,,,,,,
TurbiBR,TurbiBRCOM,4735438460366294,114938 | 8502064 | 126460 | 47 | GET4023,mc,2018-12-11 21:34:59,BRST,RefundedInstallment,1835445712441705,BRL,162.12,,1,BRL,162.12,,,,,,mccredit,Refund Request bookingId 114938,74,,,,,,,
TurbiBR,TurbiBRCOM,4735446251313102,115587 | 8526517 | 127108 | 50 | GDB0788,mc,2018-12-12 13:02:52,BRST,SettledInstallment,1635446269202716,BRL,,30.00,1,BRL,,29.18,0.82,,,,mccredit,Capture Request bookingId 115587,74,,,,,,,
TurbiBR,TurbiBRCOM,4535446547493827,115647 | 8124 | 127168 | 26 | GJJ0014,mc,2018-12-12 20:47:50,BRST,SettledInstallment,4635446548217307,BRL,,50.00,1,BRL,,48.62,1.38,,,,mccredit,Capture Request bookingId 115647,74,,,,,,,
TurbiBR,TurbiBRCOM,4535445686192307,115554 | 8509347 | 127075 | 7 | GCW5563,mc,2018-12-11 23:42:55,BRST,SettledInstallment,4635445789214304,BRL,,122.44,1,BRL,,119.07,3.37,,,,mccredit,Capture Request bookingId 115554,74,,,,,,,
TurbiBR,TurbiBRCOM,4745445356232926,115517 | 8503322 | 127038 | 62 | GJR9212,mc,2018-12-11 21:52:58,BRST,SettledInstallment,4745445723215216,BRL,,137.60,1,BRL,,133.82,3.78,,,,mccredit,Capture Request bookingId 115517,74,,,,,,,
TurbiBR,TurbiBRCOM,1845443750986499,115416 | 8523484 | 126937 | 16 | FVN6927,mc,2018-12-12 11:32:38,BRST,RefundedInstallment,4345446215115678,BRL,17.87,,1,BRL,17.87,,,,,,mccredit,115416 | 8523484 | 126937 | 16 | FVN6927,74,,,,,,,
TurbiBR,TurbiBRCOM,4545446352277933,115600 | 8524059 | 127121 | 26 | GJJ0014,mc,2018-12-12 17:12:54,BRST,SettledInstallment,1845446419216273,BRL,,50.00,1,BRL,,48.62,1.38,,,,mccredit,Capture Request bookingId 115600,74,,,,,,,
TurbiBR,TurbiBRCOM,1545446252748039,115588 | 8524059 | 127109 | 26 | GJJ0014,mc,2018-12-12 15:22:55,BRST,SettledInstallment,1745446353217601,BRL,,50.00,1,BRL,,48.62,1.38,,,,mccredit,Capture Request bookingId 115588,74,,,,,,,
TurbiBR,TurbiBRCOM,4345445653279400,115544 | 8526974 | 127065 | 56 | GCB5654,mc,2018-12-11 22:42:50,BRST,SettledInstallment,4345445753216930,BRL,,11.10,1,BRL,,10.79,0.31,,,,mccredit,Capture Request bookingId 115544,74,,,,,,,
TurbiBR,TurbiBRCOM,4545446181372467,115579 | 8501831 | 127100 | 72 | FWG4577,mc,2018-12-12 14:17:52,BRST,SettledInstallment,4545446314209917,BRL,,52.94,1,BRL,,51.48,1.46,,,,mccredit,Capture Request bookingId 115579,74,,,,,,,
TurbiBR,TurbiBRCOM,4545441215633547,115140 | 8526605 | 126662 | 39 | FSQ3098,mc,2018-12-12 20:16:14,BRST,RefundedInstallment,4845446529224518,BRL,114.85,,1,BRL,114.85,,,,,,mccredit,Refund Request bookingId 115140,74,,,,,,,
TurbiBR,TurbiBRCOM,1545445733183436,115563 | 8526806 | 127084 | 37 | GHQ9495,mc,2018-12-12 01:27:56,BRST,SettledInstallment,1545445852218104,BRL,,35.10,1,BRL,,34.13,0.97,,,,mccredit,Capture Request bookingId 115563,74,,,,,,,
TurbiBR,TurbiBRCOM,1545446074087038,115567 | 8522436 | 127088 | 67 | FVV7524,mc,2018-12-12 18:27:50,BRST,SettledInstallment,4545446464214832,BRL,,89.50,1,BRL,,87.04,2.46,,,,mccredit,Capture Request bookingId 115567,74,,,,,,,
TurbiBR,TurbiBRCOM,1735446188570408,115580 | 8524059 | 127101 | 69 | GJT1128,mc,2018-12-12 12:34:10,BRST,SettledInstallment,4735446251213559,BRL,,18.00,1,BRL,,17.50,0.50,,,,mccredit,Capture Request bookingId 115580,74,,,,,,,
TurbiBR,TurbiBRCOM,4735446251313102,115587 | 8526517 | 127108 | 50 | GDB0788,mc,2018-12-12 14:55:54,BRST,RefundedInstallment,1635446336967473,BRL,30.00,,1,BRL,30.00,,,,,,mccredit,Refund Request bookingId 115587,74,,,,,,,
TurbiBR,TurbiBRCOM,4635446530946061,115639 | 8124 | 127160 | 35 | GEP0747,mc,2018-12-12 20:23:03,BRST,SettledInstallment,4735446533210886,BRL,,30.00,1,BRL,,29.18,0.82,,,,mccredit,Capture Request bookingId 115639,74,,,,,,,
TurbiBR,TurbiBRCOM,4635446546983124,115646 | 8523312 | 127167 | 18 | FKD0105,mc,2018-12-12 20:47:50,BRST,SettledInstallment,4835446548216430,BRL,,30.00,1,BRL,,29.18,0.82,,,,mccredit,Capture Request bookingId 115646,74,,,,,,,
TurbiBR,TurbiBRCOM,1545446252748039,115588 | 8524059 | 127109 | 26 | GJJ0014,mc,2018-12-12 17:21:14,BRST,RefundedInstallment,4645446424184892,BRL,50.00,,1,BRL,50.00,,,,,,mccredit,Refund Request bookingId 115588,74,,,,,,,
TurbiBR,TurbiBRCOM,4525445650456094,115542 | 8523875 | 127063 | 20 | FUD3683,mc,2018-12-11 21:01:50,BRST,RefundedInstallment,4325445692539024,BRL,30.00,,1,BRL,30.00,,,,,,mccredit,Refund Request bookingId 115542,74,,,,,,,
TurbiBR,TurbiBRCOM,4625446067284045,115565 | 8526207 | 127086 | 44 | FOM1229,mc,2018-12-12 14:03:12,BRST,SettledInstallment,4325446305208650,BRL,,66.69,1,BRL,,0.00,1.83,,,,mccredit,Capture Request bookingId 115565,74,,,,,,,
TurbiBR,TurbiBRCOM,1725445576736979,115530 | 8510118 | 127051 | 43 | GCK0375,mc,2018-12-11 22:27:57,BRST,SettledInstallment,1825445744200733,BRL,,46.37,1,BRL,,0.00,1.28,,,,mccredit,Capture Request bookingId 115530,74,,,,,,,
TurbiBR,TurbiBRCOM,4325445718391012,115562 | 8525784 | 127083 | 66 | GHH6346,mc,2018-12-12 11:32:57,BRST,SettledInstallment,4625446215214092,BRL,,90.68,1,BRL,,0.00,2.49,,,,mccredit,Capture Request bookingId 115562,74,,,,,,,
TurbiBR,TurbiBRCOM,4625446085044785,115570 | 8496191 | 127091 | 3 | GFF2698,mc,2018-12-12 11:03:43,BRST,SettledInstallment,4725446197201520,BRL,,55.34,1,BRL,,0.00,1.52,,,,mccredit,Capture Request bookingId 115570,74,,,,,,,
TurbiBR,TurbiBRCOM,4525446379190535,115602 | 8523312 | 127123 | 1 | GDC4895,mc,2018-12-12 16:27:34,BRST,RefundedInstallment,1625446391995163,BRL,50.00,,1,BRL,50.00,,,,,,mccredit,Refund Request bookingId 115602,74,,,,,,,
TurbiBR,TurbiBRCOM,1525445689779934,115555 | 8523875 | 127076 | 33 | FYM1511,mc,2018-12-11 21:02:52,BRST,SettledInstallment,4825445693213236,BRL,,30.00,1,BRL,,0.00,0.82,,,,mccredit,Capture Request bookingId 115555,74,,,,,,,
TurbiBR,TurbiBRCOM,4825445304053138,115510 | 8150 | 127031 | 73 | FYM4531,mc,2018-12-12 17:32:57,BRST,SettledInstallment,1525446431216399,BRL,,252.52,1,BRL,,0.00,6.94,,,,mccredit,Capture Request bookingId 115510,74,,,,,,,
TurbiBR,TurbiBRCOM,4825445557683433,115529 | 8527190 | 127050 | 58 | GIV7241,mc,2018-12-11 21:47:56,BRST,SettledInstallment,4725445720213549,BRL,,48.72,1,BRL,,0.00,1.34,,,,mccredit,Capture Request bookingId 115529,74,,,,,,,
TurbiBR,TurbiBRCOM,4825446517669033,115630 | 8124 | 127151 | 69 | GJT1128,mc,2018-12-12 20:02:55,BRST,SettledInstallment,1825446521204062,BRL,,30.00,1,BRL,,0.00,0.82,,,,mccredit,Capture Request bookingId 115630,74,,,,,,,
TurbiBR,TurbiBRCOM,4525446379946373,115603 | 8502018 | 127124 | 4 | GIE2734,mc,2018-12-12 16:42:59,BRST,SettledInstallment,1325446401211570,BRL,,50.00,1,BRL,,0.00,1.38,,,,mccredit,Capture Request bookingId 115603,74,,,,,,,
TurbiBR,TurbiBRCOM,1725446500905177,115625 | 8526668 | 127146 | 5 | FSN3833,mc,2018-12-12 19:33:41,BRST,RefundedInstallment,1325446503624993,BRL,50.00,,1,BRL,50.00,,,,,,mccredit,Refund Request bookingId 115625,74,,,,,,,
TurbiBR,TurbiBRCOM,4725446533448090,115641 | 8124 | 127162 | 26 | GJJ0014,mc,2018-12-12 20:28:53,BRST,RefundedInstallment,1825446536836569,BRL,50.00,,1,BRL,50.00,,,,,,mccredit,Refund Request bookingId 115641,74,,,,,,,
TurbiBR,TurbiBRCOM,1725446431753944,115612 | 8124 | 127133 | 69 | GJT1128,mc,2018-12-12 18:12:56,BRST,SettledInstallment,1625446455212166,BRL,,30.00,1,BRL,,0.00,0.82,,,,mccredit,Capture Request bookingId 115612,74,,,,,,,
TurbiBR,TurbiBRCOM,4825446542276184,115645 | 8526668 | 127166 | 5 | FSN3833,mc,2018-12-12 20:42:48,BRST,SettledInstallment,4725446545209456,BRL,,50.00,1,BRL,,0.00,1.38,,,,mccredit,Capture Request bookingId 115645,74,,,,,,,
TurbiBR,TurbiBRCOM,4725446402204327,115607 | 8502018 | 127128 | 4 | GIE2734,mc,2018-12-12 18:47:50,BRST,SettledInstallment,4825446476215414,BRL,,50.00,1,BRL,,0.00,1.38,,,,mccredit,Capture Request bookingId 115607,74,,,,,,,
TurbiBR,TurbiBRCOM,4525446379190535,115602 | 8523312 | 127123 | 1 | GDC4895,mc,2018-12-12 16:22:58,BRST,SettledInstallment,4325446389207354,BRL,,50.00,1,BRL,,0.00,1.38,,,,mccredit,Capture Request bookingId 115602,74,,,,,,,
TurbiBR,TurbiBRCOM,4725446533448090,115641 | 8124 | 127162 | 26 | GJJ0014,mc,2018-12-12 20:27:52,BRST,SettledInstallment,4325446536205624,BRL,,50.00,1,BRL,,0.00,1.38,,,,mccredit,Capture Request bookingId 115641,74,,,,,,,
TurbiBR,TurbiBRCOM,1725446500905177,115625 | 8526668 | 127146 | 5 | FSN3833,mc,2018-12-12 19:32:55,BRST,SettledInstallment,1725446503212860,BRL,,50.00,1,BRL,,0.00,1.38,,,,mccredit,Capture Request bookingId 115625,74,,,,,,,
TurbiBR,TurbiBRCOM,4525446379946373,115603 | 8502018 | 127124 | 4 | GIE2734,mc,2018-12-12 20:31:27,BRST,RefundedInstallment,4625446538429815,BRL,50.00,,1,BRL,50.00,,,,,,mccredit,Refund Request bookingId 115603,74,,,,,,,
TurbiBR,TurbiBRCOM,4825446517669033,115630 | 8124 | 127151 | 69 | GJT1128,mc,2018-12-12 20:29:24,BRST,RefundedInstallment,1825446537132596,BRL,30.00,,1,BRL,30.00,,,,,,mccredit,Refund Request bookingId 115630,74,,,,,,,
TurbiBR,TurbiBRCOM,4825446542276184,115645 | 8526668 | 127166 | 5 | FSN3833,mc,2018-12-12 20:50:35,BRST,RefundedInstallment,1325446549831545,BRL,50.00,,1,BRL,50.00,,,,,,mccredit,Refund Request bookingId 115645,74,,,,,,,
TurbiBR,TurbiBRCOM,1315446560941001,115652 | 8523312 | 127173 | 18 | FKD0105,mc,2018-12-12 21:13:02,BRST,SettledInstallment,1315446563216419,BRL,,30.00,1,BRL,,29.18,0.82,,,,mccredit,Capture Request bookingId 115652,74,,,,,,,
TurbiBR,TurbiBRCOM,4515446413499654,115609 | 8526541 | 127130 | 50 | GDB0788,mc,2018-12-13 00:57:50,BRST,SettledInstallment,1715446698216280,BRL,,47.13,1,BRL,,45.83,1.30,,,,mccredit,Capture Request bookingId 115609,74,,,,,,,
TurbiBR,TurbiBRCOM,4615446549307994,115648 | 8124 | 127169 | 26 | GJJ0014,mc,2018-12-12 21:54:47,BRST,RefundedInstallment,1315446588418420,BRL,50.00,,1,BRL,50.00,,,,,,mccredit,Refund Request bookingId 115648,74,,,,,,,
TurbiBR,TurbiBRCOM,1315446517921148,115631 | 8510272 | 127152 | 57 | FXD8307,mc,2018-12-12 23:22:43,BRST,SettledInstallment,1615446641209656,BRL,,23.24,1,BRL,,22.60,0.64,,,,mccredit,Capture Request bookingId 115631,74,,,,,,,
TurbiBR,TurbiBRCOM,4615446944455463,115664 | 8509511 | 127185 | 5 | FSN3833,mc,2018-12-13 11:12:50,BRST,SettledInstallment,4815447067218728,BRL,,54.42,1,BRL,,52.92,1.50,,,,mccredit,Capture Request bookingId 115664,74,,,,,,,
TurbiBR,TurbiBRCOM,4715447031870969,115670 | 8510170 | 127191 | 67 | FVV7524,mc,2018-12-13 13:22:56,BRST,SettledInstallment,4815447145219441,BRL,,38.59,1,BRL,,37.53,1.06,,,,mccredit,Capture Request bookingId 115670,74,,,,,,,
TurbiBR,TurbiBRCOM,4815447253231030,115697 | 8523312 | 127218 | 69 | GJT1128,mc,2018-12-13 16:33:48,BRST,RefundedInstallment,1515447259695781,BRL,30.00,,1,BRL,30.00,,,,,,mccredit,Refund Request bookingId 115697,74,,,,,,,
TurbiBR,TurbiBRCOM,4815447157212391,115685 | 8523312 | 127206 | 69 | GJT1128,mc,2018-12-13 14:20:35,BRST,RefundedInstallment,4715447179871183,BRL,30.00,,1,BRL,30.00,,,,,,mccredit,Refund Request bookingId 115685,74,,,,,,,
TurbiBR,TurbiBRCOM,1715447277481162,115702 | 8523875 | 127223 | 5 | FSN3833,mc,2018-12-13 18:42:50,BRST,SettledInstallment,1815447337215773,BRL,,50.00,1,BRL,,48.62,1.38,,,,mccredit,Capture Request bookingId 115702,74,,,,,,,
TurbiBR,TurbiBRCOM,1515447248813487,115696 | 8526200 | 127217 | 23 | FLQ7676,mc,2018-12-13 19:02:57,BRST,SettledInstallment,4815447349289380,BRL,,51.22,1,BRL,,49.81,1.41,,,,mccredit,Capture Request bookingId 115696,74,,,,,,,
TurbiBR,TurbiBRCOM,4715447342030519,115707 | 8526668 | 127228 | 69 | GJT1128,mc,2018-12-13 18:57:54,BRST,SettledInstallment,1715447346214396,BRL,,30.00,1,BRL,,29.18,0.82,,,,mccredit,Capture Request bookingId 115707,74,,,,,,,
TurbiBR,TurbiBRCOM,4515446905028193,115659 | 8507059 | 127180 | 19 | FJG9824,mc,2018-12-13 19:22:49,BRST,SettledInstallment,4315447361216670,BRL,,141.28,1,BRL,,137.39,3.89,,,,mccredit,Capture Request bookingId 115659,74,,,,,,,
TurbiBR,TurbiBRCOM,4315446538974039,115644 | 8124 | 127165 | 26 | GJJ0014,mc,2018-12-12 21:55:02,BRST,RefundedInstallment,1515446588537177,BRL,50.00,,1,BRL,50.00,,,,,,mccredit,Refund Request bookingId 115644,74,,,,,,,
TurbiBR,TurbiBRCOM,1315446560941001,115652 | 8523312 | 127173 | 18 | FKD0105,mc,2018-12-12 21:14:49,BRST,RefundedInstallment,4715446564404782,BRL,30.00,,1,BRL,30.00,,,,,,mccredit,Refund Request bookingId 115652,74,,,,,,,
TurbiBR,TurbiBRCOM,1815446524555272,115634 | 8508656 | 127155 | 69 | GJT1128,mc,2018-12-12 22:32:55,BRST,SettledInstallment,1315446611213558,BRL,,30.00,1,BRL,,29.18,0.82,,,,mccredit,Capture Request bookingId 115634,74,,,,,,,
TurbiBR,TurbiBRCOM,4815447253231030,115697 | 8523312 | 127218 | 69 | GJT1128,mc,2018-12-13 16:27:47,BRST,SettledInstallment,1515447256219247,BRL,,30.00,1,BRL,,29.18,0.82,,,,mccredit,Capture Request bookingId 115697,74,,,,,,,
TurbiBR,TurbiBRCOM,4815447157212391,115685 | 8523312 | 127206 | 69 | GJT1128,mc,2018-12-13 13:47:51,BRST,SettledInstallment,1315447160218972,BRL,,30.00,1,BRL,,29.18,0.82,,,,mccredit,Capture Request bookingId 115685,74,,,,,,,
TurbiBR,TurbiBRCOM,4325443570878853,115356 | 8497500 | 126877 | 37 | GHQ9495,mc,2018-12-09 14:07:56,BRST,Chargeback,1525443716220501,BRL,41.37,,1,BRL,45.37,,4.00,,,,mccredit,Capture Request bookingId 115356,74,,,,,,,
TurbiBR,TurbiBRCOM,4845446426264948,115611 | 8506954 | 127132 | 58 | GIV7241,mc,2018-12-12 21:52:52,BRST,SettledInstallment,4345446587215445,BRL,,23.29,1,BRL,,22.65,0.64,,,,mccredit,Capture Request bookingId 115611,74,,,,,,,
TurbiBR,TurbiBRCOM,4645446498467983,115623 | 8525784 | 127144 | 14 | GDW3904,mc,2018-12-13 10:02:58,BRST,SettledInstallment,4345447025216995,BRL,,140.33,1,BRL,,136.47,3.86,,,,mccredit,Capture Request bookingId 115623,74,,,,,,,
TurbiBR,TurbiBRCOM,4645446475022033,115619 | 8497594 | 127140 | 28 | GKE6583,mc,2018-12-12 23:32:50,BRST,SettledInstallment,4745446647205044,BRL,,31.85,1,BRL,,30.97,0.88,,,,mccredit,Capture Request bookingId 115619,74,,,,,,,
TurbiBR,TurbiBRCOM,1345446353412982,115601 | 8522236 | 127122 | 71 | GEJ2081,mc,2018-12-13 00:17:52,BRST,SettledInstallment,1845446674207124,BRL,,87.70,1,BRL,,85.29,2.41,,,,mccredit,Capture Request bookingId 115601,74,,,,,,,
TurbiBR,TurbiBRCOM,1745447047362308,115671 | 8520916 | 127192 | 37 | GHQ9495,mc,2018-12-13 14:52:59,BRST,SettledInstallment,1645447199219083,BRL,,51.09,1,BRL,,49.69,1.40,,,,mccredit,Capture Request bookingId 115671,74,,,,,,,
TurbiBR,TurbiBRCOM,1545446913472193,115661 | 8509439 | 127182 | 46 | FZP6949,mc,2018-12-13 12:32:58,BRST,SettledInstallment,1545447115215141,BRL,,56.99,1,BRL,,55.42,1.57,,,,mccredit,Capture Request bookingId 115661,74,,,,,,,
TurbiBR,TurbiBRCOM,1845446538325096,115643 | 8497521 | 127164 | 68 | GFT7592,mc,2018-12-12 23:32:50,BRST,SettledInstallment,4745446647202512,BRL,,30.31,1,BRL,,29.48,0.83,,,,mccredit,Capture Request bookingId 115643,74,,,,,,,
TurbiBR,TurbiBRCOM,4345446954017754,115666 | 8497890 | 127187 | 56 | GCB5654,mc,2018-12-13 11:12:51,BRST,SettledInstallment,4645447067210200,BRL,,30.00,1,BRL,,29.18,0.82,,,,mccredit,Capture Request bookingId 115666,74,,,,,,,
TurbiBR,TurbiBRCOM,4345446556530055,115650 | 8124 | 127171 | 5 | FSN3833,mc,2018-12-12 21:32:52,BRST,SettledInstallment,1745446575212141,BRL,,50.00,1,BRL,,48.62,1.38,,,,mccredit,Capture Request bookingId 115650,74,,,,,,,
TurbiBR,TurbiBRCOM,4845446990549658,115669 | 8525314 | 127190 | 64 | GGW0873,mc,2018-12-13 19:47:47,BRST,SettledInstallment,4845447376204603,BRL,,97.69,1,BRL,,95.00,2.69,,,,mccredit,Capture Request bookingId 115669,74,,,,,,,
TurbiBR,TurbiBRCOM,4845447156315587,115684 | 8473 | 127205 | 43 | GCK0375,mc,2018-12-13 16:57:59,BRST,SettledInstallment,1845447274212779,BRL,,30.00,1,BRL,,29.18,0.82,,,,mccredit,Capture Request bookingId 115684,74,,,,,,,
TurbiBR,TurbiBRCOM,4645447069659487,115674 | 8526975 | 127195 | 38 | GDT7856,mc,2018-12-13 17:37:51,BRST,SettledInstallment,4645447298210094,BRL,,27.16,1,BRL,,26.41,0.75,,,,mccredit,Capture Request bookingId 115674,74,,,,,,,
TurbiBR,TurbiBRCOM,1845447300230555,115600 | 8524059 | 127121 | 26 | GJJ0014,mc,2018-12-13 17:41:19,BRST,SettledInstallment,1845447300240877,BRL,,10.10,1,BRL,,9.82,0.28,,,,mccredit,Capture Request bookingId 115600,74,,,,,,,
TurbiBR,TurbiBRCOM,1635446514131074,115629 | 8522267 | 127150 | 54 | GDP6156,mc,2018-12-13 07:08:05,BRST,SettledInstallment,1735446920227093,BRL,,55.91,1,BRL,,54.37,1.54,,,,mccredit,Capture Request bookingId 115629,74,,,,,,,
TurbiBR,TurbiBRCOM,4535446399074949,115606 | 8503385 | 127127 | 44 | FOM1229,mc,2018-12-13 01:37:49,BRST,SettledInstallment,4635446722210417,BRL,,75.00,1,BRL,,72.94,2.06,,,,mccredit,Capture Request bookingId 115606,74,,,,,,,
TurbiBR,TurbiBRCOM,4335446494616299,115621 | 8499699 | 127142 | 3 | GFF2698,mc,2018-12-13 00:27:54,BRST,SettledInstallment,4835446680210761,BRL,,144.00,1,BRL,,140.04,3.96,,,,mccredit,Capture Request bookingId 115621,74,,,,,,,
TurbiBR,TurbiBRCOM,4735446551836810,115649 | 8523312 | 127170 | 18 | FKD0105,mc,2018-12-12 21:02:57,BRST,SettledInstallment,1535446557219225,BRL,,30.00,1,BRL,,29.18,0.82,,,,mccredit,Capture Request bookingId 115649,74,,,,,,,
TurbiBR,TurbiBRCOM,4335447223667868,115692 | 8505915 | 127213 | 61 | GCE7705,mc,2018-12-13 16:23:01,BRST,SettledInstallment,1835447253219011,BRL,,30.00,1,BRL,,29.18,0.82,,,,mccredit,Capture Request bookingId 115692,74,,,,,,,
TurbiBR,TurbiBRCOM,1635446573565238,115654 | 8621 | 127175 | 37 | GHQ9495,mc,2018-12-13 08:28:36,BRST,SettledInstallment,1735446965219658,BRL,,97.67,1,BRL,,94.98,2.69,,,,mccredit,Capture Request bookingId 115654,74,,,,,,,
TurbiBR,TurbiBRCOM,4335447235424720,115693 | 8523312 | 127214 | 69 | GJT1128,mc,2018-12-13 16:33:39,BRST,RefundedInstallment,1735447259613341,BRL,30.00,,1,BRL,30.00,,,,,,mccredit,Refund Request bookingId 115693,74,,,,,,,
TurbiBR,TurbiBRCOM,4735447257831246,115698 | 8505915 | 127219 | 61 | GCE7705,mc,2018-12-13 16:38:00,BRST,SettledInstallment,4735447262211459,BRL,,72.00,1,BRL,,70.02,1.98,,,,mccredit,Capture Request bookingId 115698,74,,,,,,,
TurbiBR,TurbiBRCOM,4535446547493827,115647 | 8124 | 127168 | 26 | GJJ0014,mc,2018-12-12 21:54:56,BRST,RefundedInstallment,1535446588455715,BRL,50.00,,1,BRL,50.00,,,,,,mccredit,Refund Request bookingId 115647,74,,,,,,,
TurbiBR,TurbiBRCOM,4335447223667868,115692 | 8505915 | 127213 | 61 | GCE7705,mc,2018-12-13 16:36:26,BRST,RefundedInstallment,4535447261247571,BRL,30.00,,1,BRL,30.00,,,,,,mccredit,Refund Request bookingId 115692,74,,,,,,,
TurbiBR,TurbiBRCOM,4335447235424720,115693 | 8523312 | 127214 | 69 | GJT1128,mc,2018-12-13 16:23:01,BRST,SettledInstallment,4735447253216020,BRL,,30.00,1,BRL,,29.18,0.82,,,,mccredit,Capture Request bookingId 115693,74,,,,,,,
TurbiBR,TurbiBRCOM,4735446551836810,115649 | 8523312 | 127170 | 18 | FKD0105,mc,2018-12-12 21:05:29,BRST,RefundedInstallment,4535446558771855,BRL,30.00,,1,BRL,30.00,,,,,,mccredit,Refund Request bookingId 115649,74,,,,,,,
TurbiBR,TurbiBRCOM,4735447257831246,115698 | 8505915 | 127219 | 61 | GCE7705,mc,2018-12-13 16:42:07,BRST,RefundedInstallment,4635447264671784,BRL,72.00,,1,BRL,72.00,,,,,,mccredit,Refund Request bookingId 115698,74,,,,,,,
TurbiBR,TurbiBRCOM,1525445293482271,115509 | 8500473 | 127030 | 23 | FLQ7676,mc,2018-12-12 21:20:59,BRST,RefundedInstallment,4625446568100815,BRL,38.08,,1,BRL,38.08,,,,,,mccredit,115509 | 8500473 | 127030 | 23 | FLQ7676,74,,,,,,,
TurbiBR,TurbiBRCOM,4825446949542758,115665 | 8501809 | 127186 | 17 | GGF3956,mc,2018-12-13 10:47:49,BRST,SettledInstallment,4825447052209219,BRL,,31.57,1,BRL,,30.70,0.87,,,,mccredit,Capture Request bookingId 115665,74,,,,,,,
TurbiBR,TurbiBRCOM,1325446973060728,115667 | 8504875 | 127188 | 31 | GDQ9684,mc,2018-12-13 14:57:55,BRST,SettledInstallment,1625447202219058,BRL,,116.73,1,BRL,,113.52,3.21,,,,mccredit,Capture Request bookingId 115667,74,,,,,,,
TurbiBR,TurbiBRCOM,1825447216613872,115690 | 8497617 | 127211 | 14 | GDW3904,mc,2018-12-13 20:22:55,BRST,SettledInstallment,1725447397216934,BRL,,35.22,1,BRL,,34.25,0.97,,,,mccredit,Capture Request bookingId 115690,74,,,,,,,
TurbiBR,TurbiBRCOM,1525446512366717,115628 | 8521304 | 127149 | 40 | FJC0776,mc,2018-12-13 00:37:54,BRST,SettledInstallment,4825446686213399,BRL,,41.31,1,BRL,,40.17,1.14,,,,mccredit,Capture Request bookingId 115628,74,,,,,,,
TurbiBR,TurbiBRCOM,4525446476762210,115620 | 8525732 | 127141 | 46 | FZP6949,mc,2018-12-12 23:47:56,BRST,SettledInstallment,1825446656212211,BRL,,28.00,1,BRL,,27.23,0.77,,,,mccredit,Capture Request bookingId 115620,74,,,,,,,
TurbiBR,TurbiBRCOM,1625446573366902,115653 | 8510027 | 127174 | 61 | GCE7705,mc,2018-12-12 23:32:50,BRST,SettledInstallment,4825446647206482,BRL,,30.00,1,BRL,,29.18,0.82,,,,mccredit,Capture Request bookingId 115653,74,,,,,,,
TurbiBR,TurbiBRCOM,,,,2019-01-11 01:21:40,BRST,Balancetransfer,Balancetransfer,,,,,BRL,,4693.39,,,,,,Balancetransfer to batch 79,74,,,,,,,
