Company Account,Merchant Account,Psp Reference,Merchant Reference,Payment Method,Creation Date,TimeZone,Type,Modification Reference,Gross Currency,Gross Debit (GC),Gross Credit (GC),Exchange Rate,Net Currency,Net Debit (NC),Net Credit (NC),Commission (NC),Markup (NC),Scheme Fees (NC),Interchange (NC),Payment Method Variant,Modification Merchant Reference,Batch Number,Reserved4,Reserved5,Reserved6,Reserved7,Reserved8,Reserved9,Reserved10
TurbiBR,TurbiBRCOM,,,,2018-12-25 02:07:20,BRST,Balancetransfer,Balancetransfer,,,,,BRL,146.01,,,,,,,Balancetransfer from batch 54,57,,,,,,,
TurbiBR,TurbiBRCOM,4815432686056675,114504 | 8506887 | 126027 | 4 | GIE2734,visa,2018-11-26 23:26:43,BRST,SettledInstallment,4515432819618584,BRL,,64.70,1,BRL,,0.00,1.78,,,,visasuperpremiumcredit,Capture Request bookingId 114504,57,,,,,,,
TurbiBR,TurbiBRCOM,1815433123203587,114520 | 8523389 | 126043 | 59 | GFT1399,visa,2018-11-27 16:16:54,BRST,SettledInstallment,1515433425626165,BRL,,97.65,1,BRL,,0.00,2.69,,,,visapremiumcredit,Capture Request bookingId 114520,57,,,,,,,
TurbiBR,TurbiBRCOM,4515433425257627,114546 | 8496674 | 126069 | 3 | GFF2698,visa,2018-11-27 19:26:51,BRST,SettledInstallment,1815433539612454,BRL,,51.62,1,BRL,,0.00,1.42,,,,visapremiumcredit,Capture Request bookingId 114546,57,,,,,,,
TurbiBR,TurbiBRCOM,4315432609440837,114495 | 8511659 | 126018 | 36 | GFN9743,visa,2018-11-27 09:16:59,BRST,RefundedInstallment,4715433173716665,BRL,30.00,,1,BRL,30.00,,,,,,visastandardcredit,Refund Request bookingId 114495,57,,,,,,,
TurbiBR,TurbiBRCOM,4315432494463340,114489 | 8503966 | 126012 | 59 | GFT1399,visa,2018-11-26 21:51:50,BRST,SettledInstallment,1515432762612341,BRL,,97.96,1,BRL,,0.00,2.69,,,,visastandardcredit,Capture Request bookingId 114489,57,,,,,,,
TurbiBR,TurbiBRCOM,1335432382699130,114483 | 8506299 | 126006 | 43 | GCK0375,visa,2018-11-26 23:06:52,BRST,SettledInstallment,1835432807624239,BRL,,163.57,1,BRL,,0.00,4.50,,,,visapremiumcredit,Capture Request bookingId 114483,57,,,,,,,
TurbiBR,TurbiBRCOM,4335430680801758,114339 | 8524186 | 125862 | 19 | FJG9824,visa,2018-11-27 20:51:49,BRST,SettledInstallment,4535433590611158,BRL,,400.00,1,BRL,,0.00,11.00,,,,visastandardcredit,Capture Request bookingId 114339,57,,,,,,,
TurbiBR,TurbiBRCOM,4735431551809785,114339 | 8524186 | 125862 | 19 | FJG9824,visa,2018-11-27 20:51:49,BRST,SettledInstallment,4635433590618392,BRL,,100.00,1,BRL,,0.00,2.75,,,,visastandardcredit,Capture Request bookingId 114339,57,,,,,,,
TurbiBR,TurbiBRCOM,1635433264338950,114533 | 8893 | 126056 | 47 | GET4023,visa,2018-11-27 15:51:56,BRST,SettledInstallment,4735433410623514,BRL,,38.29,1,BRL,,0.00,1.05,,,,visastandardcredit,Capture Request bookingId 114533,57,,,,,,,
TurbiBR,TurbiBRCOM,1835431983826550,114339 | 8524186 | 125862 | 19 | FJG9824,visa,2018-11-27 20:51:49,BRST,SettledInstallment,4635433590614086,BRL,,86.56,1,BRL,,0.00,2.38,,,,visastandardcredit,Capture Request bookingId 114339,57,,,,,,,
TurbiBR,TurbiBRCOM,1835432320298503,114474 | 8503894 | 125997 | 39 | FSQ3098,visa,2018-11-27 10:36:55,BRST,SettledInstallment,4835433221619619,BRL,,125.25,1,BRL,,0.00,3.44,,,,visapremiumcredit,Capture Request bookingId 114474,57,,,,,,,
TurbiBR,TurbiBRCOM,4335431113818450,114339 | 8524186 | 125862 | 19 | FJG9824,visa,2018-11-27 20:51:49,BRST,SettledInstallment,4335433590618379,BRL,,100.00,1,BRL,,0.00,2.75,,,,visastandardcredit,Capture Request bookingId 114339,57,,,,,,,
TurbiBR,TurbiBRCOM,4525433219312313,114530 | 8506955 | 126053 | 46 | FZP6949,visa,2018-11-27 12:51:56,BRST,SettledInstallment,4825433302617393,BRL,,30.00,1,BRL,,0.00,0.82,,,,visasuperpremiumcredit,Capture Request bookingId 114530,57,,,,,,,
TurbiBR,TurbiBRCOM,1625433216584224,114529 | 8522254 | 126052 | 60 | GJQ7911,visa,2018-11-27 15:21:57,BRST,SettledInstallment,1525433392624027,BRL,,28.64,1,BRL,,0.00,0.79,,,,visacommercialcredit,Capture Request bookingId 114529,57,,,,,,,
TurbiBR,TurbiBRCOM,1645432632050782,114497 | 8511659 | 126020 | 36 | GFN9743,visa,2018-11-26 22:51:48,BRST,SettledInstallment,4745432798618748,BRL,,49.34,1,BRL,,47.98,1.36,,,,visastandardcredit,Capture Request bookingId 114497,57,,,,,,,
TurbiBR,TurbiBRCOM,4545433401280597,110788 | 8504011 | 115351 | 19 | FJG9824,visa,2018-11-27 15:36:20,BRST,SettledInstallment,4645433401296105,BRL,,149.68,1,BRL,,0.00,4.12,,,,visapremiumcredit,Capture Request bookingId 110788,57,,,,,,,
TurbiBR,TurbiBRCOM,4645433424929013,112067 | 8500893 | 122605 | 7 | GCW5563,visa,2018-11-27 16:15:40,BRST,SettledInstallment,4845433424939036,BRL,,1012.47,1,BRL,,0.00,27.84,,,,visasuperpremiumcredit,Capture Request bookingId 112067,57,,,,,,,
TurbiBR,TurbiBRCOM,4645432686865238,114506 | 8806 | 126029 | 73 | FYM4531,visa,2018-11-26 23:21:56,BRST,SettledInstallment,1745432816612489,BRL,,46.37,1,BRL,,45.09,1.28,,,,visastandardcredit,Capture Request bookingId 114506,57,,,,,,,
TurbiBR,TurbiBRCOM,1645432801610994,113948 | 8498839 | 124472 | 28 | GKE6583,visa,2018-11-26 22:56:52,BRST,SettledInstallment,1345432801623321,BRL,,923.23,1,BRL,,897.84,25.39,,,,visapremiumcredit,Capture Request bookingId 113948,57,,,,,,,
TurbiBR,TurbiBRCOM,1845432676582680,114503 | 8500196 | 126026 | 46 | FZP6949,visa,2018-11-27 01:16:45,BRST,SettledInstallment,4645432885616978,BRL,,12.42,1,BRL,,12.08,0.34,,,,visapremiumcredit,Capture Request bookingId 114503,57,,,,,,,
TurbiBR,TurbiBRCOM,1715433586309104,114552 | 8506887 | 126075 | 59 | GFT1399,visa,2018-11-27 23:26:43,BRST,SettledInstallment,4515433683610558,BRL,,30.00,1,BRL,,0.00,0.82,,,,visasuperpremiumcredit,Capture Request bookingId 114552,57,,,,,,,
TurbiBR,TurbiBRCOM,4845430524689941,114299 | 8505917 | 125821 | 56 | GCB5654,visa,2018-11-28 14:09:03,BRST,RefundedInstallment,1845434212846330,BRL,233.31,,1,BRL,233.31,,,,,,visastandardcredit,114299 | 8505917 | 125821 | 56 | GCB5654,57,,,,,,,
TurbiBR,TurbiBRCOM,1725430169677392,114290 | 8504972 | 125812 | 43 | GCK0375,visa,2018-11-28 18:44:05,BRST,RefundedInstallment,4525434377862941,BRL,61.50,,1,BRL,61.50,,,,,,visacommercialpremiumcredit,114290 | 8504972 | 125812 | 43 | GCK0375,57,,,,,,,
TurbiBR,TurbiBRCOM,4345433990233850,114559 | 8523389 | 126082 | 35 | GEP0747,visa,2018-11-28 18:26:49,BRST,SettledInstallment,4545434367604036,BRL,,113.14,1,BRL,,0.00,3.11,,,,visapremiumcredit,Capture Request bookingId 114559,57,,,,,,,
TurbiBR,TurbiBRCOM,1335432382699130,114483 | 8506299 | 126006 | 43 | GCK0375,visa,2018-11-27 21:07:47,BRST,RefundedInstallment,1335433600157208,BRL,158.02,,1,BRL,158.02,,,,,,visapremiumcredit,Refund Request bookingId 114483,57,,,,,,,
TurbiBR,TurbiBRCOM,1535434291721680,114584 | 8525062 | 126107 | 45 | GHS1618,visa,2018-11-28 19:37:01,BRST,SettledInstallment,4635434409629703,BRL,,18.53,1,BRL,,0.00,0.51,,,,visapremiumcredit,Capture Request bookingId 114584,57,,,,,,,
TurbiBR,TurbiBRCOM,4335430680801758,114339 | 8524186 | 125862 | 19 | FJG9824,visa,2018-11-28 12:45:31,BRST,RefundedInstallment,1835434162785233,BRL,385.84,,1,BRL,385.84,,,,,,visastandardcredit,114339 | 8524186 | 125862 | 19 | FJG9824,57,,,,,,,
TurbiBR,TurbiBRCOM,4625430055602814,114276 | 8524882 | 125798 | 2 | FXT8846,visa,2018-11-29 17:22:13,BRST,RefundedInstallment,4525435192767249,BRL,15.04,,1,BRL,15.04,,,,,,visastandardcredit,Refund Request bookingId 114276,57,,,,,,,
TurbiBR,TurbiBRCOM,4825431578307897,114448 | 8522626 | 125971 | 38 | GDT7856,visa,2018-11-30 13:21:32,BRST,RefundedInstallment,1525435907807393,BRL,92.20,,1,BRL,92.20,,,,,,visastandardcredit,Refund Request bookingId 114448,57,,,,,,,
TurbiBR,TurbiBRCOM,4325430016959017,114269 | 8511659 | 125791 | 14 | GDW3904,visa,2018-12-03 15:00:30,BRST,RefundedInstallment,1825438563696743,BRL,70.00,,1,BRL,70.00,,,,,,visastandardcredit,Refund Request bookingId 114269,57,,,,,,,
TurbiBR,TurbiBRCOM,4725430725850370,114352 | 8504904 | 125875 | 27 | GIE0915,visa,2018-12-14 20:25:41,BRST,RefundedInstallment,1525448262941418,BRL,50.00,,1,BRL,50.00,,,,,,visastandardcredit,Refund Request bookingId 114352,57,,,,,,,
TurbiBR,TurbiBRCOM,4525430702025493,114344 | 8499390 | 125867 | 68 | GFT7592,visa,2018-12-17 16:54:22,BRST,RefundedInstallment,4725450728061312,BRL,157.99,,1,BRL,157.99,,,,,,visapremiumcredit,Refund Request bookingId 114344,57,,,,,,,
TurbiBR,TurbiBRCOM,1835430846002722,114377 | 8525050 | 125900 | 7 | GCW5563,visa,2018-11-30 10:19:41,BRST,RefundedInstallment,1735435803231892,BRL,183.11,,1,BRL,183.11,,,,,,visapremiumcredit,Refund Request bookingId 114377,57,,,,,,,
TurbiBR,TurbiBRCOM,1845435059318895,114639 | 8502250 | 126159 | 41 | FCC3441,visa,2018-11-29 17:41:54,BRST,SettledInstallment,1545435204608441,BRL,,45.14,1,BRL,,0.00,1.24,,,,visastandardcredit,Capture Request bookingId 114639,57,,,,,,,
TurbiBR,TurbiBRCOM,1345434839916065,114616 | 8525333 | 126136 | 73 | FYM4531,visa,2018-11-29 20:46:57,BRST,SettledInstallment,1745435315612884,BRL,,120.46,1,BRL,,0.00,3.31,,,,visasuperpremiumcredit,Capture Request bookingId 114616,57,,,,,,,
TurbiBR,TurbiBRCOM,1835434820704550,114614 | 8497945 | 126134 | 67 | FVV7524,visa,2018-11-29 16:04:50,BRST,RefundedInstallment,4635435146048768,BRL,88.49,,1,BRL,88.49,,,,,,visapremiumcredit,Refund Request bookingId 114614,57,,,,,,,
TurbiBR,TurbiBRCOM,1835434820704550,114614 | 8497945 | 126134 | 67 | FVV7524,visa,2018-11-29 13:51:52,BRST,SettledInstallment,1635435066602350,BRL,,88.49,1,BRL,,0.00,2.43,,,,visapremiumcredit,Capture Request bookingId 114614,57,,,,,,,
TurbiBR,TurbiBRCOM,4615434443650644,114606 | 8499608 | 126127 | 23 | FLQ7676,visa,2018-11-28 23:11:49,BRST,SettledInstallment,1515434538608173,BRL,,50.00,1,BRL,,0.00,1.38,,,,visastandardcredit,Capture Request bookingId 114606,57,,,,,,,
TurbiBR,TurbiBRCOM,4315434006011526,114564 | 8521808 | 126087 | 10 | FQR9974,visa,2018-11-28 23:56:55,BRST,SettledInstallment,1315434565619913,BRL,,196.29,1,BRL,,0.00,5.40,,,,visapremiumcredit,Capture Request bookingId 114564,57,,,,,,,
TurbiBR,TurbiBRCOM,1845432676582680,114503 | 8500196 | 126026 | 46 | FZP6949,visa,2018-12-11 18:59:08,BRST,RefundedInstallment,1545445618918690,BRL,12.42,,1,BRL,12.42,,,,,,visapremiumcredit,Refund Request bookingId 114503,57,,,,,,,
TurbiBR,TurbiBRCOM,1525434457034946,114608 | 8506887 | 126128 | 31 | GDQ9684,visa,2018-11-29 00:21:49,BRST,SettledInstallment,4725434580615787,BRL,,38.13,1,BRL,,0.00,1.05,,,,visasuperpremiumcredit,Capture Request bookingId 114608,57,,,,,,,
TurbiBR,TurbiBRCOM,1625434380522081,114597 | 8521423 | 126118 | 51 | FQH5224,visa,2018-11-28 22:41:55,BRST,SettledInstallment,4625434520603100,BRL,,35.50,1,BRL,,0.00,0.98,,,,visastandardcredit,Capture Request bookingId 114597,57,,,,,,,
TurbiBR,TurbiBRCOM,4325434481485037,114609 | 8506349 | 126129 | 40 | FJC0776,visa,2018-11-29 02:11:42,BRST,SettledInstallment,4525434646617381,BRL,,21.69,1,BRL,,0.00,0.60,,,,visasuperpremiumcredit,Capture Request bookingId 114609,57,,,,,,,
TurbiBR,TurbiBRCOM,4625434428640014,114605 | 8356 | 126126 | 19 | FJG9824,visa,2018-11-29 00:36:53,BRST,SettledInstallment,1825434589612772,BRL,,50.35,1,BRL,,0.00,1.38,,,,visapremiumcredit,Capture Request bookingId 114605,57,,,,,,,
TurbiBR,TurbiBRCOM,1625435095048536,114644 | 8506528 | 126164 | 29 | GKH1148,visa,2018-11-29 16:27:54,BRST,SettledInstallment,1725435159616458,BRL,,30.00,1,BRL,,0.00,0.82,,,,visastandardcredit,Capture Request bookingId 114644,57,,,,,,,
TurbiBR,TurbiBRCOM,4825435062681899,114640 | 8893 | 126160 | 47 | GET4023,visa,2018-11-29 20:01:53,BRST,SettledInstallment,4325435288612590,BRL,,85.85,1,BRL,,0.00,2.36,,,,visastandardcredit,Capture Request bookingId 114640,57,,,,,,,
TurbiBR,TurbiBRCOM,4825434255344399,114579 | 8506008 | 126102 | 62 | GJR9212,visa,2018-11-29 11:41:57,BRST,SettledInstallment,1825434988620350,BRL,,72.18,1,BRL,,0.00,1.98,,,,visapremiumcredit,Capture Request bookingId 114579,57,,,,,,,
TurbiBR,TurbiBRCOM,1825434415614257,114603 | 8508785 | 126124 | 43 | GCK0375,visa,2018-11-28 23:56:50,BRST,SettledInstallment,1825434565615492,BRL,,39.94,1,BRL,,0.00,1.10,,,,visapremiumcredit,Capture Request bookingId 114603,57,,,,,,,
TurbiBR,TurbiBRCOM,,,,2018-12-28 02:52:44,BRST,Balancetransfer,Balancetransfer,,,,,BRL,,680.94,,,,,,Balancetransfer to batch 61,57,,,,,,,
