Company Account,Merchant Account,Psp Reference,Merchant Reference,Payment Method,Creation Date,TimeZone,Type,Modification Reference,Gross Currency,Gross Debit (GC),Gross Credit (GC),Exchange Rate,Net Currency,Net Debit (NC),Net Credit (NC),Commission (NC),Markup (NC),Scheme Fees (NC),Interchange (NC),Payment Method Variant,Modification Merchant Reference,Batch Number,Reserved4,Reserved5,Reserved6,Reserved7,Reserved8,Reserved9,Reserved10
TurbiBR,TurbiBRCOM,1715427449619501,Authorise Request bookingId 113829,mc,2018-11-20 18:16:59,BRST,SettledInstallment,1515427449622432,BRL,,514.77,1,BRL,,500.61,14.16,,,,mccredit,Capture Request  bookingId 113829,49,,,,,,,
TurbiBR,TurbiBRCOM,4715426846017396,Authorise Request bookingId 114053,mc,2018-11-20 01:30:59,BRST,SettledInstallment,4315426846026581,BRL,,109.49,1,BRL,,0.00,3.01,,,,mccredit,Capture Request  bookingId 114053,49,,,,,,,
TurbiBR,TurbiBRCOM,4535427269011336,Authorise Request bookingId 114068,mc,2018-11-20 13:18:57,BRST,SettledInstallment,4535427269021632,BRL,,40.24,1,BRL,,0.00,1.11,,,,mccredit,Capture Request  bookingId 114068,49,,,,,,,
TurbiBR,TurbiBRCOM,4735427401622253,Authorise Request bookingId 114081,mc,2018-11-20 17:00:49,BRST,SettledInstallment,4835427401632616,BRL,,110.71,1,BRL,,0.00,3.04,,,,mccredit,Capture Request  bookingId 114081,49,,,,,,,
TurbiBR,TurbiBRCOM,1335427482608312,Authorise Request bookingId 114097,mc,2018-11-20 19:11:51,BRST,SettledInstallment,1535427482612171,BRL,,30.00,1,BRL,,0.00,0.82,,,,mccredit,Capture Request  bookingId 114097,49,,,,,,,
TurbiBR,TurbiBRCOM,1635427347028174,Authorise Request bookingId 114077,mc,2018-11-20 15:30:44,BRST,SettledInstallment,1535427347023382,BRL,,41.26,1,BRL,,0.00,1.13,,,,mccredit,Capture Request  bookingId 114077,49,,,,,,,
TurbiBR,TurbiBRCOM,4835426819019234,Authorise Request bookingId 114050,mc,2018-11-20 00:45:55,BRST,SettledInstallment,4635426819045462,BRL,,53.56,1,BRL,,0.00,1.47,,,,mccredit,Capture Request  bookingId 114050,49,,,,,,,
TurbiBR,TurbiBRCOM,1535426753016195,Authorise Request bookingId 114040,mc,2018-11-19 22:55:54,BRST,SettledInstallment,1835426753027454,BRL,,57.74,1,BRL,,0.00,1.59,,,,mccredit,Capture Request  bookingId 114040,49,,,,,,,
TurbiBR,TurbiBRCOM,4735427539612135,Authorise Request bookingId 114047,mc,2018-11-20 20:46:46,BRST,SettledInstallment,4335427539624381,BRL,,159.36,1,BRL,,0.00,4.38,,,,mccredit,Capture Request  bookingId 114047,49,,,,,,,
TurbiBR,TurbiBRCOM,4535427389626922,Authorise Request bookingId 114063,mc,2018-11-20 16:41:25,BRST,SettledInstallment,4335427389633391,BRL,,47.55,1,BRL,,0.00,1.31,,,,mccredit,Capture Request  bookingId 114063,49,,,,,,,
TurbiBR,TurbiBRCOM,4525427380618482,Authorise Request bookingId 114062,mc,2018-11-20 16:21:57,BRST,SettledInstallment,4625427380616899,BRL,,89.77,1,BRL,,0.00,2.47,,,,mccredit,Capture Request  bookingId 114062,49,,,,,,,
TurbiBR,TurbiBRCOM,1325427482604560,Authorise Request bookingId 114074,mc,2018-11-20 19:11:54,BRST,SettledInstallment,1625427482612438,BRL,,67.81,1,BRL,,0.00,1.86,,,,mccredit,Capture Request  bookingId 114074,49,,,,,,,
TurbiBR,TurbiBRCOM,1825427461601459,Authorise Request bookingId 114092,mc,2018-11-20 18:36:56,BRST,SettledInstallment,1325427461614176,BRL,,30.00,1,BRL,,0.00,0.82,,,,mccredit,Capture Request  bookingId 114092,49,,,,,,,
TurbiBR,TurbiBRCOM,1725426729016881,Authorise Request bookingId 114027,mc,2018-11-19 22:15:48,BRST,SettledInstallment,1725426729027078,BRL,,98.24,1,BRL,,0.00,2.70,,,,mccredit,Capture Request  bookingId 114027,49,,,,,,,
TurbiBR,TurbiBRCOM,1325427242018051,Authorise Request bookingId 114065,mc,2018-11-20 12:30:55,BRST,SettledInstallment,1525427242019669,BRL,,50.33,1,BRL,,0.00,1.38,,,,mccredit,Capture Request  bookingId 114065,49,,,,,,,
TurbiBR,TurbiBRCOM,4625426810017454,Authorise Request bookingId 114055,mc,2018-11-20 00:30:52,BRST,SettledInstallment,4325426810027183,BRL,,39.58,1,BRL,,0.00,1.09,,,,mccredit,Capture Request  bookingId 114055,49,,,,,,,
TurbiBR,TurbiBRCOM,4645427386618580,Authorise Request bookingId 114070,mc,2018-11-20 16:31:49,BRST,SettledInstallment,4545427386621577,BRL,,120.92,1,BRL,,117.59,3.33,,,,mccredit,Capture Request  bookingId 114070,49,,,,,,,
TurbiBR,TurbiBRCOM,4545427485618300,Authorise Request bookingId 113991,mc,2018-11-20 19:16:53,BRST,SettledInstallment,4745427485612608,BRL,,365.19,1,BRL,,355.15,10.04,,,,mccredit,Capture Request  bookingId 113991,49,,,,,,,
TurbiBR,TurbiBRCOM,1845426759000354,Authorise Request bookingId 114035,mc,2018-11-19 23:05:51,BRST,SettledInstallment,1845426759010452,BRL,,95.77,1,BRL,,0.00,2.63,,,,mccredit,Capture Request  bookingId 114035,49,,,,,,,
TurbiBR,TurbiBRCOM,4345427248056915,Authorise Request bookingId 114080,mc,2018-11-20 12:40:58,BRST,SettledInstallment,4545427248063307,BRL,,30.00,1,BRL,,0.00,0.82,,,,mccredit,Capture Request  bookingId 114080,49,,,,,,,
TurbiBR,TurbiBRCOM,4745426816014310,Authorise Request bookingId 114052,mc,2018-11-20 00:40:46,BRST,SettledInstallment,4645426816023551,BRL,,68.78,1,BRL,,0.00,1.89,,,,mccredit,Capture Request  bookingId 114052,49,,,,,,,
TurbiBR,TurbiBRCOM,4645427137023502,Authorise Request bookingId 114051,mc,2018-11-20 09:35:55,BRST,SettledInstallment,4545427137031696,BRL,,174.36,1,BRL,,0.00,4.79,,,,mccredit,Capture Request  bookingId 114051,49,,,,,,,
TurbiBR,TurbiBRCOM,1815427563620672,Authorise Request bookingId 114037,mc,2018-11-20 21:26:55,BRST,SettledInstallment,1515427563628488,BRL,,344.00,1,BRL,,334.54,9.46,,,,mccredit,Capture Request  bookingId 114037,49,,,,,,,
TurbiBR,TurbiBRCOM,4615427599621872,Authorise Request bookingId 114099,mc,2018-11-20 22:26:46,BRST,SettledInstallment,4515427599659543,BRL,,47.05,1,BRL,,45.76,1.29,,,,mccredit,Capture Request  bookingId 114099,49,,,,,,,
TurbiBR,TurbiBRCOM,4515427548608682,Authorise Request bookingId 114084,mc,2018-11-20 21:01:49,BRST,SettledInstallment,4815427548615205,BRL,,96.20,1,BRL,,93.55,2.65,,,,mccredit,Capture Request  bookingId 114084,49,,,,,,,
TurbiBR,TurbiBRCOM,4645428376744881,Authorise Request bookingId 113426,mc,2018-11-21 20:02:12,BRST,SettledInstallment,4845428376753195,BRL,,75.00,1,BRL,,0.00,2.06,,,,mccredit,Capture Request  bookingId 113426,49,,,,,,,
TurbiBR,TurbiBRCOM,4745422271015413,Authorise Request bookingId 113633,mc,2018-11-21 15:20:36,BRST,RefundedInstallment,1645428207890347,BRL,30.00,,1,BRL,30.00,,,,,,mccredit,Refund Request bookingId 113633,49,,,,,,,
TurbiBR,TurbiBRCOM,1745427614619272,Authorise Request bookingId 114124,mc,2018-11-20 22:51:50,BRST,SettledInstallment,1345427614626743,BRL,,30.00,1,BRL,,0.00,0.82,,,,mccredit,Capture Request  bookingId 114124,49,,,,,,,
TurbiBR,TurbiBRCOM,1525427668608631,Authorise Request bookingId 114089,mc,2018-11-21 00:21:42,BRST,SettledInstallment,1325427668615422,BRL,,105.04,1,BRL,,0.00,2.89,,,,mccredit,Capture Request  bookingId 114089,49,,,,,,,
TurbiBR,TurbiBRCOM,,"Payout Date=2018-12-24, Bank=341, Branch=8886, Account=253338",,2018-12-21 02:20:14,BRST,MerchantPayout,"TX23806861741XT batch 49, TurbiBRCOM batch 49, TurbiBRCOM",,,,,BRL,1417.20,,,,,,,,49,,,,,,,
