Company Account,Merchant Account,Psp Reference,Merchant Reference,Payment Method,Creation Date,TimeZone,Type,Modification Reference,Gross Currency,Gross Debit (GC),Gross Credit (GC),Exchange Rate,Net Currency,Net Debit (NC),Net Credit (NC),Commission (NC),Markup (NC),Scheme Fees (NC),Interchange (NC),Advanced (NC),Advancement Code,Advancement Batch,Payment Method Variant,Batch Number,Reserved4,Reserved5,Reserved6,Reserved7,Reserved8,Reserved9,Reserved10,Modification Merchant Reference
TurbiBR,TurbiBRCOM,,,,2019-01-11 01:21:40,BRST,Balancetransfer,Balancetransfer,,,,,BRL,4693.39,,,,,,,,,,79,,,,,,,,Balancetransfer from batch 74
TurbiBR,TurbiBRCOM,4615447241962789,115695 | 8508063 | 127216 | 30 | FZV7646,mc,2018-12-14 00:32:59,BRST,SettledInstallment,4715447547211690,BRL,,33.01,1,BRL,,32.10,0.91,,,,,,,mccredit,79,,,,,,,,Capture Request bookingId 115695
TurbiBR,TurbiBRCOM,4515448005699378,115742 | 8523312 | 127263 | 20 | FUD3683,mc,2018-12-14 13:36:57,BRST,RefundedInstallment,4715448017637562,BRL,30.00,,1,BRL,30.00,,,,,,,,,mccredit,79,,,,,,,,Refund Request bookingId 115742
TurbiBR,TurbiBRCOM,1515448032242016,115751 | 8523312 | 127272 | 20 | FUD3683,mc,2018-12-14 14:28:04,BRST,SettledInstallment,4515448048211603,BRL,,30.00,1,BRL,,29.18,0.82,,,,,,,mccredit,79,,,,,,,,Capture Request bookingId 115751
TurbiBR,TurbiBRCOM,4515447323439046,115706 | 8510434 | 127227 | 34 | GAK2624,mc,2018-12-14 01:12:47,BRST,SettledInstallment,4515447571215403,BRL,,75.00,1,BRL,,72.94,2.06,,,,,,,mccredit,79,,,,,,,,Capture Request bookingId 115706
TurbiBR,TurbiBRCOM,4615447155748232,115683 | 8499385 | 127204 | 44 | FOM1229,mc,2018-12-13 22:12:54,BRST,SettledInstallment,4815447463212127,BRL,,62.84,1,BRL,,61.11,1.73,,,,,,,mccredit,79,,,,,,,,Capture Request bookingId 115683
TurbiBR,TurbiBRCOM,1715447277481162,115702 | 8523875 | 127223 | 5 | FSN3833,mc,2018-12-14 15:53:23,BRST,RefundedInstallment,4815448099547423,BRL,50.00,,1,BRL,50.00,,,,,,,,,mccredit,79,,,,,,,,Refund Request bookingId 115702
TurbiBR,TurbiBRCOM,4315447908696954,115732 | 8509511 | 127253 | 5 | FSN3833,mc,2018-12-14 14:02:48,BRST,SettledInstallment,4515448033215296,BRL,,57.54,1,BRL,,55.96,1.58,,,,,,,mccredit,79,,,,,,,,Capture Request bookingId 115732
TurbiBR,TurbiBRCOM,1615448078740930,115758 | 8526668 | 127279 | 9 | GEK9026,mc,2018-12-14 15:54:21,BRST,RefundedInstallment,4315448100029440,BRL,30.00,,1,BRL,30.00,,,,,,,,,mccredit,79,,,,,,,,Refund Request bookingId 115758
TurbiBR,TurbiBRCOM,4515442116137352,115210 | 8504581 | 126732 | 1 | GDC4895,mc,2018-12-14 15:22:11,BRST,RefundedInstallment,4715448080754617,BRL,148.83,,1,BRL,148.83,,,,,,,,,mccredit,79,,,,,,,,Refund Request bookingId 115210
TurbiBR,TurbiBRCOM,1315448117197012,115766 | 8523312 | 127287 | 20 | FUD3683,mc,2018-12-14 16:37:56,BRST,SettledInstallment,1715448126219068,BRL,,30.00,1,BRL,,29.18,0.82,,,,,,,mccredit,79,,,,,,,,Capture Request bookingId 115766
TurbiBR,TurbiBRCOM,4315448097730331,115762 | 8523312 | 127283 | 20 | FUD3683,mc,2018-12-14 16:22:59,BRST,SettledInstallment,1315448117207746,BRL,,30.00,1,BRL,,29.18,0.82,,,,,,,mccredit,79,,,,,,,,Capture Request bookingId 115762
TurbiBR,TurbiBRCOM,1715444459054990,115453 | 8508245 | 126974 | 5 | FSN3833,mc,2018-12-14 18:46:59,BRST,RefundedInstallment,1815448203611806,BRL,121.87,,1,BRL,121.87,,,,,,,,,mccredit,79,,,,,,,,Refund Request bookingId 115453
TurbiBR,TurbiBRCOM,1515428830450094,Authorise Request bookingId 114171,mc,2018-12-14 19:01:10,BRST,RefundedInstallment,1715448212152686,BRL,100.00,,1,BRL,100.00,,,,,,,,,mccredit,79,,,,,,,,Refund Request bookingId 114171
TurbiBR,TurbiBRCOM,4715428303663829,Authorise Request bookingId 114156,mc,2018-12-14 19:03:30,BRST,RefundedInstallment,4515448213108378,BRL,176.65,,1,BRL,176.65,,,,,,,,,mccredit,79,,,,,,,,Refund Request bookingId 114156
TurbiBR,TurbiBRCOM,1815431498226530,114417 | 8508828 | 125940 | 16 | FVN6927,mc,2018-12-14 20:31:24,BRST,RefundedInstallment,4615448266327742,BRL,100.00,,1,BRL,100.00,,,,,,,,,mccredit,79,,,,,,,,Refund Request bookingId 114417
TurbiBR,TurbiBRCOM,1815448274634570,115792 | 8523875 | 127313 | 9 | GEK9026,mc,2018-12-14 20:56:24,BRST,RefundedInstallment,4715448281325209,BRL,30.00,,1,BRL,30.00,,,,,,,,,mccredit,79,,,,,,,,Refund Request bookingId 115792
TurbiBR,TurbiBRCOM,4315448097730331,115762 | 8523312 | 127283 | 20 | FUD3683,mc,2018-12-14 16:47:34,BRST,RefundedInstallment,1715448131951325,BRL,30.00,,1,BRL,30.00,,,,,,,,,mccredit,79,,,,,,,,Refund Request bookingId 115762
TurbiBR,TurbiBRCOM,1815448016385838,115747 | 8505803 | 127268 | 4 | GIE2734,mc,2018-12-14 17:22:48,BRST,SettledInstallment,1315448153208251,BRL,,70.49,1,BRL,,68.55,1.94,,,,,,,mccredit,79,,,,,,,,Capture Request bookingId 115747
TurbiBR,TurbiBRCOM,1315448117197012,115766 | 8523312 | 127287 | 20 | FUD3683,mc,2018-12-14 16:47:19,BRST,RefundedInstallment,4715448131862666,BRL,30.00,,1,BRL,30.00,,,,,,,,,mccredit,79,,,,,,,,Refund Request bookingId 115766
TurbiBR,TurbiBRCOM,1515448032242016,115751 | 8523312 | 127272 | 20 | FUD3683,mc,2018-12-14 14:31:57,BRST,RefundedInstallment,4715448050042761,BRL,30.00,,1,BRL,30.00,,,,,,,,,mccredit,79,,,,,,,,Refund Request bookingId 115751
TurbiBR,TurbiBRCOM,1615448078740930,115758 | 8526668 | 127279 | 9 | GEK9026,mc,2018-12-14 15:42:58,BRST,SettledInstallment,1315448093212652,BRL,,30.00,1,BRL,,29.18,0.82,,,,,,,mccredit,79,,,,,,,,Capture Request bookingId 115758
TurbiBR,TurbiBRCOM,1815448274634570,115792 | 8523875 | 127313 | 9 | GEK9026,mc,2018-12-14 20:48:01,BRST,SettledInstallment,1815448276211930,BRL,,30.00,1,BRL,,29.18,0.82,,,,,,,mccredit,79,,,,,,,,Capture Request bookingId 115792
TurbiBR,TurbiBRCOM,4515448005699378,115742 | 8523312 | 127263 | 20 | FUD3683,mc,2018-12-14 13:23:00,BRST,SettledInstallment,4815448009210823,BRL,,30.00,1,BRL,,29.18,0.82,,,,,,,mccredit,79,,,,,,,,Capture Request bookingId 115742
TurbiBR,TurbiBRCOM,4635447262717431,115699 | 8505915 | 127220 | 61 | GCE7705,mc,2018-12-14 00:52:47,BRST,SettledInstallment,4335447559228947,BRL,,77.72,1,BRL,,75.58,2.14,,,,,,,mccredit,79,,,,,,,,Capture Request bookingId 115699
TurbiBR,TurbiBRCOM,1835447098033049,115675 | 8527040 | 127196 | 60 | GJQ7911,mc,2018-12-13 23:12:52,BRST,SettledInstallment,1635447499218639,BRL,,78.00,1,BRL,,75.86,2.14,,,,,,,mccredit,79,,,,,,,,Capture Request bookingId 115675
TurbiBR,TurbiBRCOM,1635448134595472,115771 | 8523312 | 127292 | 9 | GEK9026,mc,2018-12-14 18:17:54,BRST,SettledInstallment,1535448186210609,BRL,,30.00,1,BRL,,29.18,0.82,,,,,,,mccredit,79,,,,,,,,Capture Request bookingId 115771
TurbiBR,TurbiBRCOM,4535447105013460,115676 | 8523830 | 127197 | 28 | GKE6583,mc,2018-12-14 02:02:49,BRST,SettledInstallment,1835447601216909,BRL,,86.37,1,BRL,,83.99,2.38,,,,,,,mccredit,79,,,,,,,,Capture Request bookingId 115676
TurbiBR,TurbiBRCOM,4835446933372087,115663 | 8497521 | 127184 | 68 | GFT7592,mc,2018-12-14 01:02:53,BRST,SettledInstallment,4735447565213939,BRL,,181.62,1,BRL,,176.63,4.99,,,,,,,mccredit,79,,,,,,,,Capture Request bookingId 115663
TurbiBR,TurbiBRCOM,1735447217198088,115691 | 8500378 | 127212 | 42 | GCE5762,mc,2018-12-13 22:32:45,BRST,SettledInstallment,4835447475207913,BRL,,52.79,1,BRL,,51.34,1.45,,,,,,,mccredit,79,,,,,,,,Capture Request bookingId 115691
TurbiBR,TurbiBRCOM,4635447877112689,115730 | 8527487 | 127251 | 57 | FXD8307,mc,2018-12-14 11:52:56,BRST,SettledInstallment,1735447955217868,BRL,,30.00,1,BRL,,29.18,0.82,,,,,,,mccredit,79,,,,,,,,Capture Request bookingId 115730
TurbiBR,TurbiBRCOM,4835448007816650,115743 | 8124 | 127264 | 69 | GJT1128,mc,2018-12-14 13:27:59,BRST,SettledInstallment,4335448012217154,BRL,,30.00,1,BRL,,29.18,0.82,,,,,,,mccredit,79,,,,,,,,Capture Request bookingId 115743
TurbiBR,TurbiBRCOM,4835448012505108,115746 | 8505527 | 127267 | 10 | FQR9974,mc,2018-12-14 19:07:57,BRST,SettledInstallment,4635448216213949,BRL,,53.52,1,BRL,,52.05,1.47,,,,,,,mccredit,79,,,,,,,,Capture Request bookingId 115746
TurbiBR,TurbiBRCOM,4635447974589052,115740 | 8506985 | 127261 | 14 | GDW3904,mc,2018-12-14 18:37:56,BRST,SettledInstallment,4735448198213676,BRL,,69.25,1,BRL,,67.35,1.90,,,,,,,mccredit,79,,,,,,,,Capture Request bookingId 115740
TurbiBR,TurbiBRCOM,4335448199856261,115781 | 8523312 | 127302 | 33 | FYM1511,mc,2018-12-14 18:42:56,BRST,SettledInstallment,1635448201204552,BRL,,30.00,1,BRL,,29.18,0.82,,,,,,,mccredit,79,,,,,,,,Capture Request bookingId 115781
TurbiBR,TurbiBRCOM,4335433208042863,114527 | 8507216 | 126050 | 7 | GCW5563,mc,2018-12-14 20:47:38,BRST,RefundedInstallment,1335448276093198,BRL,100.00,,1,BRL,100.00,,,,,,,,,mccredit,79,,,,,,,,Refund Request bookingId 114527
TurbiBR,TurbiBRCOM,1835429819143729,114244 | 8502018 | 125766 | 35 | GEP0747,mc,2018-12-14 18:58:52,BRST,RefundedInstallment,4335448210827333,BRL,174.03,,1,BRL,174.03,,,,,,,,,mccredit,79,,,,,,,,Refund Request bookingId 114244
TurbiBR,TurbiBRCOM,4335430037206586,114271 | 8497282 | 125793 | 16 | FVN6927,mc,2018-12-14 20:04:36,BRST,RefundedInstallment,4835448250265563,BRL,147.08,,1,BRL,147.08,,,,,,,,,mccredit,79,,,,,,,,Refund Request bookingId 114271
TurbiBR,TurbiBRCOM,1535429981412566,114265 | 8525230 | 125787 | 36 | GFN9743,mc,2018-12-14 18:56:50,BRST,RefundedInstallment,4535448209550365,BRL,100.00,,1,BRL,100.00,,,,,,,,,mccredit,79,,,,,,,,Refund Request bookingId 114265
TurbiBR,TurbiBRCOM,1635448134595472,115771 | 8523312 | 127292 | 9 | GEK9026,mc,2018-12-14 18:28:28,BRST,RefundedInstallment,4835448192469422,BRL,30.00,,1,BRL,30.00,,,,,,,,,mccredit,79,,,,,,,,Refund Request bookingId 115771
TurbiBR,TurbiBRCOM,4335448199856261,115781 | 8523312 | 127302 | 33 | FYM1511,mc,2018-12-14 19:13:27,BRST,RefundedInstallment,1535448219554635,BRL,30.00,,1,BRL,30.00,,,,,,,,,mccredit,79,,,,,,,,Refund Request bookingId 115781
TurbiBR,TurbiBRCOM,4845447829710735,115727 | 8496889 | 127248 | 20 | FUD3683,mc,2018-12-14 11:42:59,BRST,SettledInstallment,1845447949213228,BRL,,50.78,1,BRL,,49.38,1.40,,,,,,,mccredit,79,,,,,,,,Capture Request bookingId 115727
TurbiBR,TurbiBRCOM,4845447586021466,115716 | 8502630 | 127237 | 63 | FMZ7695,mc,2018-12-14 01:42:48,BRST,SettledInstallment,1845447589219105,BRL,,30.00,1,BRL,,29.18,0.82,,,,,,,mccredit,79,,,,,,,,Capture Request bookingId 115716
TurbiBR,TurbiBRCOM,1645447781385342,115718 | 8526747 | 127239 | 43 | GCK0375,mc,2018-12-14 12:42:58,BRST,SettledInstallment,1745447985225244,BRL,,70.21,1,BRL,,68.28,1.93,,,,,,,mccredit,79,,,,,,,,Capture Request bookingId 115718
TurbiBR,TurbiBRCOM,1345447792567576,115721 | 8497163 | 127242 | 39 | FSQ3098,mc,2018-12-14 12:13:01,BRST,SettledInstallment,4845447967225033,BRL,,164.40,1,BRL,,159.88,4.52,,,,,,,mccredit,79,,,,,,,,Capture Request bookingId 115721
TurbiBR,TurbiBRCOM,4545448019186457,115749 | 8523312 | 127270 | 20 | FUD3683,mc,2018-12-14 14:31:10,BRST,RefundedInstallment,4745448050100811,BRL,30.00,,1,BRL,30.00,,,,,,,,,mccredit,79,,,,,,,,Refund Request bookingId 115749
TurbiBR,TurbiBRCOM,4345447311323737,115705 | 8525732 | 127226 | 46 | FZP6949,mc,2018-12-13 23:57:45,BRST,SettledInstallment,4345447526212956,BRL,,59.13,1,BRL,,57.50,1.63,,,,,,,mccredit,79,,,,,,,,Capture Request bookingId 115705
TurbiBR,TurbiBRCOM,1745448111908505,115764 | 8526668 | 127285 | 9 | GEK9026,mc,2018-12-14 16:22:57,BRST,SettledInstallment,1745448117209338,BRL,,30.00,1,BRL,,29.18,0.82,,,,,,,mccredit,79,,,,,,,,Capture Request bookingId 115764
TurbiBR,TurbiBRCOM,1745448166484105,115775 | 8524059 | 127296 | 20 | FUD3683,mc,2018-12-14 19:12:52,BRST,SettledInstallment,1345448219216649,BRL,,30.00,1,BRL,,29.18,0.82,,,,,,,mccredit,79,,,,,,,,Capture Request bookingId 115775
TurbiBR,TurbiBRCOM,4745443634747732,115389 | 8520935 | 126910 | 7 | GCW5563,mc,2018-12-14 18:54:35,BRST,RefundedInstallment,4745448208170997,BRL,50.00,,1,BRL,50.00,,,,,,,,,mccredit,79,,,,,,,,Refund Request bookingId 115389
TurbiBR,TurbiBRCOM,1545448124948078,115767 | 8523312 | 127288 | 20 | FUD3683,mc,2018-12-14 17:20:02,BRST,RefundedInstallment,1745448151479425,BRL,30.00,,1,BRL,30.00,,,,,,,,,mccredit,79,,,,,,,,Refund Request bookingId 115767
TurbiBR,TurbiBRCOM,1745447922368909,115734 | 8506559 | 127255 | 29 | GKH1148,mc,2018-12-14 19:37:54,BRST,SettledInstallment,4345448234216255,BRL,,90.03,1,BRL,,87.55,2.48,,,,,,,mccredit,79,,,,,,,,Capture Request bookingId 115734
TurbiBR,TurbiBRCOM,1545447781917194,115719 | 8527365 | 127240 | 8 | GCE1566,mc,2018-12-14 19:52:53,BRST,SettledInstallment,4845448243205013,BRL,,457.91,1,BRL,,445.32,12.59,,,,,,,mccredit,79,,,,,,,,Capture Request bookingId 115719
TurbiBR,TurbiBRCOM,4545448035425517,115752 | 8505720 | 127273 | 58 | GIV7241,mc,2018-12-14 19:32:53,BRST,SettledInstallment,4345448231214907,BRL,,39.51,1,BRL,,38.42,1.09,,,,,,,mccredit,79,,,,,,,,Capture Request bookingId 115752
TurbiBR,TurbiBRCOM,1545448185687375,115778 | 8526668 | 127299 | 9 | GEK9026,mc,2018-12-14 18:27:56,BRST,SettledInstallment,4745448192211070,BRL,,30.00,1,BRL,,29.18,0.82,,,,,,,mccredit,79,,,,,,,,Capture Request bookingId 115778
TurbiBR,TurbiBRCOM,1545434853779694,114618 | 8506144 | 126138 | 8 | GCE1566,mc,2018-12-14 19:15:21,BRST,RefundedInstallment,1345448220676732,BRL,189.11,,1,BRL,189.11,,,,,,,,,mccredit,79,,,,,,,,Refund Request bookingId 114618
TurbiBR,TurbiBRCOM,1545432452140227,114486 | 8501326 | 126009 | 3 | GFF2698,mc,2018-12-14 20:43:02,BRST,RefundedInstallment,1745448273257568,BRL,188.70,,1,BRL,188.70,,,,,,,,,mccredit,79,,,,,,,,Refund Request bookingId 114486
TurbiBR,TurbiBRCOM,4745435064691265,114641 | 8506517 | 126161 | 38 | GDT7856,mc,2018-12-14 19:08:22,BRST,RefundedInstallment,1345448216563191,BRL,62.00,,1,BRL,62.00,,,,,,,,,mccredit,79,,,,,,,,Refund Request bookingId 114641
TurbiBR,TurbiBRCOM,4845447586021466,115716 | 8502630 | 127237 | 63 | FMZ7695,mc,2018-12-14 14:30:49,BRST,RefundedInstallment,4645448049886828,BRL,30.00,,1,BRL,30.00,,,,,,,,,mccredit,79,,,,,,,,Refund Request bookingId 115716
TurbiBR,TurbiBRCOM,4545448019186457,115749 | 8523312 | 127270 | 20 | FUD3683,mc,2018-12-14 14:02:56,BRST,SettledInstallment,4845448033210504,BRL,,30.00,1,BRL,,29.18,0.82,,,,,,,mccredit,79,,,,,,,,Capture Request bookingId 115749
TurbiBR,TurbiBRCOM,4845447829710735,115727 | 8496889 | 127248 | 20 | FUD3683,mc,2018-12-14 11:47:50,BRST,RefundedInstallment,4845447952194277,BRL,50.78,,1,BRL,50.78,,,,,,,,,mccredit,79,,,,,,,,Refund Request bookingId 115727
TurbiBR,TurbiBRCOM,1745448111908505,115764 | 8526668 | 127285 | 9 | GEK9026,mc,2018-12-14 16:51:15,BRST,RefundedInstallment,1745448134230838,BRL,30.00,,1,BRL,30.00,,,,,,,,,mccredit,79,,,,,,,,Refund Request bookingId 115764
TurbiBR,TurbiBRCOM,4345447311323737,115705 | 8525732 | 127226 | 46 | FZP6949,mc,2018-12-14 18:30:16,BRST,RefundedInstallment,1345448193579657,BRL,50.00,,1,BRL,50.00,,,,,,,,,mccredit,79,,,,,,,,Refund Request bookingId 115705
TurbiBR,TurbiBRCOM,1545448124948078,115767 | 8523312 | 127288 | 20 | FUD3683,mc,2018-12-14 16:47:56,BRST,SettledInstallment,1345448132206305,BRL,,30.00,1,BRL,,29.18,0.82,,,,,,,mccredit,79,,,,,,,,Capture Request bookingId 115767
TurbiBR,TurbiBRCOM,1625446984474253,115668 | 8524059 | 127189 | 2 | FXT8846,mc,2018-12-14 17:47:54,BRST,SettledInstallment,4725448168217394,BRL,,501.28,1,BRL,,487.49,13.79,,,,,,,mccredit,79,,,,,,,,Capture Request bookingId 115668
TurbiBR,TurbiBRCOM,1625447352625625,115708 | 8504708 | 127229 | 54 | GDP6156,mc,2018-12-14 01:47:54,BRST,SettledInstallment,1725447592216077,BRL,,68.71,1,BRL,,66.82,1.89,,,,,,,mccredit,79,,,,,,,,Capture Request bookingId 115708
TurbiBR,TurbiBRCOM,4725440048211796,115026 | 8496889 | 126548 | 20 | FUD3683,mc,2018-12-14 13:20:40,BRST,RefundedInstallment,1625448007859023,BRL,149.52,,1,BRL,149.52,,,,,,,,,mccredit,79,,,,,,,,Refund Request bookingId 115026
TurbiBR,TurbiBRCOM,4825447304100422,115704 | 8503385 | 127225 | 58 | GIV7241,mc,2018-12-13 22:02:53,BRST,SettledInstallment,4525447457216150,BRL,,41.00,1,BRL,,39.87,1.13,,,,,,,mccredit,79,,,,,,,,Capture Request bookingId 115704
TurbiBR,TurbiBRCOM,1325447799883954,115724 | 8505577 | 127245 | 61 | GCE7705,mc,2018-12-14 18:07:59,BRST,SettledInstallment,4325448180213615,BRL,,106.63,1,BRL,,103.70,2.93,,,,,,,mccredit,79,,,,,,,,Capture Request bookingId 115724
TurbiBR,TurbiBRCOM,1325428884517475,Authorise Request bookingId 114178,mc,2018-12-14 18:08:55,BRST,RefundedInstallment,4725448180768960,BRL,34.12,,1,BRL,34.12,,,,,,,,,mccredit,79,,,,,,,,Authorise Request bookingId 114178
TurbiBR,TurbiBRCOM,1525444708338210,115480 | 8364 | 127001 | 44 | FOM1229,mc,2018-12-14 18:44:46,BRST,RefundedInstallment,1725448202308155,BRL,154.07,,1,BRL,154.07,,,,,,,,,mccredit,79,,,,,,,,Refund Request bookingId 115480
TurbiBR,TurbiBRCOM,1825448219385658,115783 | 8524059 | 127304 | 22 | FWL2173,mc,2018-12-14 19:47:49,BRST,SettledInstallment,4625448240205970,BRL,,100.00,1,BRL,,97.25,2.75,,,,,,,mccredit,79,,,,,,,,Capture Request bookingId 115783
TurbiBR,TurbiBRCOM,4525447293653392,115703 | 8502630 | 127224 | 63 | FMZ7695,mc,2018-12-14 18:31:50,BRST,RefundedInstallment,4325448194193514,BRL,50.00,,1,BRL,50.00,,,,,,,,,mccredit,79,,,,,,,,Refund Request bookingId 115703
TurbiBR,TurbiBRCOM,1725443648222854,115395 | 8509954 | 126916 | 57 | FXD8307,mc,2018-12-14 18:52:35,BRST,RefundedInstallment,4725448207009521,BRL,135.54,,1,BRL,135.54,,,,,,,,,mccredit,79,,,,,,,,Refund Request bookingId 115395
TurbiBR,TurbiBRCOM,4525448076561273,115757 | 8527505 | 127278 | 28 | GKE6583,mc,2018-12-14 18:42:57,BRST,SettledInstallment,1525448201203649,BRL,,31.52,1,BRL,,30.65,0.87,,,,,,,mccredit,79,,,,,,,,Capture Request bookingId 115757
TurbiBR,TurbiBRCOM,4625443907755714,115437 | 8825 | 126958 | 54 | GDP6156,mc,2018-12-14 18:50:24,BRST,RefundedInstallment,1325448205673344,BRL,39.57,,1,BRL,39.57,,,,,,,,,mccredit,79,,,,,,,,Refund Request bookingId 115437
TurbiBR,TurbiBRCOM,1525430141810618,114282 | 8499770 | 125804 | 49 | GDG8981,mc,2018-12-14 20:12:26,BRST,RefundedInstallment,4625448254917163,BRL,165.00,,1,BRL,165.00,,,,,,,,,mccredit,79,,,,,,,,Refund Request bookingId 114282
TurbiBR,TurbiBRCOM,1725431720297886,114458 | 8496717 | 125981 | 69 | GJT1128,mc,2018-12-14 20:36:35,BRST,RefundedInstallment,4825448269459977,BRL,75.79,,1,BRL,75.79,,,,,,,,,mccredit,79,,,,,,,,Refund Request bookingId 114458
TurbiBR,TurbiBRCOM,4525447293653392,115703 | 8502630 | 127224 | 63 | FMZ7695,mc,2018-12-14 00:07:47,BRST,SettledInstallment,1525447532212964,BRL,,58.42,1,BRL,,56.81,1.61,,,,,,,mccredit,79,,,,,,,,Capture Request bookingId 115703
TurbiBR,TurbiBRCOM,1325447799883954,115724 | 8505577 | 127245 | 61 | GCE7705,mc,2018-12-14 18:30:08,BRST,RefundedInstallment,4825448192718168,BRL,106.63,,1,BRL,106.63,,,,,,,,,mccredit,79,,,,,,,,Refund Request bookingId 115724
TurbiBR,TurbiBRCOM,1615448266935060,115790 | 8473 | 127311 | 43 | GCK0375,mc,2018-12-14 22:02:51,BRST,SettledInstallment,4515448321203863,BRL,,30.00,1,BRL,,0.00,0.82,,,,29.18,0000024021,10618121503003829101,mccredit,79,,,,,,,,Capture Request bookingId 115790
TurbiBR,TurbiBRCOM,4615448322307852,115798 | 8671 | 127319 | 10 | FQR9974,mc,2018-12-15 00:17:46,BRST,SettledInstallment,4615448402207006,BRL,,30.00,1,BRL,,0.00,0.82,,,,29.18,0000024021,10618121503003829101,mccredit,79,,,,,,,,Capture Request bookingId 115798
TurbiBR,TurbiBRCOM,1715448089358622,115759 | 8526743 | 127280 | 72 | FWG4577,mc,2018-12-14 23:17:42,BRST,SettledInstallment,4815448366200417,BRL,,67.50,1,BRL,,0.00,1.86,,,,65.64,0000024021,10618121503003829101,mccredit,79,,,,,,,,Capture Request bookingId 115759
TurbiBR,TurbiBRCOM,1615435280863113,114651 | 8522930 | 126171 | 18 | FKD0105,mc,2018-12-15 15:24:00,BRST,RefundedInstallment,1715448945689855,BRL,50.00,,1,BRL,50.00,,,,,,,,,mccredit,79,,,,,,,,Refund Request bookingId 114651
TurbiBR,TurbiBRCOM,4615448814433489,115862 | 8499216 | 127382 | 25 | GJA7687,mc,2018-12-15 16:47:57,BRST,SettledInstallment,4615448996209459,BRL,,105.24,1,BRL,,0.00,2.89,,,,102.35,0000024021,10618121503003829101,mccredit,79,,,,,,,,Capture Request bookingId 115862
TurbiBR,TurbiBRCOM,4715448155293681,115772 | 8525336 | 127293 | 26 | GJJ0014,mc,2018-12-15 17:17:53,BRST,SettledInstallment,4715449014217432,BRL,,288.00,1,BRL,,0.00,7.92,,,,280.08,0000024021,10618121503003829101,mccredit,79,,,,,,,,Capture Request bookingId 115772
TurbiBR,TurbiBRCOM,1515448738184256,115844 | 8501477 | 127364 | 28 | GKE6583,mc,2018-12-15 18:22:58,BRST,SettledInstallment,1615449053216722,BRL,,81.27,1,BRL,,0.00,2.23,,,,79.04,0000024021,10618121503003829101,mccredit,79,,,,,,,,Capture Request bookingId 115844
TurbiBR,TurbiBRCOM,1815448725564905,115838 | 8509511 | 127358 | 18 | FKD0105,mc,2018-12-15 12:27:49,BRST,SettledInstallment,4815448840213200,BRL,,33.87,1,BRL,,0.00,0.93,,,,32.94,0000024021,10618121503003829101,mccredit,79,,,,,,,,Capture Request bookingId 115838
TurbiBR,TurbiBRCOM,4615448996380425,115891 | 8503958 | 127411 | 49 | GDG8981,mc,2018-12-15 19:52:47,BRST,SettledInstallment,4815449107216845,BRL,,31.42,1,BRL,,0.00,0.86,,,,30.56,0000024021,10618121503003829101,mccredit,79,,,,,,,,Capture Request bookingId 115891
TurbiBR,TurbiBRCOM,1515447939059416,115736 | 8524568 | 127257 | 50 | GDB0788,mc,2018-12-15 18:02:52,BRST,SettledInstallment,4515449041210295,BRL,,193.72,1,BRL,,0.00,5.33,,,,188.39,0000024021,10618121503003829101,mccredit,79,,,,,,,,Capture Request bookingId 115736
TurbiBR,TurbiBRCOM,4815448025661439,115750 | 8503444 | 127271 | 35 | GEP0747,mc,2018-12-14 21:57:41,BRST,SettledInstallment,1515448318213079,BRL,,95.60,1,BRL,,0.00,2.63,,,,92.97,0000024021,10618121503003829101,mccredit,79,,,,,,,,Capture Request bookingId 115750
TurbiBR,TurbiBRCOM,1615435280863113,114651 | 8522930 | 126171 | 18 | FKD0105,mc,2018-12-15 15:24:59,BRST,RefundedInstallment,4515448946444231,BRL,50.00,,1,BRL,50.00,,,,,,,,,mccredit,79,,,,,,,,114651 | 8522930 | 126171 | 18 | FKD0105
TurbiBR,TurbiBRCOM,4645436774918346,114781 | 8498012 | 126303 | 71 | GEJ2081,mc,2018-12-15 15:42:20,BRST,RefundedInstallment,4645448956843788,BRL,50.00,,1,BRL,50.00,,,,,,,,,mccredit,79,,,,,,,,114781 | 8498012 | 126303 | 71 | GEJ2081
TurbiBR,TurbiBRCOM,4545446352277933,115600 | 8524059 | 127121 | 26 | GJJ0014,mc,2018-12-14 21:10:39,BRST,RefundedInstallment,4745448289856191,BRL,50.00,,1,BRL,50.00,,,,,,,,,mccredit,79,,,,,,,,Refund Request bookingId 115600
TurbiBR,TurbiBRCOM,1645448651721954,115813 | 8527485 | 127333 | 14 | GDW3904,mc,2018-12-15 19:07:49,BRST,SettledInstallment,4545449080207065,BRL,,235.60,1,BRL,,0.00,6.48,,,,,0000023788,40618121503003829101,mccredit,79,,,,,,,,Capture Request bookingId 115813
TurbiBR,TurbiBRCOM,1345448863244723,115875 | 8522771 | 127395 | 35 | GEP0747,mc,2018-12-15 16:32:59,BRST,SettledInstallment,4845448987208181,BRL,,41.54,1,BRL,,0.00,1.14,,,,,0000023788,40618121503003829101,mccredit,79,,,,,,,,Capture Request bookingId 115875
TurbiBR,TurbiBRCOM,4345448735703124,115843 | 8503146 | 127363 | 10 | FQR9974,mc,2018-12-15 14:22:55,BRST,SettledInstallment,1745448909215402,BRL,,14.33,1,BRL,,0.00,0.39,,,,,0000023788,40618121503003829101,mccredit,79,,,,,,,,Capture Request bookingId 115843
TurbiBR,TurbiBRCOM,1345448771188392,115852 | 8510033 | 127372 | 27 | GIE0915,mc,2018-12-15 16:17:54,BRST,SettledInstallment,4545448978211858,BRL,,212.66,1,BRL,,0.00,5.85,,,,,0000023788,40618121503003829101,mccredit,79,,,,,,,,Capture Request bookingId 115852
TurbiBR,TurbiBRCOM,4645448740711325,115846 | 8506676 | 127366 | 36 | GFN9743,mc,2018-12-15 19:52:55,BRST,SettledInstallment,4545449107210555,BRL,,81.96,1,BRL,,0.00,2.25,,,,,0000023788,40618121503003829101,mccredit,79,,,,,,,,Capture Request bookingId 115846
TurbiBR,TurbiBRCOM,1745448166484105,115775 | 8524059 | 127296 | 20 | FUD3683,mc,2018-12-14 21:10:43,BRST,RefundedInstallment,1845448289972977,BRL,30.00,,1,BRL,30.00,,,,,,,,,mccredit,79,,,,,,,,Refund Request bookingId 115775
TurbiBR,TurbiBRCOM,1745448964873178,115885 | 8101 | 127405 | 20 | FUD3683,mc,2018-12-15 17:17:54,BRST,SettledInstallment,4645449014217924,BRL,,30.00,1,BRL,,0.00,0.82,,,,,0000023788,40618121503003829101,mccredit,79,,,,,,,,Capture Request bookingId 115885
TurbiBR,TurbiBRCOM,4545448382365316,115802 | 8499437 | 127322 | 22 | FWL2173,mc,2018-12-15 12:17:56,BRST,SettledInstallment,1545448834210744,BRL,,455.13,1,BRL,,0.00,12.52,,,,,0000023788,40618121503003829101,mccredit,79,,,,,,,,Capture Request bookingId 115802
TurbiBR,TurbiBRCOM,4835448178418690,115777 | 8499316 | 127298 | 39 | FSQ3098,mc,2018-12-14 23:42:57,BRST,SettledInstallment,4535448381208790,BRL,,60.20,1,BRL,,0.00,1.66,,,,,0000023788,30618121503003829101,mccredit,79,,,,,,,,Capture Request bookingId 115777
TurbiBR,TurbiBRCOM,1535448272979752,115791 | 8502607 | 127312 | 16 | FVN6927,mc,2018-12-14 21:19:13,BRST,RefundedInstallment,4535448295020950,BRL,268.80,,1,BRL,268.80,,,,,,,,,mccredit,79,,,,,,,,Refund Request bookingId 115791
TurbiBR,TurbiBRCOM,1735448306362734,115797 | 8503574 | 127318 | 47 | GET4023,mc,2018-12-15 01:07:51,BRST,SettledInstallment,1835448432208552,BRL,,31.96,1,BRL,,0.00,0.88,,,,,0000023788,30618121503003829101,mccredit,79,,,,,,,,Capture Request bookingId 115797
TurbiBR,TurbiBRCOM,1735448820077560,115864 | 8150 | 127384 | 68 | GFT7592,mc,2018-12-15 11:58:44,BRST,SettledInstallment,4535448822202352,BRL,,30.00,1,BRL,,0.00,0.82,,,,,0000023788,30618121503003829101,mccredit,79,,,,,,,,Capture Request bookingId 115864
TurbiBR,TurbiBRCOM,4835448844418736,115869 | 8502797 | 127389 | 18 | FKD0105,mc,2018-12-15 13:13:08,BRST,SettledInstallment,4335448867214892,BRL,,30.00,1,BRL,,0.00,0.82,,,,,0000023788,30618121503003829101,mccredit,79,,,,,,,,Capture Request bookingId 115869
TurbiBR,TurbiBRCOM,4735448669877876,115820 | 8496237 | 127340 | 33 | FYM1511,mc,2018-12-15 14:38:18,BRST,SettledInstallment,1635448918217988,BRL,,55.28,1,BRL,,0.00,1.52,,,,,0000023788,30618121503003829101,mccredit,79,,,,,,,,Capture Request bookingId 115820
TurbiBR,TurbiBRCOM,4735448658590639,115815 | 8504415 | 127335 | 49 | GDG8981,mc,2018-12-15 15:53:02,BRST,SettledInstallment,1835448963213112,BRL,,87.87,1,BRL,,0.00,2.42,,,,,0000023788,30618121503003829101,mccredit,79,,,,,,,,Capture Request bookingId 115815
TurbiBR,TurbiBRCOM,4635448260864845,115789 | 8509961 | 127310 | 25 | GJA7687,mc,2018-12-15 01:12:42,BRST,SettledInstallment,4735448435206376,BRL,,85.27,1,BRL,,0.00,2.34,,,,,0000023788,30618121503003829101,mccredit,79,,,,,,,,Capture Request bookingId 115789
TurbiBR,TurbiBRCOM,1735448256270168,115788 | 8101 | 127309 | 20 | FUD3683,mc,2018-12-15 15:32:54,BRST,SettledInstallment,1835448951218115,BRL,,144.31,1,BRL,,0.00,3.97,,,,,0000023788,30618121503003829101,mccredit,79,,,,,,,,Capture Request bookingId 115788
TurbiBR,TurbiBRCOM,1635448882701280,115880 | 8508828 | 127400 | 32 | FXT6395,mc,2018-12-15 19:37:50,BRST,SettledInstallment,4835449098204012,BRL,,65.33,1,BRL,,0.00,1.80,,,,,0000023788,30618121503003829101,mccredit,79,,,,,,,,Capture Request bookingId 115880
TurbiBR,TurbiBRCOM,4535448290862075,115793 | 8524059 | 127314 | 2 | FXT8846,mc,2018-12-15 19:37:50,BRST,SettledInstallment,4335449098205097,BRL,,307.29,1,BRL,,0.00,8.45,,,,,0000023788,30618121503003829101,mccredit,79,,,,,,,,Capture Request bookingId 115793
TurbiBR,TurbiBRCOM,4535448744220524,115847 | 8497815 | 127367 | 43 | GCK0375,mc,2018-12-15 18:27:48,BRST,SettledInstallment,4335449056209248,BRL,,85.14,1,BRL,,0.00,2.34,,,,,0000023788,30618121503003829101,mccredit,79,,,,,,,,Capture Request bookingId 115847
TurbiBR,TurbiBRCOM,4735448652720828,115814 | 8501721 | 127334 | 23 | FLQ7676,mc,2018-12-15 19:52:45,BRST,SettledInstallment,4635449107211570,BRL,,254.20,1,BRL,,0.00,6.99,,,,,0000023788,30618121503003829101,mccredit,79,,,,,,,,Capture Request bookingId 115814
TurbiBR,TurbiBRCOM,1835448661774498,115817 | 8505011 | 127337 | 37 | GHQ9495,mc,2018-12-15 19:42:52,BRST,SettledInstallment,4635449101204241,BRL,,201.22,1,BRL,,0.00,5.53,,,,,0000023788,30618121503003829101,mccredit,79,,,,,,,,Capture Request bookingId 115817
TurbiBR,TurbiBRCOM,1535448272979752,115791 | 8502607 | 127312 | 16 | FVN6927,mc,2018-12-14 21:12:54,BRST,SettledInstallment,1835448291207521,BRL,,268.80,1,BRL,,0.00,7.39,,,,,0000023788,30618121503003829101,mccredit,79,,,,,,,,Capture Request bookingId 115791
TurbiBR,TurbiBRCOM,1825448219385658,115783 | 8524059 | 127304 | 22 | FWL2173,mc,2018-12-14 21:10:52,BRST,RefundedInstallment,4825448290018719,BRL,100.00,,1,BRL,100.00,,,,,,,,,mccredit,79,,,,,,,,Refund Request bookingId 115783
TurbiBR,TurbiBRCOM,1825448116893572,115765 | 8506517 | 127286 | 55 | FKS8658,mc,2018-12-14 21:02:49,BRST,SettledInstallment,1725448285214262,BRL,,28.19,1,BRL,,0.00,0.78,,,,,0000025213,20618121503003829101,mccredit,79,,,,,,,,Capture Request bookingId 115765
TurbiBR,TurbiBRCOM,1825448225490260,115784 | 8527027 | 127305 | 57 | FXD8307,mc,2018-12-14 22:57:49,BRST,SettledInstallment,1325448354213819,BRL,,39.92,1,BRL,,0.00,1.10,,,,,0000025213,20618121503003829101,mccredit,79,,,,,,,,Capture Request bookingId 115784
TurbiBR,TurbiBRCOM,4725447911087450,115733 | 8527190 | 127254 | 44 | FOM1229,mc,2018-12-14 23:37:47,BRST,SettledInstallment,4725448378210577,BRL,,111.87,1,BRL,,0.00,3.08,,,,,0000025213,20618121503003829101,mccredit,79,,,,,,,,Capture Request bookingId 115733
TurbiBR,TurbiBRCOM,4325448704286667,115826 | 8525589 | 127346 | 38 | GDT7856,mc,2018-12-15 12:38:26,BRST,SettledInstallment,4525448846201333,BRL,,37.43,1,BRL,,0.00,1.03,,,,,0000025213,20618121503003829101,mccredit,79,,,,,,,,Capture Request bookingId 115826
TurbiBR,TurbiBRCOM,4525448822212601,115866 | 8496513 | 127386 | 72 | FWG4577,mc,2018-12-15 12:38:26,BRST,SettledInstallment,4325448846202762,BRL,,30.00,1,BRL,,0.00,0.82,,,,,0000025213,20618121503003829101,mccredit,79,,,,,,,,Capture Request bookingId 115866
TurbiBR,TurbiBRCOM,4325448755720515,115848 | 8523665 | 127368 | 47 | GET4023,mc,2018-12-15 15:23:04,BRST,SettledInstallment,1525448945212260,BRL,,49.97,1,BRL,,0.00,1.37,,,,,0000025213,20618121503003829101,mccredit,79,,,,,,,,Capture Request bookingId 115848
TurbiBR,TurbiBRCOM,1625448719750817,115830 | 8503444 | 127350 | 35 | GEP0747,mc,2018-12-15 12:53:33,BRST,SettledInstallment,4325448855215325,BRL,,31.32,1,BRL,,0.00,0.86,,,,,0000025213,20618121503003829101,mccredit,79,,,,,,,,Capture Request bookingId 115830
TurbiBR,TurbiBRCOM,1525448644398816,115812 | 8503970 | 127332 | 55 | FKS8658,mc,2018-12-15 16:17:52,BRST,SettledInstallment,4325448978213975,BRL,,167.58,1,BRL,,0.00,4.61,,,,,0000025213,20618121503003829101,mccredit,79,,,,,,,,Capture Request bookingId 115812
TurbiBR,TurbiBRCOM,1525448778581781,115854 | 8496367 | 127374 | 39 | FSQ3098,mc,2018-12-15 20:37:50,BRST,SettledInstallment,4525449134215449,BRL,,108.46,1,BRL,,0.00,2.98,,,,,0000025213,20618121503003829101,mccredit,79,,,,,,,,Capture Request bookingId 115854
TurbiBR,TurbiBRCOM,1825448738319725,115845 | 8499834 | 127365 | 63 | FMZ7695,mc,2018-12-15 15:57:55,BRST,SettledInstallment,4325448966215123,BRL,,65.07,1,BRL,,0.00,1.79,,,,,0000025213,20618121503003829101,mccredit,79,,,,,,,,Capture Request bookingId 115845
TurbiBR,TurbiBRCOM,1825448982075692,115889 | 8375 | 127409 | 73 | FYM4531,mc,2018-12-15 19:57:52,BRST,SettledInstallment,4325449110215613,BRL,,46.55,1,BRL,,0.00,1.28,,,,,0000025213,20618121503003829101,mccredit,79,,,,,,,,Capture Request bookingId 115889
TurbiBR,TurbiBRCOM,4625448868533315,115878 | 8509954 | 127398 | 13 | FXH7648,mc,2018-12-15 13:52:55,BRST,SettledInstallment,1325448891210765,BRL,,30.00,1,BRL,,0.00,0.82,,,,,0000025213,20618121503003829101,mccredit,79,,,,,,,,Capture Request bookingId 115878
TurbiBR,TurbiBRCOM,1625448247362846,115786 | 8825 | 127307 | 49 | GDG8981,mc,2018-12-15 01:27:46,BRST,SettledInstallment,4625448444217458,BRL,,48.67,1,BRL,,0.00,1.34,,,,,0000025213,20618121503003829101,mccredit,79,,,,,,,,Capture Request bookingId 115786
TurbiBR,TurbiBRCOM,1625448876998308,115879 | 8499518 | 127399 | 19 | FJG9824,mc,2018-12-15 20:37:50,BRST,SettledInstallment,4625449134213922,BRL,,86.46,1,BRL,,0.00,2.38,,,,,0000025213,20618121503003829101,mccredit,79,,,,,,,,Capture Request bookingId 115879
TurbiBR,TurbiBRCOM,1625446984474253,115668 | 8524059 | 127189 | 2 | FXT8846,mc,2018-12-14 21:10:39,BRST,RefundedInstallment,4725448289897116,BRL,501.28,,1,BRL,501.28,,,,,,,,,mccredit,79,,,,,,,,Refund Request bookingId 115668
TurbiBR,TurbiBRCOM,4515448860295908,115872 | 8527333 | 127392 | 9 | GEK9026,mc,2018-12-15 22:02:51,BRST,SettledInstallment,1615449185201048,BRL,,162.87,1,BRL,,0.00,4.48,,,,158.39,0000023788,10618121602903829101,mccredit,79,,,,,,,,Capture Request bookingId 115872
TurbiBR,TurbiBRCOM,1315448675667026,115822 | 8523945 | 127342 | 45 | GHS1618,mc,2018-12-15 21:02:49,BRST,SettledInstallment,1515449149200764,BRL,,185.76,1,BRL,,0.00,5.11,,,,180.65,0000023788,10618121602903829101,mccredit,79,,,,,,,,Capture Request bookingId 115822
TurbiBR,TurbiBRCOM,1315448801718628,115860 | 8520389 | 127380 | 64 | GGW0873,mc,2018-12-15 22:33:02,BRST,SettledInstallment,4815449203212664,BRL,,162.38,1,BRL,,0.00,4.47,,,,157.91,0000023788,10618121602903829101,mccredit,79,,,,,,,,Capture Request bookingId 115860
TurbiBR,TurbiBRCOM,1615448996720949,115892 | 8509439 | 127412 | 55 | FKS8658,mc,2018-12-15 22:12:55,BRST,SettledInstallment,1815449191201501,BRL,,52.05,1,BRL,,0.00,1.43,,,,50.62,0000023788,10618121602903829101,mccredit,79,,,,,,,,Capture Request bookingId 115892
TurbiBR,TurbiBRCOM,4615448970846607,115888 | 8524724 | 127408 | 63 | FMZ7695,mc,2018-12-15 22:33:02,BRST,SettledInstallment,4615449203217533,BRL,,60.83,1,BRL,,0.00,1.67,,,,59.16,0000023788,10618121602903829101,mccredit,79,,,,,,,,Capture Request bookingId 115888
TurbiBR,TurbiBRCOM,4615449186019294,115905 | 8520448 | 127425 | 34 | GAK2624,mc,2018-12-15 22:42:52,BRST,SettledInstallment,4315449209217878,BRL,,30.00,1,BRL,,0.00,0.82,,,,29.18,0000023788,10618121602903829101,mccredit,79,,,,,,,,Capture Request bookingId 115905
TurbiBR,TurbiBRCOM,4515449066873274,115896 | 8505035 | 127416 | 43 | GCK0375,mc,2018-12-15 23:57:52,BRST,SettledInstallment,1315449254209958,BRL,,28.13,1,BRL,,0.00,0.77,,,,27.36,0000023788,10618121602903829101,mccredit,79,,,,,,,,Capture Request bookingId 115896
TurbiBR,TurbiBRCOM,4615449603676155,115937 | 8509511 | 127457 | 5 | FSN3833,mc,2018-12-16 11:07:49,BRST,SettledInstallment,1815449656217240,BRL,,50.00,1,BRL,,0.00,1.38,,,,48.62,0000023788,10618121602903829101,mccredit,79,,,,,,,,Capture Request bookingId 115937
TurbiBR,TurbiBRCOM,1515449309054266,115911 | 8509068 | 127431 | 29 | GKH1148,mc,2018-12-16 05:02:47,BRST,SettledInstallment,4815449437209874,BRL,,68.42,1,BRL,,0.00,1.88,,,,66.54,0000023788,10618121602903829101,mccredit,79,,,,,,,,Capture Request bookingId 115911
TurbiBR,TurbiBRCOM,4515448695105488,115825 | 8525943 | 127345 | 44 | FOM1229,mc,2018-12-16 00:27:52,BRST,SettledInstallment,4615449272207159,BRL,,201.04,1,BRL,,0.00,5.53,,,,195.51,0000023788,10618121602903829101,mccredit,79,,,,,,,,Capture Request bookingId 115825
TurbiBR,TurbiBRCOM,4615448970163573,115886 | 8506985 | 127406 | 47 | GET4023,mc,2018-12-15 23:17:52,BRST,SettledInstallment,1715449230221230,BRL,,81.11,1,BRL,,0.00,2.23,,,,78.88,0000023788,10618121602903829101,mccredit,79,,,,,,,,Capture Request bookingId 115886
TurbiBR,TurbiBRCOM,4815449632555949,115946 | 8526126 | 127466 | 3 | GFF2698,mc,2018-12-16 12:42:47,BRST,SettledInstallment,1515449713213524,BRL,,50.00,1,BRL,,0.00,1.38,,,,48.62,0000023788,10618121602903829101,mccredit,79,,,,,,,,Capture Request bookingId 115946
TurbiBR,TurbiBRCOM,4815442201656982,115222 | 8525335 | 126744 | 66 | GHH6346,mc,2018-12-16 11:46:57,BRST,RefundedInstallment,1315449679692309,BRL,50.00,,1,BRL,50.00,,,,,,,,,mccredit,79,,,,,,,,Refund Request bookingId 115222
TurbiBR,TurbiBRCOM,4815449573236400,115933 | 8549 | 127453 | 14 | GDW3904,mc,2018-12-16 17:02:56,BRST,SettledInstallment,4815449869209160,BRL,,79.76,1,BRL,,0.00,2.19,,,,77.57,0000023788,10618121602903829101,mccredit,79,,,,,,,,Capture Request bookingId 115933
TurbiBR,TurbiBRCOM,1315448322809328,115799 | 8500132 | 127320 | 61 | GCE7705,mc,2018-12-16 14:42:54,BRST,SettledInstallment,1315449785208172,BRL,,315.74,1,BRL,,0.00,8.68,,,,307.06,0000023788,10618121602903829101,mccredit,79,,,,,,,,Capture Request bookingId 115799
TurbiBR,TurbiBRCOM,1615449484041731,115920 | 8526747 | 127440 | 13 | FXH7648,mc,2018-12-16 12:42:47,BRST,SettledInstallment,1315449713219093,BRL,,97.22,1,BRL,,0.00,2.67,,,,94.55,0000023788,10618121602903829101,mccredit,79,,,,,,,,Capture Request bookingId 115920
TurbiBR,TurbiBRCOM,4815449675020546,115958 | 8526054 | 127479 | 1 | GDC4895,mc,2018-12-16 18:28:25,BRST,SettledInstallment,1815449920214858,BRL,,161.60,1,BRL,,0.00,4.44,,,,157.16,0000023788,10618121602903829101,mccredit,79,,,,,,,,Capture Request bookingId 115958
TurbiBR,TurbiBRCOM,1515449767760636,115977 | 8499518 | 127498 | 38 | GDT7856,mc,2018-12-16 17:07:58,BRST,SettledInstallment,4515449872212535,BRL,,33.66,1,BRL,,0.00,0.93,,,,32.73,0000023788,10618121602903829101,mccredit,79,,,,,,,,Capture Request bookingId 115977
TurbiBR,TurbiBRCOM,4315449561255946,115928 | 8503326 | 127448 | 35 | GEP0747,mc,2018-12-16 18:37:58,BRST,SettledInstallment,1515449926216587,BRL,,151.10,1,BRL,,0.00,4.16,,,,146.94,0000023788,10618121602903829101,mccredit,79,,,,,,,,Capture Request bookingId 115928
TurbiBR,TurbiBRCOM,1315449572712709,115932 | 8523484 | 127452 | 56 | GCB5654,mc,2018-12-16 18:47:50,BRST,SettledInstallment,1615449932217867,BRL,,80.83,1,BRL,,0.00,2.22,,,,78.61,0000023788,10618121602903829101,mccredit,79,,,,,,,,Capture Request bookingId 115932
TurbiBR,TurbiBRCOM,1315449662136629,115956 | 8502550 | 127477 | 36 | GFN9743,mc,2018-12-16 20:13:23,BRST,SettledInstallment,1715449983214507,BRL,,75.42,1,BRL,,0.00,2.07,,,,73.35,0000023788,10618121602903829101,mccredit,79,,,,,,,,Capture Request bookingId 115956
TurbiBR,TurbiBRCOM,1815449085372285,115900 | 8501854 | 127420 | 14 | GDW3904,mc,2018-12-15 21:27:45,BRST,SettledInstallment,4815449164212000,BRL,,32.11,1,BRL,,0.00,0.88,,,,31.23,0000023788,10618121602903829101,mccredit,79,,,,,,,,Capture Request bookingId 115900
TurbiBR,TurbiBRCOM,4615449186019294,115905 | 8520448 | 127425 | 34 | GAK2624,mc,2018-12-15 22:53:28,BRST,RefundedInstallment,4815449215595155,BRL,30.00,,1,BRL,30.00,,,,,,,,,mccredit,79,,,,,,,,Refund Request bookingId 115905
TurbiBR,TurbiBRCOM,4535448669360446,115819 | 8919 | 127339 | 59 | GFT1399,mc,2018-12-16 00:13:04,BRST,SettledInstallment,4735449263212262,BRL,,145.30,1,BRL,,141.30,4.00,,,,,,,mccredit,79,,,,,,,,Capture Request bookingId 115819
TurbiBR,TurbiBRCOM,4335447404570998,115714 | 8521034 | 127235 | 67 | FVV7524,mc,2018-12-15 21:47:55,BRST,SettledInstallment,4635449176217896,BRL,,400.00,1,BRL,,389.00,11.00,,,,,,,mccredit,79,,,,,,,,Capture Request bookingId 115714
TurbiBR,TurbiBRCOM,4735447842416602,115714 | 8521034 | 127235 | 67 | FVV7524,mc,2018-12-15 21:47:55,BRST,SettledInstallment,4835449176211087,BRL,,71.21,1,BRL,,69.25,1.96,,,,,,,mccredit,79,,,,,,,,Capture Request bookingId 115714
TurbiBR,TurbiBRCOM,4635448770699335,115851 | 8527489 | 127371 | 7 | GCW5563,mc,2018-12-15 22:12:57,BRST,SettledInstallment,4535449191202395,BRL,,424.50,1,BRL,,412.83,11.67,,,,,,,mccredit,79,,,,,,,,Capture Request bookingId 115851
TurbiBR,TurbiBRCOM,1535448918238407,115883 | 8504109 | 127403 | 33 | FYM1511,mc,2018-12-16 00:22:56,BRST,SettledInstallment,4635449269201138,BRL,,73.17,1,BRL,,71.16,2.01,,,,,,,mccredit,79,,,,,,,,Capture Request bookingId 115883
TurbiBR,TurbiBRCOM,1335448913711228,115881 | 8509954 | 127401 | 13 | FXH7648,mc,2018-12-15 23:22:53,BRST,SettledInstallment,1335449233200686,BRL,,85.82,1,BRL,,83.46,2.36,,,,,,,mccredit,79,,,,,,,,Capture Request bookingId 115881
TurbiBR,TurbiBRCOM,1635449193446193,115906 | 8501741 | 127426 | 53 | GGQ1493,mc,2018-12-16 14:22:57,BRST,SettledInstallment,1635449773211231,BRL,,140.34,1,BRL,,136.48,3.86,,,,,,,mccredit,79,,,,,,,,Capture Request bookingId 115906
TurbiBR,TurbiBRCOM,4335449540987516,115925 | 8473 | 127445 | 43 | GCK0375,mc,2018-12-16 10:48:00,BRST,SettledInstallment,1735449644217051,BRL,,30.00,1,BRL,,29.18,0.82,,,,,,,mccredit,79,,,,,,,,Capture Request bookingId 115925
TurbiBR,TurbiBRCOM,4635449714830515,115967 | 8502630 | 127488 | 3 | GFF2698,mc,2018-12-16 15:22:54,BRST,SettledInstallment,1735449809216211,BRL,,68.74,1,BRL,,66.85,1.89,,,,,,,mccredit,79,,,,,,,,Capture Request bookingId 115967
TurbiBR,TurbiBRCOM,4335449236822936,115909 | 8497078 | 127429 | 8 | GCE1566,mc,2018-12-16 03:22:50,BRST,SettledInstallment,1835449377212450,BRL,,211.55,1,BRL,,205.73,5.82,,,,,,,mccredit,79,,,,,,,,Capture Request bookingId 115909
TurbiBR,TurbiBRCOM,1835449676116964,115959 | 8522771 | 127480 | 46 | FZP6949,mc,2018-12-16 18:57:48,BRST,SettledInstallment,1535449938226711,BRL,,77.08,1,BRL,,74.96,2.12,,,,,,,mccredit,79,,,,,,,,Capture Request bookingId 115959
TurbiBR,TurbiBRCOM,4735449720789464,115969 | 8525336 | 127490 | 13 | FXH7648,mc,2018-12-16 19:12:46,BRST,SettledInstallment,4835449947219302,BRL,,39.92,1,BRL,,38.82,1.10,,,,,,,mccredit,79,,,,,,,,Capture Request bookingId 115969
TurbiBR,TurbiBRCOM,1635449630910462,115945 | 8506361 | 127465 | 64 | GGW0873,mc,2018-12-16 15:52:53,BRST,SettledInstallment,1635449827210171,BRL,,48.68,1,BRL,,47.34,1.34,,,,,,,mccredit,79,,,,,,,,Capture Request bookingId 115945
TurbiBR,TurbiBRCOM,4535448290862075,115793 | 8524059 | 127314 | 2 | FXT8846,mc,2018-12-16 19:01:26,BRST,RefundedInstallment,4335449940262098,BRL,307.29,,1,BRL,307.29,,,,,,,,,mccredit,79,,,,,,,,Refund Request bookingId 115793
TurbiBR,TurbiBRCOM,1535449622109553,115941 | 8499635 | 127461 | 49 | GDG8981,mc,2018-12-16 20:22:51,BRST,SettledInstallment,4335449989217953,BRL,,125.93,1,BRL,,122.47,3.46,,,,,,,mccredit,79,,,,,,,,Capture Request bookingId 115941
TurbiBR,TurbiBRCOM,1835449749173950,115974 | 8825 | 127495 | 42 | GCE5762,mc,2018-12-16 19:37:56,BRST,SettledInstallment,4635449962200395,BRL,,47.98,1,BRL,,46.66,1.32,,,,,,,mccredit,79,,,,,,,,Capture Request bookingId 115974
TurbiBR,TurbiBRCOM,4335447656418920,115527 | 8496063 | 127048 | 70 | FJV8602,mc,2018-12-16 20:47:49,BRST,SettledInstallment,4635450004215748,BRL,,64.81,1,BRL,,63.03,1.78,,,,,,,mccredit,79,,,,,,,,Capture Request bookingId 115527
TurbiBR,TurbiBRCOM,1635445491605225,115527 | 8496063 | 127048 | 70 | FJV8602,mc,2018-12-16 20:47:49,BRST,SettledInstallment,4835450004214780,BRL,,592.00,1,BRL,,575.72,16.28,,,,,,,mccredit,79,,,,,,,,Capture Request bookingId 115527
TurbiBR,TurbiBRCOM,1735449055139950,115895 | 8510516 | 127415 | 28 | GKE6583,mc,2018-12-16 19:52:50,BRST,SettledInstallment,4335449971212087,BRL,,206.19,1,BRL,,200.52,5.67,,,,,,,mccredit,79,,,,,,,,Capture Request bookingId 115895
TurbiBR,TurbiBRCOM,4735449668737707,115957 | 8524060 | 127478 | 71 | GEJ2081,mc,2018-12-16 20:27:52,BRST,SettledInstallment,4335449992215937,BRL,,80.07,1,BRL,,77.87,2.20,,,,,,,mccredit,79,,,,,,,,Capture Request bookingId 115957
TurbiBR,TurbiBRCOM,4345448665478762,115818 | 8497291 | 127338 | 17 | GGF3956,mc,2018-12-15 21:12:49,BRST,SettledInstallment,4845449155205850,BRL,,316.19,1,BRL,,0.00,8.70,,,,,0000023788,40618121602903829101,mccredit,79,,,,,,,,Capture Request bookingId 115818
TurbiBR,TurbiBRCOM,4645448999485555,115893 | 8498623 | 127413 | 68 | GFT7592,mc,2018-12-15 22:13:03,BRST,SettledInstallment,1345449191204769,BRL,,47.79,1,BRL,,0.00,1.31,,,,,0000023788,40618121602903829101,mccredit,79,,,,,,,,Capture Request bookingId 115893
TurbiBR,TurbiBRCOM,1745448734988025,115842 | 8497131 | 127362 | 4 | GIE2734,mc,2018-12-15 21:17:51,BRST,SettledInstallment,1545449158204230,BRL,,198.00,1,BRL,,0.00,5.44,,,,,0000023788,40618121602903829101,mccredit,79,,,,,,,,Capture Request bookingId 115842
TurbiBR,TurbiBRCOM,4645448793802658,115859 | 8501597 | 127379 | 41 | FCC3441,mc,2018-12-15 21:37:49,BRST,SettledInstallment,4845449170215124,BRL,,91.10,1,BRL,,0.00,2.51,,,,,0000023788,40618121602903829101,mccredit,79,,,,,,,,Capture Request bookingId 115859
TurbiBR,TurbiBRCOM,1645448844378977,115868 | 8496513 | 127388 | 72 | FWG4577,mc,2018-12-15 22:37:54,BRST,SettledInstallment,1545449206216327,BRL,,95.10,1,BRL,,0.00,2.62,,,,,0000023788,40618121602903829101,mccredit,79,,,,,,,,Capture Request bookingId 115868
TurbiBR,TurbiBRCOM,4845448674113207,115821 | 8527445 | 127341 | 56 | GCB5654,mc,2018-12-15 22:42:55,BRST,SettledInstallment,1845449209218111,BRL,,176.35,1,BRL,,0.00,4.85,,,,,0000023788,40618121602903829101,mccredit,79,,,,,,,,Capture Request bookingId 115821
TurbiBR,TurbiBRCOM,4545449073229944,115898 | 8521304 | 127418 | 50 | GDB0788,mc,2018-12-15 23:42:55,BRST,SettledInstallment,4645449245212926,BRL,,62.56,1,BRL,,0.00,1.72,,,,,0000023788,40618121602903829101,mccredit,79,,,,,,,,Capture Request bookingId 115898
TurbiBR,TurbiBRCOM,1845448573788378,115809 | 8508323 | 127329 | 62 | GJR9212,mc,2018-12-16 01:27:51,BRST,SettledInstallment,4745449308218181,BRL,,214.82,1,BRL,,0.00,5.91,,,,,0000023788,40618121602903829101,mccredit,79,,,,,,,,Capture Request bookingId 115809
TurbiBR,TurbiBRCOM,1645448622233386,115811 | 8497576 | 127331 | 40 | FJC0776,mc,2018-12-15 23:02:52,BRST,SettledInstallment,1545449221216351,BRL,,77.59,1,BRL,,0.00,2.13,,,,,0000023788,40618121602903829101,mccredit,79,,,,,,,,Capture Request bookingId 115811
TurbiBR,TurbiBRCOM,1345449597081589,115936 | 8520448 | 127456 | 55 | FKS8658,mc,2018-12-16 11:42:53,BRST,SettledInstallment,4645449677219589,BRL,,30.00,1,BRL,,0.00,0.82,,,,,0000023788,40618121602903829101,mccredit,79,,,,,,,,Capture Request bookingId 115936
TurbiBR,TurbiBRCOM,1645447360076684,115711 | 8506971 | 127232 | 52 | FKC3114,mc,2018-12-16 12:17:55,BRST,SettledInstallment,4345449698205743,BRL,,325.30,1,BRL,,0.00,8.95,,,,,0000023788,40618121602903829101,mccredit,79,,,,,,,,Capture Request bookingId 115711
TurbiBR,TurbiBRCOM,1545449240617530,115910 | 8520388 | 127430 | 40 | FJC0776,mc,2018-12-16 05:17:47,BRST,SettledInstallment,1345449446218473,BRL,,8.56,1,BRL,,0.00,0.24,,,,,0000023788,40618121602903829101,mccredit,79,,,,,,,,Capture Request bookingId 115910
TurbiBR,TurbiBRCOM,4745449616900207,115939 | 8527156 | 127459 | 47 | GET4023,mc,2018-12-16 15:07:52,BRST,SettledInstallment,4345449800202117,BRL,,66.21,1,BRL,,0.00,1.82,,,,,0000023788,40618121602903829101,mccredit,79,,,,,,,,Capture Request bookingId 115939
TurbiBR,TurbiBRCOM,4745449724207677,115970 | 8527692 | 127491 | 23 | FLQ7676,mc,2018-12-16 16:57:51,BRST,SettledInstallment,1645449866206450,BRL,,63.29,1,BRL,,0.00,1.74,,,,,0000023788,40618121602903829101,mccredit,79,,,,,,,,Capture Request bookingId 115970
TurbiBR,TurbiBRCOM,1345449676676176,115961 | 8505019 | 127482 | 5 | FSN3833,mc,2018-12-16 18:17:49,BRST,SettledInstallment,4645449914216968,BRL,,131.41,1,BRL,,0.00,3.61,,,,,0000023788,40618121602903829101,mccredit,79,,,,,,,,Capture Request bookingId 115961
TurbiBR,TurbiBRCOM,1345449689424598,115965 | 8527020 | 127486 | 55 | FKS8658,mc,2018-12-16 15:37:59,BRST,SettledInstallment,1545449818211278,BRL,,46.32,1,BRL,,0.00,1.27,,,,,0000023788,40618121602903829101,mccredit,79,,,,,,,,Capture Request bookingId 115965
TurbiBR,TurbiBRCOM,4545448866783893,115877 | 8502797 | 127397 | 18 | FKD0105,mc,2018-12-15 23:57:51,BRST,SettledInstallment,1545449254203862,BRL,,85.29,1,BRL,,0.00,2.35,,,,,0000023788,40618121602903829101,mccredit,79,,,,,,,,Capture Request bookingId 115877
TurbiBR,TurbiBRCOM,4725448419212889,115803 | 8500009 | 127323 | 46 | FZP6949,mc,2018-12-15 23:12:54,BRST,SettledInstallment,1525449227210600,BRL,,248.10,1,BRL,,0.00,6.82,,,,,0000025427,20618121602903829101,mccredit,79,,,,,,,,Capture Request bookingId 115803
TurbiBR,TurbiBRCOM,1825448845655045,115870 | 8513345 | 127390 | 38 | GDT7856,mc,2018-12-15 21:52:52,BRST,SettledInstallment,4625449179212706,BRL,,94.19,1,BRL,,0.00,2.59,,,,,0000025427,20618121602903829101,mccredit,79,,,,,,,,Capture Request bookingId 115870
TurbiBR,TurbiBRCOM,1325449538389376,115924 | 8505527 | 127444 | 42 | GCE5762,mc,2018-12-16 13:27:51,BRST,SettledInstallment,4725449740209370,BRL,,56.65,1,BRL,,0.00,1.56,,,,,0000025427,20618121602903829101,mccredit,79,,,,,,,,Capture Request bookingId 115924
TurbiBR,TurbiBRCOM,4725449178081317,115904 | 8498634 | 127424 | 32 | FXT6395,mc,2018-12-16 04:17:48,BRST,SettledInstallment,1325449410201483,BRL,,58.26,1,BRL,,0.00,1.60,,,,,0000025427,20618121602903829101,mccredit,79,,,,,,,,Capture Request bookingId 115904
TurbiBR,TurbiBRCOM,1625449453667431,115914 | 8507469 | 127434 | 50 | GDB0788,mc,2018-12-16 09:23:00,BRST,SettledInstallment,4725449593218981,BRL,,47.95,1,BRL,,0.00,1.32,,,,,0000025427,20618121602903829101,mccredit,79,,,,,,,,Capture Request bookingId 115914
TurbiBR,TurbiBRCOM,1725449104843505,115901 | 8526866 | 127421 | 20 | FUD3683,mc,2018-12-16 19:47:57,BRST,SettledInstallment,4825449968224837,BRL,,205.60,1,BRL,,0.00,5.65,,,,,0000025427,20618121602903829101,mccredit,79,,,,,,,,Capture Request bookingId 115901
TurbiBR,TurbiBRCOM,4515450145423115,116002 | 8502152 | 127522 | 10 | FQR9974,mc,2018-12-17 02:07:55,BRST,SettledInstallment,1715450196212023,BRL,,34.70,1,BRL,,0.00,0.95,,,,33.75,0000024021,10618121702803829101,mccredit,79,,,,,,,,Capture Request bookingId 116002
TurbiBR,TurbiBRCOM,1615449676534105,115960 | 8500156 | 127481 | 44 | FOM1229,mc,2018-12-16 21:23:14,BRST,SettledInstallment,4815450025218905,BRL,,91.59,1,BRL,,0.00,2.52,,,,89.07,0000024021,10618121702803829101,mccredit,79,,,,,,,,Capture Request bookingId 115960
TurbiBR,TurbiBRCOM,4715449211803356,115908 | 8135 | 127428 | 9 | GEK9026,mc,2018-12-17 01:02:40,BRST,SettledInstallment,4715450157206505,BRL,,274.82,1,BRL,,0.00,7.56,,,,267.26,0000024021,10618121702803829101,mccredit,79,,,,,,,,Capture Request bookingId 115908
TurbiBR,TurbiBRCOM,1715449140898309,115903 | 8496712 | 127423 | 19 | FJG9824,mc,2018-12-17 01:32:46,BRST,SettledInstallment,4315450175209402,BRL,,211.30,1,BRL,,0.00,5.81,,,,205.49,0000024021,10618121702803829101,mccredit,79,,,,,,,,Capture Request bookingId 115903
TurbiBR,TurbiBRCOM,4815450460215721,116008 | 8523875 | 127528 | 13 | FXH7648,mc,2018-12-17 09:36:42,BRST,RefundedInstallment,4815450465497902,BRL,30.00,,1,BRL,30.00,,,,,,,,,mccredit,79,,,,,,,,Refund Request bookingId 116008
TurbiBR,TurbiBRCOM,1315450554495230,116015 | 8504051 | 127535 | 71 | GEJ2081,mc,2018-12-17 13:42:51,BRST,SettledInstallment,1715450613214776,BRL,,30.00,1,BRL,,0.00,0.82,,,,29.18,0000024021,10618121702803829101,mccredit,79,,,,,,,,Capture Request bookingId 116015
TurbiBR,TurbiBRCOM,1315435693373505,114673 | 8505473 | 126193 | 47 | GET4023,mc,2018-12-17 15:22:07,BRST,RefundedInstallment,4315450672732377,BRL,122.21,,1,BRL,122.21,,,,,,,,,mccredit,79,,,,,,,,Refund Request bookingId 114673
TurbiBR,TurbiBRCOM,4615449651373416,115954 | 8522628 | 127474 | 39 | FSQ3098,mc,2018-12-17 14:32:57,BRST,SettledInstallment,1615450643213807,BRL,,280.72,1,BRL,,0.00,7.72,,,,273.00,0000024021,10618121702803829101,mccredit,79,,,,,,,,Capture Request bookingId 115954
TurbiBR,TurbiBRCOM,1715450687465593,116042 | 8523312 | 127562 | 33 | FYM1511,mc,2018-12-17 15:52:52,BRST,SettledInstallment,4515450691216277,BRL,,30.00,1,BRL,,0.00,0.82,,,,29.18,0000024021,10618121702803829101,mccredit,79,,,,,,,,Capture Request bookingId 116042
TurbiBR,TurbiBRCOM,4815450686021416,116040 | 8523312 | 127560 | 19 | FJG9824,mc,2018-12-17 15:52:52,BRST,SettledInstallment,4715450691217729,BRL,,30.00,1,BRL,,0.00,0.82,,,,29.18,0000024021,10618121702803829101,mccredit,79,,,,,,,,Capture Request bookingId 116040
TurbiBR,TurbiBRCOM,1315450748045883,116056 | 8523312 | 127576 | 69 | GJT1128,mc,2018-12-17 17:37:59,BRST,SettledInstallment,4615450754207410,BRL,,30.00,1,BRL,,0.00,0.82,,,,29.18,0000024021,10618121702803829101,mccredit,79,,,,,,,,Capture Request bookingId 116056
TurbiBR,TurbiBRCOM,1515450792420006,116067 | 8526668 | 127587 | 20 | FUD3683,mc,2018-12-17 18:48:00,BRST,SettledInstallment,1815450796215664,BRL,,30.00,1,BRL,,0.00,0.82,,,,29.18,0000024021,10618121702803829101,mccredit,79,,,,,,,,Capture Request bookingId 116067
TurbiBR,TurbiBRCOM,4615450661547411,116032 | 8526283 | 127552 | 2 | FXT8846,mc,2018-12-17 16:52:55,BRST,SettledInstallment,4515450727217018,BRL,,50.00,1,BRL,,0.00,1.38,,,,48.62,0000024021,10618121702803829101,mccredit,79,,,,,,,,Capture Request bookingId 116032
TurbiBR,TurbiBRCOM,1715449850622162,115986 | 8524783 | 127507 | 47 | GET4023,mc,2018-12-16 21:27:45,BRST,SettledInstallment,4615450028213293,BRL,,26.53,1,BRL,,0.00,0.73,,,,25.80,0000024021,10618121702803829101,mccredit,79,,,,,,,,Capture Request bookingId 115986
TurbiBR,TurbiBRCOM,1815450836796897,116077 | 8527027 | 127597 | 41 | FCC3441,mc,2018-12-17 20:32:47,BRST,SettledInstallment,1315450859214146,BRL,,30.00,1,BRL,,0.00,0.82,,,,29.18,0000024021,10618121702803829101,mccredit,79,,,,,,,,Capture Request bookingId 116077
TurbiBR,TurbiBRCOM,4715449976980522,115997 | 8503280 | 127517 | 20 | FUD3683,mc,2018-12-16 22:17:45,BRST,SettledInstallment,1615450058207740,BRL,,30.00,1,BRL,,0.00,0.82,,,,29.18,0000024021,10618121702803829101,mccredit,79,,,,,,,,Capture Request bookingId 115997
TurbiBR,TurbiBRCOM,1715450090573678,116001 | 8501756 | 127521 | 18 | FKD0105,mc,2018-12-17 00:42:56,BRST,SettledInstallment,4715450145221293,BRL,,30.00,1,BRL,,0.00,0.82,,,,29.18,0000024021,10618121702803829101,mccredit,79,,,,,,,,Capture Request bookingId 116001
TurbiBR,TurbiBRCOM,4815450686021416,116040 | 8523312 | 127560 | 19 | FJG9824,mc,2018-12-17 17:37:29,BRST,RefundedInstallment,4715450753862008,BRL,30.00,,1,BRL,30.00,,,,,,,,,mccredit,79,,,,,,,,Refund Request bookingId 116040
TurbiBR,TurbiBRCOM,1715450687465593,116042 | 8523312 | 127562 | 33 | FYM1511,mc,2018-12-17 17:37:14,BRST,RefundedInstallment,4715450753804919,BRL,30.00,,1,BRL,30.00,,,,,,,,,mccredit,79,,,,,,,,Refund Request bookingId 116042
TurbiBR,TurbiBRCOM,1315450748045883,116056 | 8523312 | 127576 | 69 | GJT1128,mc,2018-12-17 19:44:43,BRST,RefundedInstallment,1615450830256718,BRL,30.00,,1,BRL,30.00,,,,,,,,,mccredit,79,,,,,,,,Refund Request bookingId 116056
TurbiBR,TurbiBRCOM,4815450460215721,116008 | 8523875 | 127528 | 13 | FXH7648,mc,2018-12-17 09:28:01,BRST,SettledInstallment,1315450460231166,BRL,,30.00,1,BRL,,0.00,0.82,,,,29.18,0000024021,10618121702803829101,mccredit,79,,,,,,,,Capture Request bookingId 116008
TurbiBR,TurbiBRCOM,1745450521713509,116012 | 8524060 | 127532 | 66 | GHH6346,mc,2018-12-17 17:07:56,BRST,SettledInstallment,4845450736205583,BRL,,61.82,1,BRL,,0.00,1.70,,,,,0000026109,40618121702803829101,mccredit,79,,,,,,,,Capture Request bookingId 116012
TurbiBR,TurbiBRCOM,4345450622421067,116021 | 8509376 | 127541 | 63 | FMZ7695,mc,2018-12-17 17:18:01,BRST,SettledInstallment,4745450742215569,BRL,,22.38,1,BRL,,0.00,0.62,,,,,0000026109,40618121702803829101,mccredit,79,,,,,,,,Capture Request bookingId 116021
TurbiBR,TurbiBRCOM,4545450744425721,116054 | 8124 | 127574 | 69 | GJT1128,mc,2018-12-17 17:28:05,BRST,SettledInstallment,1845450748212474,BRL,,30.00,1,BRL,,0.00,0.82,,,,,0000026109,40618121702803829101,mccredit,79,,,,,,,,Capture Request bookingId 116054
TurbiBR,TurbiBRCOM,1845450683888163,116038 | 8523312 | 127558 | 19 | FJG9824,mc,2018-12-17 17:37:27,BRST,RefundedInstallment,4345450753919293,BRL,30.00,,1,BRL,30.00,,,,,,,,,mccredit,79,,,,,,,,Refund Request bookingId 116038
TurbiBR,TurbiBRCOM,1345450782405310,116064 | 8527898 | 127584 | 20 | FUD3683,mc,2018-12-17 18:32:54,BRST,SettledInstallment,4845450787207769,BRL,,30.00,1,BRL,,0.00,0.82,,,,,0000026109,40618121702803829101,mccredit,79,,,,,,,,Capture Request bookingId 116064
TurbiBR,TurbiBRCOM,1745449772165419,115979 | 8497677 | 127500 | 53 | GGQ1493,mc,2018-12-16 21:07:51,BRST,SettledInstallment,4745450016210643,BRL,,77.51,1,BRL,,0.00,2.13,,,,,0000026109,40618121702803829101,mccredit,79,,,,,,,,Capture Request bookingId 115979
TurbiBR,TurbiBRCOM,1645450701700509,116050 | 8497876 | 127570 | 46 | FZP6949,mc,2018-12-17 19:22:55,BRST,SettledInstallment,4745450817217755,BRL,,23.28,1,BRL,,0.00,0.64,,,,,0000026109,40618121702803829101,mccredit,79,,,,,,,,Capture Request bookingId 116050
TurbiBR,TurbiBRCOM,4645436748293230,114773 | 8526030 | 126295 | 9 | GEK9026,mc,2018-12-17 15:33:05,BRST,RefundedInstallment,1845450679270517,BRL,97.01,,1,BRL,97.01,,,,,,,,,mccredit,79,,,,,,,,Refund Request bookingId 114773
TurbiBR,TurbiBRCOM,4545450829269036,116073 | 8527898 | 127593 | 20 | FUD3683,mc,2018-12-17 20:11:32,BRST,RefundedInstallment,4845450846358652,BRL,30.00,,1,BRL,30.00,,,,,,,,,mccredit,79,,,,,,,,Refund Request bookingId 116073
TurbiBR,TurbiBRCOM,1745450837042064,116078 | 8150 | 127598 | 5 | FSN3833,mc,2018-12-17 20:02:44,BRST,SettledInstallment,1345450841217052,BRL,,50.00,1,BRL,,0.00,1.38,,,,,0000026109,40618121702803829101,mccredit,79,,,,,,,,Capture Request bookingId 116078
TurbiBR,TurbiBRCOM,1345450415550870,116005 | 8521034 | 127525 | 67 | FVV7524,mc,2018-12-17 20:42:48,BRST,SettledInstallment,4345450865214955,BRL,,94.13,1,BRL,,0.00,2.59,,,,,0000026109,40618121702803829101,mccredit,79,,,,,,,,Capture Request bookingId 116005
TurbiBR,TurbiBRCOM,1345450782405310,116064 | 8527898 | 127584 | 20 | FUD3683,mc,2018-12-17 19:44:50,BRST,RefundedInstallment,1345450830379046,BRL,30.00,,1,BRL,30.00,,,,,,,,,mccredit,79,,,,,,,,Refund Request bookingId 116064
TurbiBR,TurbiBRCOM,4545450829269036,116073 | 8527898 | 127593 | 20 | FUD3683,mc,2018-12-17 19:57:55,BRST,SettledInstallment,1745450838219802,BRL,,30.00,1,BRL,,0.00,0.82,,,,,0000026109,40618121702803829101,mccredit,79,,,,,,,,Capture Request bookingId 116073
TurbiBR,TurbiBRCOM,1845450683888163,116038 | 8523312 | 127558 | 19 | FJG9824,mc,2018-12-17 15:47:59,BRST,SettledInstallment,4745450688212653,BRL,,30.00,1,BRL,,0.00,0.82,,,,,0000026109,40618121702803829101,mccredit,79,,,,,,,,Capture Request bookingId 116038
TurbiBR,TurbiBRCOM,4335449972426611,115996 | 8496827 | 127516 | 14 | GDW3904,mc,2018-12-16 23:22:53,BRST,SettledInstallment,4635450097219235,BRL,,35.42,1,BRL,,0.00,0.97,,,,,0000024021,30618121702803829101,mccredit,79,,,,,,,,Capture Request bookingId 115996
TurbiBR,TurbiBRCOM,1635449648022029,115952 | 8505847 | 127472 | 58 | GIV7241,mc,2018-12-17 00:12:48,BRST,SettledInstallment,4835450127203264,BRL,,155.75,1,BRL,,0.00,4.28,,,,,0000024021,30618121702803829101,mccredit,79,,,,,,,,Capture Request bookingId 115952
TurbiBR,TurbiBRCOM,4535449892504719,115989 | 8504249 | 127510 | 38 | GDT7856,mc,2018-12-16 23:42:43,BRST,SettledInstallment,1335450109206799,BRL,,46.55,1,BRL,,0.00,1.28,,,,,0000024021,30618121702803829101,mccredit,79,,,,,,,,Capture Request bookingId 115989
TurbiBR,TurbiBRCOM,4635449681968512,115962 | 8508323 | 127483 | 17 | GGF3956,mc,2018-12-17 00:23:46,BRST,SettledInstallment,4735450133203770,BRL,,119.61,1,BRL,,0.00,3.29,,,,,0000024021,30618121702803829101,mccredit,79,,,,,,,,Capture Request bookingId 115962
TurbiBR,TurbiBRCOM,4835448459974007,115807 | 8521054 | 127327 | 60 | GJQ7911,mc,2018-12-17 02:07:52,BRST,SettledInstallment,1735450196218646,BRL,,384.95,1,BRL,,0.00,10.59,,,,,0000024021,30618121702803829101,mccredit,79,,,,,,,,Capture Request bookingId 115807
TurbiBR,TurbiBRCOM,1635449571348474,115931 | 8510247 | 127451 | 40 | FJC0776,mc,2018-12-17 00:32:48,BRST,SettledInstallment,1835450139212705,BRL,,263.74,1,BRL,,0.00,7.25,,,,,0000024021,30618121702803829101,mccredit,79,,,,,,,,Capture Request bookingId 115931
TurbiBR,TurbiBRCOM,4335450689311757,116043 | 8523312 | 127563 | 33 | FYM1511,mc,2018-12-17 15:53:01,BRST,SettledInstallment,4835450691216387,BRL,,30.00,1,BRL,,0.00,0.82,,,,,0000024021,30618121702803829101,mccredit,79,,,,,,,,Capture Request bookingId 116043
TurbiBR,TurbiBRCOM,4335440092298832,115034 | 8505631 | 126556 | 63 | FMZ7695,mc,2018-12-17 15:01:07,BRST,RefundedInstallment,4735450660062482,BRL,50.00,,1,BRL,50.00,,,,,,,,,mccredit,79,,,,,,,,Refund Request bookingId 115034
TurbiBR,TurbiBRCOM,4635438269258008,114926 | 8496717 | 126448 | 31 | GDQ9684,mc,2018-12-17 18:33:27,BRST,RefundedInstallment,4635450787501454,BRL,60.33,,1,BRL,60.33,,,,,,,,,mccredit,79,,,,,,,,Refund Request bookingId 114926
TurbiBR,TurbiBRCOM,1735450585988056,116016 | 8502082 | 127536 | 43 | GCK0375,mc,2018-12-17 19:58:07,BRST,SettledInstallment,1635450838265774,BRL,,80.68,1,BRL,,0.00,2.22,,,,,0000024021,30618121702803829101,mccredit,79,,,,,,,,Capture Request bookingId 116016
TurbiBR,TurbiBRCOM,1835449676116964,115959 | 8522771 | 127480 | 46 | FZP6949,mc,2018-12-17 17:44:11,BRST,RefundedInstallment,1735450757946817,BRL,50.00,,1,BRL,50.00,,,,,,,,,mccredit,79,,,,,,,,Refund Request bookingId 115959
TurbiBR,TurbiBRCOM,4535447105013460,115676 | 8523830 | 127197 | 28 | GKE6583,mc,2018-12-17 16:34:31,BRST,RefundedInstallment,1335450716146578,BRL,53.92,,1,BRL,53.92,,,,,,,,,mccredit,79,,,,,,,,115676 | 8523830 | 127197 | 28 | GKE6583
TurbiBR,TurbiBRCOM,1835450834185479,116074 | 8527898 | 127594 | 20 | FUD3683,mc,2018-12-17 20:02:52,BRST,SettledInstallment,1835450841216531,BRL,,30.00,1,BRL,,0.00,0.82,,,,,0000024021,30618121702803829101,mccredit,79,,,,,,,,Capture Request bookingId 116074
TurbiBR,TurbiBRCOM,1335434062252206,114569 | 8523223 | 126092 | 29 | GKH1148,mc,2018-12-17 14:51:47,BRST,RefundedInstallment,4835450654436444,BRL,105.66,,1,BRL,105.66,,,,,,,,,mccredit,79,,,,,,,,Refund Request bookingId 114569
TurbiBR,TurbiBRCOM,4335450689311757,116043 | 8523312 | 127563 | 33 | FYM1511,mc,2018-12-17 17:37:11,BRST,RefundedInstallment,4835450753724492,BRL,30.00,,1,BRL,30.00,,,,,,,,,mccredit,79,,,,,,,,Refund Request bookingId 116043
TurbiBR,TurbiBRCOM,1835450834185479,116074 | 8527898 | 127594 | 20 | FUD3683,mc,2018-12-17 20:11:28,BRST,RefundedInstallment,4835450846425768,BRL,30.00,,1,BRL,30.00,,,,,,,,,mccredit,79,,,,,,,,Refund Request bookingId 116074
TurbiBR,TurbiBRCOM,1725449927987695,115991 | 8509511 | 127511 | 5 | FSN3833,mc,2018-12-16 21:07:51,BRST,SettledInstallment,4325450016214858,BRL,,50.00,1,BRL,,0.00,1.38,,,,,0000024021,20618121702803829101,mccredit,79,,,,,,,,Capture Request bookingId 115991
TurbiBR,TurbiBRCOM,4525449999379926,115998 | 8527139 | 127518 | 28 | GKE6583,mc,2018-12-16 22:57:54,BRST,SettledInstallment,4725450082212352,BRL,,30.00,1,BRL,,0.00,0.82,,,,,0000024021,20618121702803829101,mccredit,79,,,,,,,,Capture Request bookingId 115998
TurbiBR,TurbiBRCOM,4325449454752312,115915 | 8523946 | 127435 | 67 | FVV7524,mc,2018-12-16 23:52:51,BRST,SettledInstallment,4625450115213840,BRL,,162.48,1,BRL,,0.00,4.47,,,,,0000024021,20618121702803829101,mccredit,79,,,,,,,,Capture Request bookingId 115915
TurbiBR,TurbiBRCOM,4525450082211075,115780 | 8523875 | 127301 | 13 | FXH7648,mc,2018-12-16 22:57:55,BRST,SettledInstallment,4325450082225028,BRL,,30.00,1,BRL,,0.00,0.82,,,,,0000024021,20618121702803829101,mccredit,79,,,,,,,,Capture Request bookingId 115780
TurbiBR,TurbiBRCOM,1825450597351328,116017 | 8507211 | 127537 | 57 | FXD8307,mc,2018-12-17 14:03:14,BRST,SettledInstallment,4725450625210301,BRL,,10.00,1,BRL,,0.00,0.28,,,,,0000024021,20618121702803829101,mccredit,79,,,,,,,,Capture Request bookingId 116017
TurbiBR,TurbiBRCOM,4325450408720637,116004 | 8498796 | 127524 | 28 | GKE6583,mc,2018-12-17 12:43:00,BRST,SettledInstallment,1725450577219959,BRL,,72.87,1,BRL,,0.00,2.00,,,,,0000024021,20618121702803829101,mccredit,79,,,,,,,,Capture Request bookingId 116004
TurbiBR,TurbiBRCOM,4825434282742490,114582 | 8505631 | 126105 | 63 | FMZ7695,mc,2018-12-17 15:08:26,BRST,RefundedInstallment,4825450664499459,BRL,68.00,,1,BRL,68.00,,,,,,,,,mccredit,79,,,,,,,,Refund Request bookingId 114582
TurbiBR,TurbiBRCOM,1725436705053618,114756 | 8504304 | 126278 | 60 | GJQ7911,mc,2018-12-17 15:31:03,BRST,RefundedInstallment,1325450677957429,BRL,126.13,,1,BRL,126.13,,,,,,,,,mccredit,79,,,,,,,,Refund Request bookingId 114756
TurbiBR,TurbiBRCOM,1725435665452950,114669 | 8507375 | 126189 | 61 | GCE7705,mc,2018-12-17 15:18:33,BRST,RefundedInstallment,1525450670546185,BRL,105.14,,1,BRL,105.14,,,,,,,,,mccredit,79,,,,,,,,Refund Request bookingId 114669
TurbiBR,TurbiBRCOM,1525450067209983,115780 | 8523875 | 127301 | 13 | FXH7648,mc,2018-12-16 22:32:48,BRST,SettledInstallment,1325450067213011,BRL,,30.00,1,BRL,,0.00,0.82,,,,,0000024021,20618121702803829101,mccredit,79,,,,,,,,Capture Request bookingId 115780
TurbiBR,TurbiBRCOM,1625448234986342,115785 | 8527289 | 127306 | 31 | GDQ9684,mc,2018-12-17 07:42:56,BRST,SettledInstallment,4625450397212817,BRL,,510.69,1,BRL,,0.00,14.04,,,,,0000024021,20618121702803829101,mccredit,79,,,,,,,,Capture Request bookingId 115785
TurbiBR,TurbiBRCOM,4325449872675244,115988 | 8527538 | 127509 | 68 | GFT7592,mc,2018-12-16 21:57:44,BRST,SettledInstallment,1825450046212048,BRL,,41.48,1,BRL,,0.00,1.14,,,,,0000024021,20618121702803829101,mccredit,79,,,,,,,,Capture Request bookingId 115988
TurbiBR,TurbiBRCOM,4325450738361334,116053 | 8124 | 127573 | 9 | GEK9026,mc,2018-12-17 17:18:02,BRST,SettledInstallment,4625450742210326,BRL,,30.00,1,BRL,,0.00,0.82,,,,,0000024021,20618121702803829101,mccredit,79,,,,,,,,Capture Request bookingId 116053
TurbiBR,TurbiBRCOM,1825450423090355,116006 | 8526747 | 127526 | 52 | FKC3114,mc,2018-12-17 16:53:00,BRST,SettledInstallment,4825450727212444,BRL,,140.27,1,BRL,,0.00,3.86,,,,,0000024021,20618121702803829101,mccredit,79,,,,,,,,Capture Request bookingId 116006
TurbiBR,TurbiBRCOM,1725450747082030,116055 | 8523312 | 127575 | 69 | GJT1128,mc,2018-12-17 17:37:08,BRST,RefundedInstallment,4525450753640891,BRL,30.00,,1,BRL,30.00,,,,,,,,,mccredit,79,,,,,,,,Refund Request bookingId 116055
TurbiBR,TurbiBRCOM,1525450752073199,116058 | 8526668 | 127578 | 33 | FYM1511,mc,2018-12-17 17:48:01,BRST,SettledInstallment,1825450760206655,BRL,,30.00,1,BRL,,0.00,0.82,,,,,0000024021,20618121702803829101,mccredit,79,,,,,,,,Capture Request bookingId 116058
TurbiBR,TurbiBRCOM,4325450836144822,116076 | 8527898 | 127596 | 20 | FUD3683,mc,2018-12-17 20:11:37,BRST,RefundedInstallment,4625450846492788,BRL,30.00,,1,BRL,30.00,,,,,,,,,mccredit,79,,,,,,,,Refund Request bookingId 116076
TurbiBR,TurbiBRCOM,4725450656833955,116029 | 8496712 | 127549 | 20 | FUD3683,mc,2018-12-17 17:52:57,BRST,SettledInstallment,4325450763214002,BRL,,25.06,1,BRL,,0.00,0.69,,,,,0000024021,20618121702803829101,mccredit,79,,,,,,,,Capture Request bookingId 116029
TurbiBR,TurbiBRCOM,1725450747082030,116055 | 8523312 | 127575 | 69 | GJT1128,mc,2018-12-17 17:32:53,BRST,SettledInstallment,4325450751216019,BRL,,30.00,1,BRL,,0.00,0.82,,,,,0000024021,20618121702803829101,mccredit,79,,,,,,,,Capture Request bookingId 116055
TurbiBR,TurbiBRCOM,4325450836144822,116076 | 8527898 | 127596 | 20 | FUD3683,mc,2018-12-17 20:02:59,BRST,SettledInstallment,1625450841213573,BRL,,30.00,1,BRL,,0.00,0.82,,,,,0000024021,20618121702803829101,mccredit,79,,,,,,,,Capture Request bookingId 116076
TurbiBR,TurbiBRCOM,1525450067209983,115780 | 8523875 | 127301 | 13 | FXH7648,mc,2018-12-16 22:47:40,BRST,RefundedInstallment,1725450076140631,BRL,30.00,,1,BRL,30.00,,,,,,,,,mccredit,79,,,,,,,,Refund Request bookingId 115780
TurbiBR,TurbiBRCOM,4525450082211075,115780 | 8523875 | 127301 | 13 | FXH7648,mc,2018-12-16 22:59:57,BRST,RefundedInstallment,1625450083504705,BRL,30.00,,1,BRL,30.00,,,,,,,,,mccredit,79,,,,,,,,Refund Request bookingId 115780
TurbiBR,TurbiBRCOM,,,,2019-01-15 01:55:44,BRST,Balancetransfer,Balancetransfer,,,,,BRL,,4506.56,,,,,,,,,79,,,,,,,,Balancetransfer to batch 83
