Company Account,Merchant Account,Psp Reference,Merchant Reference,Payment Method,Creation Date,TimeZone,Type,Modification Reference,Gross Currency,Gross Debit (GC),Gross Credit (GC),Exchange Rate,Net Currency,Net Debit (NC),Net Credit (NC),Commission (NC),Markup (NC),Scheme Fees (NC),Interchange (NC),Payment Method Variant,Modification Merchant Reference,Batch Number,Reserved4,Reserved5,Reserved6,Reserved7,Reserved8,Reserved9,Reserved10
TurbiBR,TurbiBRCOM,,,,2018-12-28 02:52:44,BRST,Balancetransfer,Balancetransfer,,,,,BRL,1928.88,,,,,,,Balancetransfer from batch 56,60,,,,,,,
TurbiBR,TurbiBRCOM,4635434178097801,114575 | 8496847 | 126098 | 5 | FSN3833,mc,2018-11-30 13:15:44,BRST,RefundedInstallment,1635435901234807,BRL,185.01,,1,BRL,185.01,,,,,,mccredit,Refund Request bookingId 114575,60,,,,,,,
TurbiBR,TurbiBRCOM,4535435299571476,114657 | 8497815 | 126177 | 24 | FPI7484,mc,2018-11-29 23:06:49,BRST,SettledInstallment,1635435399606052,BRL,,57.08,1,BRL,,0.00,1.57,,,,mccredit,Capture Request bookingId 114657,60,,,,,,,
TurbiBR,TurbiBRCOM,4835435778044232,114677 | 8853 | 126197 | 25 | GJA7687,mc,2018-11-30 14:57:03,BRST,SettledInstallment,4335435969614764,BRL,,162.92,1,BRL,,0.00,4.48,,,,mccredit,Capture Request bookingId 114677,60,,,,,,,
TurbiBR,TurbiBRCOM,1335435893841224,114685 | 8523875 | 126207 | 71 | GEJ2081,mc,2018-11-30 16:21:50,BRST,RefundedInstallment,4835436020590352,BRL,30.00,,1,BRL,30.00,,,,,,mccredit,Refund Request bookingId 114685,60,,,,,,,
TurbiBR,TurbiBRCOM,4535436042078579,114701 | 8510033 | 126223 | 22 | FWL2173,mc,2018-11-30 17:31:53,BRST,SettledInstallment,4735436062613535,BRL,,100.00,1,BRL,,0.00,2.75,,,,mccredit,Capture Request bookingId 114701,60,,,,,,,
TurbiBR,TurbiBRCOM,1335435978104258,114691 | 8523481 | 126213 | 23 | FLQ7676,mc,2018-11-30 19:26:49,BRST,SettledInstallment,4635436131602262,BRL,,67.04,1,BRL,,0.00,1.84,,,,mccredit,Capture Request bookingId 114691,60,,,,,,,
TurbiBR,TurbiBRCOM,4535435914683987,114687 | 8509039 | 126209 | 51 | FQH5224,mc,2018-11-30 18:56:54,BRST,SettledInstallment,1835436113614883,BRL,,48.98,1,BRL,,0.00,1.35,,,,mccredit,Capture Request bookingId 114687,60,,,,,,,
TurbiBR,TurbiBRCOM,1735435329465883,114662 | 8503217 | 126182 | 57 | FXD8307,mc,2018-11-30 00:51:45,BRST,SettledInstallment,4335435462601524,BRL,,36.30,1,BRL,,0.00,1.00,,,,mccredit,Capture Request bookingId 114662,60,,,,,,,
TurbiBR,TurbiBRCOM,1335435893841224,114685 | 8523875 | 126207 | 71 | GEJ2081,mc,2018-11-30 13:11:25,BRST,SettledInstallment,4535435897616509,BRL,,30.00,1,BRL,,0.00,0.82,,,,mccredit,Capture Request bookingId 114685,60,,,,,,,
TurbiBR,TurbiBRCOM,4745435064691265,114641 | 8506517 | 126161 | 38 | GDT7856,mc,2018-11-29 23:56:52,BRST,SettledInstallment,1645435429607136,BRL,,131.50,1,BRL,,127.88,3.62,,,,mccredit,Capture Request bookingId 114641,60,,,,,,,
TurbiBR,TurbiBRCOM,1545434853779694,114618 | 8506144 | 126138 | 8 | GCE1566,mc,2018-11-29 23:01:44,BRST,SettledInstallment,1845435396600542,BRL,,959.20,1,BRL,,932.82,26.38,,,,mccredit,Capture Request bookingId 114618,60,,,,,,,
TurbiBR,TurbiBRCOM,1845435201952765,114649 | 8508063 | 126169 | 28 | GKE6583,mc,2018-11-29 21:46:53,BRST,SettledInstallment,4745435351618211,BRL,,40.91,1,BRL,,39.79,1.12,,,,mccredit,Capture Request bookingId 114649,60,,,,,,,
TurbiBR,TurbiBRCOM,4545435852523672,114682 | 8523390 | 126202 | 56 | GCB5654,mc,2018-11-30 12:11:59,BRST,SettledInstallment,4845435870600236,BRL,,7.50,1,BRL,,0.00,0.21,,,,mccredit,Capture Request bookingId 114682,60,,,,,,,
TurbiBR,TurbiBRCOM,1745435287484056,114652 | 8501813 | 126172 | 42 | GCE5762,mc,2018-11-30 01:16:44,BRST,SettledInstallment,1745435477619289,BRL,,52.34,1,BRL,,50.90,1.44,,,,mccredit,Capture Request bookingId 114652,60,,,,,,,
TurbiBR,TurbiBRCOM,4345435313630282,114658 | 8504249 | 126178 | 43 | GCK0375,mc,2018-11-30 00:06:45,BRST,SettledInstallment,1645435435610603,BRL,,17.08,1,BRL,,16.61,0.47,,,,mccredit,Capture Request bookingId 114658,60,,,,,,,
TurbiBR,TurbiBRCOM,4845435672943354,114671 | 8510170 | 126191 | 67 | FVV7524,mc,2018-11-30 13:22:02,BRST,SettledInstallment,1845435912628076,BRL,,63.83,1,BRL,,0.00,1.76,,,,mccredit,Capture Request bookingId 114671,60,,,,,,,
TurbiBR,TurbiBRCOM,1845435910926134,114686 | 8838 | 126208 | 17 | GGF3956,mc,2018-11-30 20:57:00,BRST,SettledInstallment,4745436185621637,BRL,,81.62,1,BRL,,0.00,2.24,,,,mccredit,Capture Request bookingId 114686,60,,,,,,,
TurbiBR,TurbiBRCOM,1745435023414565,114635 | 8500378 | 126155 | 10 | FQR9974,mc,2018-11-29 21:51:54,BRST,SettledInstallment,4745435354617764,BRL,,83.00,1,BRL,,80.72,2.28,,,,mccredit,Capture Request bookingId 114635,60,,,,,,,
TurbiBR,TurbiBRCOM,4545435852523672,114682 | 8523390 | 126202 | 56 | GCB5654,mc,2018-11-30 12:13:44,BRST,RefundedInstallment,4745435871665692,BRL,7.50,,1,BRL,7.50,,,,,,mccredit,Refund Request bookingId 114682,60,,,,,,,
TurbiBR,TurbiBRCOM,1325434863431274,114620 | 8508414 | 126140 | 71 | GEJ2081,mc,2018-11-29 22:16:57,BRST,SettledInstallment,1725435369610648,BRL,,124.34,1,BRL,,0.00,3.42,,,,mccredit,Capture Request bookingId 114620,60,,,,,,,
TurbiBR,TurbiBRCOM,4825434282742490,114582 | 8505631 | 126105 | 63 | FMZ7695,mc,2018-11-30 08:06:55,BRST,SettledInstallment,1625435723632446,BRL,,112.27,1,BRL,,0.00,3.09,,,,mccredit,Capture Request bookingId 114582,60,,,,,,,
TurbiBR,TurbiBRCOM,4625435966036614,114689 | 8503444 | 126211 | 31 | GDQ9684,mc,2018-11-30 15:27:03,BRST,SettledInstallment,1525435987612879,BRL,,30.00,1,BRL,,0.00,0.82,,,,mccredit,Capture Request bookingId 114689,60,,,,,,,
TurbiBR,TurbiBRCOM,4525435666399784,114670 | 8496827 | 126190 | 16 | FVN6927,mc,2018-11-30 15:27:03,BRST,SettledInstallment,1825435987618865,BRL,,223.50,1,BRL,,0.00,6.15,,,,mccredit,Capture Request bookingId 114670,60,,,,,,,
TurbiBR,TurbiBRCOM,1725434965168697,114629 | 8525850 | 126149 | 23 | FLQ7676,mc,2018-11-29 22:16:57,BRST,SettledInstallment,4325435369615785,BRL,,67.87,1,BRL,,0.00,1.87,,,,mccredit,Capture Request bookingId 114629,60,,,,,,,
TurbiBR,TurbiBRCOM,4825435314962675,114659 | 8523619 | 126179 | 61 | GCE7705,mc,2018-11-29 22:11:52,BRST,SettledInstallment,4825435366611436,BRL,,30.00,1,BRL,,0.00,0.82,,,,mccredit,Capture Request bookingId 114659,60,,,,,,,
TurbiBR,TurbiBRCOM,1725435691242284,114672 | 8525937 | 126192 | 53 | GGQ1493,mc,2018-11-30 18:36:52,BRST,SettledInstallment,1325436101611245,BRL,,96.18,1,BRL,,0.00,2.64,,,,mccredit,Capture Request bookingId 114672,60,,,,,,,
TurbiBR,TurbiBRCOM,1625436017088626,114696 | 8523875 | 126218 | 9 | GEK9026,mc,2018-11-30 16:22:05,BRST,SettledInstallment,4725436020600238,BRL,,30.00,1,BRL,,0.00,0.82,,,,mccredit,Capture Request bookingId 114696,60,,,,,,,
TurbiBR,TurbiBRCOM,1725435665452950,114669 | 8507375 | 126189 | 61 | GCE7705,mc,2018-11-30 17:06:54,BRST,SettledInstallment,1525436047614327,BRL,,105.14,1,BRL,,0.00,2.89,,,,mccredit,Capture Request bookingId 114669,60,,,,,,,
TurbiBR,TurbiBRCOM,1625436017088626,114696 | 8523875 | 126218 | 9 | GEK9026,mc,2018-11-30 16:35:28,BRST,RefundedInstallment,4625436028765232,BRL,30.00,,1,BRL,30.00,,,,,,mccredit,Refund Request bookingId 114696,60,,,,,,,
TurbiBR,TurbiBRCOM,1615436002090597,114695 | 8150 | 126217 | 72 | FWG4577,mc,2018-11-30 15:56:59,BRST,SettledInstallment,4515436005621617,BRL,,30.00,1,BRL,,0.00,0.82,,,,mccredit,Capture Request bookingId 114695,60,,,,,,,
TurbiBR,TurbiBRCOM,1815435825350723,114679 | 8297 | 126199 | 2 | FXT8846,mc,2018-11-30 14:52:09,BRST,SettledInstallment,4615435966619064,BRL,,70.13,1,BRL,,0.00,1.93,,,,mccredit,Capture Request bookingId 114679,60,,,,,,,
TurbiBR,TurbiBRCOM,1815435295710232,114655 | 8521478 | 126175 | 2 | FXT8846,mc,2018-11-30 01:16:54,BRST,SettledInstallment,4315435477615786,BRL,,111.27,1,BRL,,0.00,3.06,,,,mccredit,Capture Request bookingId 114655,60,,,,,,,
TurbiBR,TurbiBRCOM,4515434061232593,114568 | 8509511 | 126091 | 36 | GFN9743,mc,2018-11-30 16:11:57,BRST,SettledInstallment,4615436014620609,BRL,,400.00,1,BRL,,0.00,11.00,,,,mccredit,Capture Request bookingId 114568,60,,,,,,,
TurbiBR,TurbiBRCOM,4715434498414861,114568 | 8509511 | 126091 | 36 | GFN9743,mc,2018-11-30 16:11:57,BRST,SettledInstallment,1615436014621561,BRL,,39.78,1,BRL,,0.00,1.09,,,,mccredit,Capture Request bookingId 114568,60,,,,,,,
TurbiBR,TurbiBRCOM,4515435975758722,114690 | 8150 | 126212 | 65 | GCU7445,mc,2018-11-30 15:11:55,BRST,SettledInstallment,1615435978619348,BRL,,30.00,1,BRL,,0.00,0.82,,,,mccredit,Capture Request bookingId 114690,60,,,,,,,
TurbiBR,TurbiBRCOM,1715427449619501,Authorise Request bookingId 113829,mc,2018-11-30 17:26:08,BRST,RefundedInstallment,4715436059167317,BRL,94.00,,1,BRL,94.00,,,,,,mccredit,Refund Request bookingId 113829,60,,,,,,,
TurbiBR,TurbiBRCOM,4815435730258007,114674 | 8524218 | 126194 | 10 | FQR9974,mc,2018-11-30 10:21:55,BRST,SettledInstallment,4815435804624274,BRL,,30.00,1,BRL,,0.00,0.82,,,,mccredit,Capture Request bookingId 114674,60,,,,,,,
TurbiBR,TurbiBRCOM,4715435875437458,114684 | 8509227 | 126206 | 3 | GFF2698,mc,2018-11-30 15:31:56,BRST,SettledInstallment,4315435990625940,BRL,,41.28,1,BRL,,0.00,1.14,,,,mccredit,Capture Request bookingId 114684,60,,,,,,,
TurbiBR,TurbiBRCOM,1815435780201317,114678 | 8509394 | 126198 | 38 | GDT7856,mc,2018-11-30 19:16:49,BRST,SettledInstallment,4315436125619931,BRL,,90.96,1,BRL,,0.00,2.50,,,,mccredit,Capture Request bookingId 114678,60,,,,,,,
TurbiBR,TurbiBRCOM,1815435766518379,114676 | 8508953 | 126196 | 52 | FKC3114,mc,2018-11-30 22:12:00,BRST,SettledInstallment,1315436230614971,BRL,,32.32,1,BRL,,0.00,0.89,,,,mccredit,Capture Request bookingId 114676,60,,,,,,,
TurbiBR,TurbiBRCOM,4815435987155898,114692 | 8503444 | 126214 | 31 | GDQ9684,mc,2018-12-01 01:21:56,BRST,SettledInstallment,1715436344618203,BRL,,130.10,1,BRL,,0.00,3.58,,,,mccredit,Capture Request bookingId 114692,60,,,,,,,
TurbiBR,TurbiBRCOM,4715436072737740,114704 | 8510033 | 126226 | 22 | FWL2173,mc,2018-12-01 01:36:53,BRST,SettledInstallment,4615436353611250,BRL,,106.29,1,BRL,,0.00,2.92,,,,mccredit,Capture Request bookingId 114704,60,,,,,,,
TurbiBR,TurbiBRCOM,4815434200126414,114576 | 8506042 | 126099 | 46 | FZP6949,mc,2018-12-01 07:56:52,BRST,SettledInstallment,1315436581617722,BRL,,79.93,1,BRL,,0.00,2.20,,,,mccredit,Capture Request bookingId 114576,60,,,,,,,
TurbiBR,TurbiBRCOM,4315436620645266,114738 | 8503444 | 126260 | 31 | GDQ9684,mc,2018-12-01 12:42:00,BRST,SettledInstallment,4515436752620697,BRL,,31.36,1,BRL,,0.00,0.86,,,,mccredit,Capture Request bookingId 114738,60,,,,,,,
TurbiBR,TurbiBRCOM,1315436630760556,114740 | 8509511 | 126262 | 9 | GEK9026,mc,2018-12-01 12:21:51,BRST,SettledInstallment,4815436740619337,BRL,,30.69,1,BRL,,0.00,0.84,,,,mccredit,Capture Request bookingId 114740,60,,,,,,,
TurbiBR,TurbiBRCOM,4715435965791160,114688 | 8505245 | 126210 | 35 | GEP0747,mc,2018-12-01 15:46:54,BRST,SettledInstallment,4715436863626318,BRL,,300.06,1,BRL,,0.00,8.25,,,,mccredit,Capture Request bookingId 114688,60,,,,,,,
TurbiBR,TurbiBRCOM,1515436544832341,114731 | 8496237 | 126253 | 20 | FUD3683,mc,2018-12-01 15:46:54,BRST,SettledInstallment,4615436863620825,BRL,,88.73,1,BRL,,0.00,2.44,,,,mccredit,Capture Request bookingId 114731,60,,,,,,,
TurbiBR,TurbiBRCOM,1815436725004816,114765 | 8521478 | 126287 | 72 | FWG4577,mc,2018-12-01 15:51:56,BRST,SettledInstallment,1515436866609954,BRL,,40.61,1,BRL,,0.00,1.12,,,,mccredit,Capture Request bookingId 114765,60,,,,,,,
TurbiBR,TurbiBRCOM,4315436132292235,114718 | 8525784 | 126240 | 24 | FPI7484,mc,2018-12-01 16:06:48,BRST,SettledInstallment,4815436875611018,BRL,,297.23,1,BRL,,0.00,8.17,,,,mccredit,Capture Request bookingId 114718,60,,,,,,,
TurbiBR,TurbiBRCOM,1515436642052669,114743 | 8508669 | 126265 | 32 | FXT6395,mc,2018-12-01 18:16:49,BRST,SettledInstallment,1515436953622365,BRL,,112.09,1,BRL,,0.00,3.08,,,,mccredit,Capture Request bookingId 114743,60,,,,,,,
TurbiBR,TurbiBRCOM,4515436671898200,114748 | 8364 | 126270 | 44 | FOM1229,mc,2018-12-01 18:32:56,BRST,SettledInstallment,4715436962602863,BRL,,168.44,1,BRL,,0.00,4.63,,,,mccredit,Capture Request bookingId 114748,60,,,,,,,
TurbiBR,TurbiBRCOM,1315435693373505,114673 | 8505473 | 126193 | 47 | GET4023,mc,2018-12-01 18:51:48,BRST,SettledInstallment,1615436974600753,BRL,,317.00,1,BRL,,0.00,8.72,,,,mccredit,Capture Request bookingId 114673,60,,,,,,,
TurbiBR,TurbiBRCOM,1515436652716880,114744 | 8510163 | 126266 | 68 | GFT7592,mc,2018-12-01 19:21:59,BRST,SettledInstallment,1515436992622517,BRL,,101.96,1,BRL,,0.00,2.80,,,,mccredit,Capture Request bookingId 114744,60,,,,,,,
TurbiBR,TurbiBRCOM,4615436803493259,114791 | 8501906 | 126313 | 17 | GGF3956,mc,2018-12-01 19:41:52,BRST,SettledInstallment,4615437004629592,BRL,,38.33,1,BRL,,0.00,1.05,,,,mccredit,Capture Request bookingId 114791,60,,,,,,,
TurbiBR,TurbiBRCOM,1335436779603928,114784 | 8520168 | 126306 | 64 | GGW0873,mc,2018-12-01 14:22:30,BRST,SettledInstallment,1735436812616511,BRL,,30.00,1,BRL,,0.00,0.82,,,,mccredit,Capture Request bookingId 114784,60,,,,,,,
TurbiBR,TurbiBRCOM,1635436694012467,114753 | 8505830 | 126275 | 62 | GJR9212,mc,2018-12-01 17:01:47,BRST,SettledInstallment,4735436908621213,BRL,,54.77,1,BRL,,0.00,1.51,,,,mccredit,Capture Request bookingId 114753,60,,,,,,,
TurbiBR,TurbiBRCOM,4635436797870955,114789 | 8521432 | 126311 | 43 | GCK0375,mc,2018-12-01 17:16:44,BRST,SettledInstallment,4535436917611413,BRL,,37.76,1,BRL,,0.00,1.04,,,,mccredit,Capture Request bookingId 114789,60,,,,,,,
TurbiBR,TurbiBRCOM,4635434526961203,114611 | 8500419 | 126131 | 60 | GJQ7911,mc,2018-11-30 22:41:56,BRST,SettledInstallment,4335436248610193,BRL,,378.50,1,BRL,,0.00,10.41,,,,mccredit,Capture Request bookingId 114611,60,,,,,,,
TurbiBR,TurbiBRCOM,1735436715776016,114762 | 8503372 | 126284 | 8 | GCE1566,mc,2018-12-01 18:16:53,BRST,SettledInstallment,4735436953628907,BRL,,241.35,1,BRL,,0.00,6.64,,,,mccredit,Capture Request bookingId 114762,60,,,,,,,
TurbiBR,TurbiBRCOM,1535436834261900,114811 | 8524458 | 126333 | 23 | FLQ7676,mc,2018-12-01 19:46:55,BRST,SettledInstallment,1735437007628626,BRL,,112.57,1,BRL,,0.00,3.10,,,,mccredit,Capture Request bookingId 114811,60,,,,,,,
TurbiBR,TurbiBRCOM,4735436711232331,114757 | 8500334 | 126279 | 49 | GDG8981,mc,2018-12-01 19:26:55,BRST,SettledInstallment,4635436995615152,BRL,,64.64,1,BRL,,0.00,1.78,,,,mccredit,Capture Request bookingId 114757,60,,,,,,,
TurbiBR,TurbiBRCOM,1735436780179229,114785 | 8509469 | 126307 | 16 | FVN6927,mc,2018-12-01 18:01:52,BRST,SettledInstallment,1535436944617991,BRL,,65.93,1,BRL,,0.00,1.81,,,,mccredit,Capture Request bookingId 114785,60,,,,,,,
TurbiBR,TurbiBRCOM,1735436570966819,114732 | 8880 | 126254 | 28 | GKE6583,mc,2018-12-01 12:01:54,BRST,SettledInstallment,4735436728613804,BRL,,59.47,1,BRL,,0.00,1.64,,,,mccredit,Capture Request bookingId 114732,60,,,,,,,
TurbiBR,TurbiBRCOM,1335436712828327,114758 | 8525826 | 126280 | 56 | GCB5654,mc,2018-12-01 19:56:46,BRST,SettledInstallment,1635437013611617,BRL,,144.30,1,BRL,,0.00,3.97,,,,mccredit,Capture Request bookingId 114758,60,,,,,,,
TurbiBR,TurbiBRCOM,1725436625739569,114739 | 8525943 | 126261 | 40 | FJC0776,mc,2018-12-01 20:06:51,BRST,SettledInstallment,4325437019612667,BRL,,99.60,1,BRL,,0.00,2.74,,,,mccredit,Capture Request bookingId 114739,60,,,,,,,
TurbiBR,TurbiBRCOM,1325436761993073,114775 | 8525869 | 126297 | 39 | FSQ3098,mc,2018-12-01 15:41:54,BRST,SettledInstallment,1725436860602126,BRL,,30.00,1,BRL,,0.00,0.82,,,,mccredit,Capture Request bookingId 114775,60,,,,,,,
TurbiBR,TurbiBRCOM,4625436742574282,114770 | 8499518 | 126292 | 46 | FZP6949,mc,2018-12-01 14:24:47,BRST,RefundedInstallment,1825436814307268,BRL,30.00,,1,BRL,30.00,,,,,,mccredit,Refund Request bookingId 114770,60,,,,,,,
TurbiBR,TurbiBRCOM,1825436537911230,114730 | 8504861 | 126252 | 63 | FMZ7695,mc,2018-12-01 20:46:47,BRST,SettledInstallment,1325437043613802,BRL,,265.26,1,BRL,,0.00,7.29,,,,mccredit,Capture Request bookingId 114730,60,,,,,,,
TurbiBR,TurbiBRCOM,1725436860936698,114817 | 8508194 | 126339 | 27 | GIE0915,mc,2018-12-01 19:46:54,BRST,SettledInstallment,4325437007621738,BRL,,126.07,1,BRL,,0.00,3.47,,,,mccredit,Capture Request bookingId 114817,60,,,,,,,
TurbiBR,TurbiBRCOM,1325436021837862,114698 | 8500474 | 126220 | 3 | GFF2698,mc,2018-11-30 21:41:52,BRST,SettledInstallment,1325436212622222,BRL,,114.24,1,BRL,,0.00,3.14,,,,mccredit,Capture Request bookingId 114698,60,,,,,,,
TurbiBR,TurbiBRCOM,1725436159103802,114723 | 8520904 | 126245 | 30 | FZV7646,mc,2018-12-01 20:51:50,BRST,SettledInstallment,4625437046622017,BRL,,278.07,1,BRL,,0.00,7.65,,,,mccredit,Capture Request bookingId 114723,60,,,,,,,
TurbiBR,TurbiBRCOM,1625436018136911,114697 | 8497756 | 126219 | 4 | GIE2734,mc,2018-11-30 23:21:54,BRST,SettledInstallment,4525436272615738,BRL,,40.81,1,BRL,,0.00,1.12,,,,mccredit,Capture Request bookingId 114697,60,,,,,,,
TurbiBR,TurbiBRCOM,1525436277028396,114728 | 8522787 | 126250 | 53 | GGQ1493,mc,2018-12-01 19:36:50,BRST,SettledInstallment,1325437001623850,BRL,,164.30,1,BRL,,0.00,4.52,,,,mccredit,Capture Request bookingId 114728,60,,,,,,,
TurbiBR,TurbiBRCOM,4325436678699031,114749 | 8150 | 126271 | 71 | GEJ2081,mc,2018-12-01 10:41:57,BRST,SettledInstallment,1525436680609022,BRL,,30.00,1,BRL,,0.00,0.82,,,,mccredit,Capture Request bookingId 114749,60,,,,,,,
TurbiBR,TurbiBRCOM,4625436742574282,114770 | 8499518 | 126292 | 46 | FZP6949,mc,2018-12-01 12:56:58,BRST,SettledInstallment,1325436761610180,BRL,,30.00,1,BRL,,0.00,0.82,,,,mccredit,Capture Request bookingId 114770,60,,,,,,,
TurbiBR,TurbiBRCOM,1545436680240469,114750 | 8150 | 126272 | 70 | FJV8602,mc,2018-12-01 10:46:51,BRST,SettledInstallment,4545436683603261,BRL,,30.00,1,BRL,,0.00,0.82,,,,mccredit,Capture Request bookingId 114750,60,,,,,,,
TurbiBR,TurbiBRCOM,1345436588611649,114734 | 8525107 | 126256 | 51 | FQH5224,mc,2018-12-01 11:46:54,BRST,SettledInstallment,4745436719609827,BRL,,57.85,1,BRL,,0.00,1.59,,,,mccredit,Capture Request bookingId 114734,60,,,,,,,
TurbiBR,TurbiBRCOM,4345436836741622,114812 | 8524872 | 126334 | 69 | GJT1128,mc,2018-12-01 15:41:49,BRST,SettledInstallment,1345436860607893,BRL,,30.00,1,BRL,,0.00,0.82,,,,mccredit,Capture Request bookingId 114812,60,,,,,,,
TurbiBR,TurbiBRCOM,4345436789952663,114786 | 8524458 | 126308 | 46 | FZP6949,mc,2018-12-01 14:21:50,BRST,SettledInstallment,1545436812619770,BRL,,30.00,1,BRL,,0.00,0.82,,,,mccredit,Capture Request bookingId 114786,60,,,,,,,
TurbiBR,TurbiBRCOM,4745436619172843,114735 | 8524871 | 126257 | 60 | GJQ7911,mc,2018-12-01 09:21:58,BRST,SettledInstallment,1545436632601016,BRL,,30.00,1,BRL,,0.00,0.82,,,,mccredit,Capture Request bookingId 114735,60,,,,,,,
TurbiBR,TurbiBRCOM,4845436684361668,114751 | 8525863 | 126273 | 59 | GFT1399,mc,2018-12-01 17:51:52,BRST,SettledInstallment,4545436938619732,BRL,,72.32,1,BRL,,0.00,1.99,,,,mccredit,Capture Request bookingId 114751,60,,,,,,,
TurbiBR,TurbiBRCOM,1845436744191796,114772 | 8497677 | 126294 | 37 | GHQ9495,mc,2018-12-01 17:51:52,BRST,SettledInstallment,4345436938614164,BRL,,55.32,1,BRL,,0.00,1.52,,,,mccredit,Capture Request bookingId 114772,60,,,,,,,
TurbiBR,TurbiBRCOM,4515429171958715,Authorise Request bookingId 114212,mc,2018-12-01 23:31:58,BRST,RefundedInstallment,4815437142711581,BRL,212.02,,1,BRL,212.02,,,,,,mccredit,Refund Request bookingId 114212,60,,,,,,,
TurbiBR,TurbiBRCOM,4715436743147782,114771 | 8502550 | 126293 | 36 | GFN9743,mc,2018-12-01 21:26:48,BRST,SettledInstallment,1515437067629312,BRL,,84.80,1,BRL,,0.00,2.33,,,,mccredit,Capture Request bookingId 114771,60,,,,,,,
TurbiBR,TurbiBRCOM,4815437046844140,114849 | 8524993 | 126371 | 51 | FQH5224,mc,2018-12-01 22:28:00,BRST,SettledInstallment,4715437103608330,BRL,,30.00,1,BRL,,0.00,0.82,,,,mccredit,Capture Request bookingId 114849,60,,,,,,,
TurbiBR,TurbiBRCOM,1615436002090597,114695 | 8150 | 126217 | 72 | FWG4577,mc,2018-12-02 12:26:09,BRST,RefundedInstallment,1515437607141018,BRL,30.00,,1,BRL,30.00,,,,,,mccredit,Refund Request bookingId 114695,60,,,,,,,
TurbiBR,TurbiBRCOM,1515437366548247,114854 | 8525107 | 126376 | 50 | GDB0788,mc,2018-12-02 08:42:00,BRST,SettledInstallment,4615437472617293,BRL,,37.57,1,BRL,,0.00,1.03,,,,mccredit,Capture Request bookingId 114854,60,,,,,,,
TurbiBR,TurbiBRCOM,4515435975758722,114690 | 8150 | 126212 | 65 | GCU7445,mc,2018-12-02 12:26:10,BRST,RefundedInstallment,1715437607207882,BRL,30.00,,1,BRL,30.00,,,,,,mccredit,Refund Request bookingId 114690,60,,,,,,,
TurbiBR,TurbiBRCOM,1815437689340956,114902 | 8101 | 126424 | 59 | GFT1399,mc,2018-12-02 17:11:52,BRST,SettledInstallment,1315437778621295,BRL,,30.57,1,BRL,,0.00,0.84,,,,mccredit,Capture Request bookingId 114902,60,,,,,,,
TurbiBR,TurbiBRCOM,1615437642325005,114896 | 8526130 | 126418 | 45 | GHS1618,mc,2018-12-02 18:11:49,BRST,SettledInstallment,4815437814622850,BRL,,43.33,1,BRL,,0.00,1.19,,,,mccredit,Capture Request bookingId 114896,60,,,,,,,
TurbiBR,TurbiBRCOM,4315437678330843,114899 | 8523619 | 126421 | 61 | GCE7705,mc,2018-12-02 17:51:46,BRST,SettledInstallment,1815437802623460,BRL,,40.79,1,BRL,,0.00,1.12,,,,mccredit,Capture Request bookingId 114899,60,,,,,,,
TurbiBR,TurbiBRCOM,4815437597798513,114886 | 8521432 | 126408 | 24 | FPI7484,mc,2018-12-02 18:56:57,BRST,SettledInstallment,4815437841610423,BRL,,133.79,1,BRL,,0.00,3.68,,,,mccredit,Capture Request bookingId 114886,60,,,,,,,
TurbiBR,TurbiBRCOM,1715436635574024,114742 | 8510170 | 126264 | 67 | FVV7524,mc,2018-12-01 22:16:56,BRST,SettledInstallment,1715437097621485,BRL,,133.78,1,BRL,,0.00,3.68,,,,mccredit,Capture Request bookingId 114742,60,,,,,,,
TurbiBR,TurbiBRCOM,1815436969057819,114841 | 8510247 | 126363 | 50 | GDB0788,mc,2018-12-01 21:56:45,BRST,SettledInstallment,4715437085614793,BRL,,43.74,1,BRL,,0.00,1.20,,,,mccredit,Capture Request bookingId 114841,60,,,,,,,
TurbiBR,TurbiBRCOM,4615437493039568,114861 | 8522462 | 126383 | 42 | GCE5762,mc,2018-12-02 11:16:52,BRST,SettledInstallment,1315437565611384,BRL,,30.00,1,BRL,,0.00,0.82,,,,mccredit,Capture Request bookingId 114861,60,,,,,,,
TurbiBR,TurbiBRCOM,4515437610067642,114889 | 8498954 | 126411 | 50 | GDB0788,mc,2018-12-02 19:21:48,BRST,SettledInstallment,4315437856611774,BRL,,92.87,1,BRL,,0.00,2.55,,,,mccredit,Capture Request bookingId 114889,60,,,,,,,
TurbiBR,TurbiBRCOM,4315437574069727,114882 | 8526112 | 126404 | 53 | GGQ1493,mc,2018-12-02 20:31:50,BRST,SettledInstallment,4715437898626026,BRL,,95.26,1,BRL,,0.00,2.62,,,,mccredit,Capture Request bookingId 114882,60,,,,,,,
TurbiBR,TurbiBRCOM,4715437644512710,114897 | 8502913 | 126419 | 31 | GDQ9684,mc,2018-12-02 19:56:55,BRST,SettledInstallment,4715437877617863,BRL,,66.37,1,BRL,,0.00,1.83,,,,mccredit,Capture Request bookingId 114897,60,,,,,,,
TurbiBR,TurbiBRCOM,4315437766619099,114913 | 8509538 | 126435 | 67 | FVV7524,mc,2018-12-02 19:56:55,BRST,SettledInstallment,1815437877619963,BRL,,42.01,1,BRL,,0.00,1.16,,,,mccredit,Capture Request bookingId 114913,60,,,,,,,
TurbiBR,TurbiBRCOM,1615437523904266,114868 | 8506144 | 126390 | 56 | GCB5654,mc,2018-12-02 20:41:52,BRST,SettledInstallment,1615437904622685,BRL,,119.92,1,BRL,,0.00,3.30,,,,mccredit,Capture Request bookingId 114868,60,,,,,,,
TurbiBR,TurbiBRCOM,4815437881157442,114920 | 8500417 | 126442 | 27 | GIE0915,mc,2018-12-02 23:46:48,BRST,SettledInstallment,4615438015613898,BRL,,156.62,1,BRL,,0.00,4.31,,,,mccredit,Capture Request bookingId 114920,60,,,,,,,
TurbiBR,TurbiBRCOM,4615438491588994,114941 | 8524866 | 126463 | 64 | GGW0873,mc,2018-12-03 17:37:06,BRST,SettledInstallment,4515438657638972,BRL,,35.45,1,BRL,,0.00,0.97,,,,mccredit,Capture Request bookingId 114941,60,,,,,,,
TurbiBR,TurbiBRCOM,1315437915044302,114922 | 8503958 | 126444 | 49 | GDG8981,mc,2018-12-02 23:21:43,BRST,SettledInstallment,4715438000604307,BRL,,47.86,1,BRL,,0.00,1.32,,,,mccredit,Capture Request bookingId 114922,60,,,,,,,
TurbiBR,TurbiBRCOM,1315436721103070,114764 | 8497350 | 126286 | 25 | GJA7687,mc,2018-12-03 12:53:04,BRST,SettledInstallment,4315438486616647,BRL,,622.08,1,BRL,,0.00,17.11,,,,mccredit,Capture Request bookingId 114764,60,,,,,,,
TurbiBR,TurbiBRCOM,1715437752716307,114911 | 8502131 | 126433 | 20 | FUD3683,mc,2018-12-02 23:01:53,BRST,SettledInstallment,1315437988615269,BRL,,69.50,1,BRL,,0.00,1.91,,,,mccredit,Capture Request bookingId 114911,60,,,,,,,
TurbiBR,TurbiBRCOM,4345436836741622,114812 | 8524872 | 126334 | 69 | GJT1128,mc,2018-12-01 16:31:33,BRST,RefundedInstallment,4645436890412505,BRL,30.00,,1,BRL,30.00,,,,,,mccredit,Refund Request bookingId 114812,60,,,,,,,
TurbiBR,TurbiBRCOM,4345436789952663,114786 | 8524458 | 126308 | 46 | FZP6949,mc,2018-12-01 14:23:52,BRST,RefundedInstallment,1545436813801047,BRL,30.00,,1,BRL,30.00,,,,,,mccredit,Refund Request bookingId 114786,60,,,,,,,
TurbiBR,TurbiBRCOM,1345436916326506,114835 | 8506235 | 126357 | 24 | FPI7484,mc,2018-12-01 21:36:43,BRST,SettledInstallment,1745437073614615,BRL,,76.79,1,BRL,,0.00,2.11,,,,mccredit,Capture Request bookingId 114835,60,,,,,,,
TurbiBR,TurbiBRCOM,1345437161060931,114853 | 8500417 | 126375 | 2 | FXT8846,mc,2018-12-02 03:41:42,BRST,SettledInstallment,1745437292613547,BRL,,76.97,1,BRL,,0.00,2.12,,,,mccredit,Capture Request bookingId 114853,60,,,,,,,
TurbiBR,TurbiBRCOM,1845437488856685,114858 | 8496502 | 126380 | 26 | GJJ0014,mc,2018-12-02 12:21:47,BRST,SettledInstallment,1645437604629976,BRL,,56.44,1,BRL,,0.00,1.55,,,,mccredit,Capture Request bookingId 114858,60,,,,,,,
TurbiBR,TurbiBRCOM,4745437519723180,114867 | 8150 | 126389 | 24 | FPI7484,mc,2018-12-02 10:11:55,BRST,SettledInstallment,4845437526613415,BRL,,50.00,1,BRL,,0.00,1.38,,,,mccredit,Capture Request bookingId 114867,60,,,,,,,
TurbiBR,TurbiBRCOM,1545436680240469,114750 | 8150 | 126272 | 70 | FJV8602,mc,2018-12-02 12:25:58,BRST,RefundedInstallment,1345437607019962,BRL,30.00,,1,BRL,30.00,,,,,,mccredit,Refund Request bookingId 114750,60,,,,,,,
TurbiBR,TurbiBRCOM,4345431567778802,114441 | 8524059 | 125964 | 25 | GJA7687,mc,2018-12-02 12:27:02,BRST,RefundedInstallment,4345437607700094,BRL,15.00,,1,BRL,15.00,,,,,,mccredit,Refund Request bookingId 114441,60,,,,,,,
TurbiBR,TurbiBRCOM,1345428137488132,Authorise Request bookingId 114141,mc,2018-12-02 12:27:00,BRST,RefundedInstallment,4745437607652085,BRL,50.00,,1,BRL,50.00,,,,,,mccredit,Refund Request bookingId 114141,60,,,,,,,
TurbiBR,TurbiBRCOM,4645436774918346,114781 | 8498012 | 126303 | 71 | GEJ2081,mc,2018-12-01 22:46:50,BRST,SettledInstallment,1745437115615570,BRL,,104.97,1,BRL,,0.00,2.89,,,,mccredit,Capture Request bookingId 114781,60,,,,,,,
TurbiBR,TurbiBRCOM,1545432943811808,114490 | 8524059 | 126013 | 18 | FKD0105,mc,2018-12-02 12:27:29,BRST,RefundedInstallment,1845437607935436,BRL,100.00,,1,BRL,100.00,,,,,,mccredit,Refund Request bookingId 114490,60,,,,,,,
TurbiBR,TurbiBRCOM,4545436771461283,114778 | 8496569 | 126300 | 70 | FJV8602,mc,2018-12-02 01:46:54,BRST,SettledInstallment,1345437223600328,BRL,,104.90,1,BRL,,0.00,2.88,,,,mccredit,Capture Request bookingId 114778,60,,,,,,,
TurbiBR,TurbiBRCOM,4745437022838830,114848 | 8520235 | 126370 | 32 | FXT6395,mc,2018-12-02 01:01:48,BRST,SettledInstallment,1545437196616416,BRL,,48.45,1,BRL,,0.00,1.33,,,,mccredit,Capture Request bookingId 114848,60,,,,,,,
TurbiBR,TurbiBRCOM,4745432509851497,114490 | 8524059 | 126013 | 18 | FKD0105,mc,2018-12-02 12:27:29,BRST,RefundedInstallment,4645437607934567,BRL,400.00,,1,BRL,400.00,,,,,,mccredit,Refund Request bookingId 114490,60,,,,,,,
TurbiBR,TurbiBRCOM,1745437524761908,114869 | 8505830 | 126391 | 29 | GKH1148,mc,2018-12-02 14:56:47,BRST,SettledInstallment,4845437697615660,BRL,,55.28,1,BRL,,0.00,1.52,,,,mccredit,Capture Request bookingId 114869,60,,,,,,,
TurbiBR,TurbiBRCOM,1845436755485319,114774 | 8524103 | 126296 | 45 | GHS1618,mc,2018-12-02 12:56:53,BRST,SettledInstallment,1645437625614262,BRL,,210.10,1,BRL,,0.00,5.78,,,,mccredit,Capture Request bookingId 114774,60,,,,,,,
TurbiBR,TurbiBRCOM,4345433381813336,114490 | 8524059 | 126013 | 18 | FKD0105,mc,2018-12-02 12:27:29,BRST,RefundedInstallment,4745437607931844,BRL,48.82,,1,BRL,48.82,,,,,,mccredit,Refund Request bookingId 114490,60,,,,,,,
TurbiBR,TurbiBRCOM,1745437628258199,114893 | 8508971 | 126415 | 13 | FXH7648,mc,2018-12-02 15:26:52,BRST,SettledInstallment,1345437715609613,BRL,,30.00,1,BRL,,0.00,0.82,,,,mccredit,Capture Request bookingId 114893,60,,,,,,,
TurbiBR,TurbiBRCOM,1745437731627710,114908 | 8506676 | 126430 | 36 | GFN9743,mc,2018-12-02 18:26:51,BRST,SettledInstallment,4745437823619983,BRL,,30.00,1,BRL,,0.00,0.82,,,,mccredit,Capture Request bookingId 114908,60,,,,,,,
TurbiBR,TurbiBRCOM,1545436904694657,114834 | 8502797 | 126356 | 20 | FUD3683,mc,2018-12-02 16:11:52,BRST,SettledInstallment,1645437742617719,BRL,,65.64,1,BRL,,0.00,1.81,,,,mccredit,Capture Request bookingId 114834,60,,,,,,,
TurbiBR,TurbiBRCOM,1345435079745916,114643 | 8524059 | 126163 | 19 | FJG9824,mc,2018-12-02 12:27:46,BRST,RefundedInstallment,4545437608124177,BRL,30.00,,1,BRL,30.00,,,,,,mccredit,Refund Request bookingId 114643,60,,,,,,,
TurbiBR,TurbiBRCOM,4845437686525151,114900 | 8500146 | 126422 | 35 | GEP0747,mc,2018-12-02 19:31:47,BRST,SettledInstallment,4745437862604391,BRL,,66.45,1,BRL,,0.00,1.83,,,,mccredit,Capture Request bookingId 114900,60,,,,,,,
TurbiBR,TurbiBRCOM,1845436688419526,114727 | 8525946 | 126249 | 5 | FSN3833,mc,2018-12-02 18:26:51,BRST,SettledInstallment,4845437823615667,BRL,,83.64,1,BRL,,0.00,2.30,,,,mccredit,Capture Request bookingId 114727,60,,,,,,,
TurbiBR,TurbiBRCOM,1745437585838140,114883 | 8509133 | 126405 | 68 | GFT7592,mc,2018-12-02 19:47:06,BRST,SettledInstallment,4645437871771919,BRL,,87.07,1,BRL,,0.00,2.39,,,,mccredit,Capture Request bookingId 114883,60,,,,,,,
TurbiBR,TurbiBRCOM,1645436255425205,114727 | 8525946 | 126249 | 5 | FSN3833,mc,2018-12-02 18:26:50,BRST,SettledInstallment,4745437823610578,BRL,,800.00,1,BRL,,0.00,22.00,,,,mccredit,Capture Request bookingId 114727,60,,,,,,,
TurbiBR,TurbiBRCOM,1545436167309951,114724 | 8521054 | 126246 | 55 | FKS8658,mc,2018-12-02 20:36:53,BRST,SettledInstallment,1345437901610839,BRL,,393.65,1,BRL,,0.00,10.83,,,,mccredit,Capture Request bookingId 114724,60,,,,,,,
TurbiBR,TurbiBRCOM,1545437515284904,114866 | 8505816 | 126388 | 47 | GET4023,mc,2018-12-02 20:56:46,BRST,SettledInstallment,1345437913615701,BRL,,118.10,1,BRL,,0.00,3.25,,,,mccredit,Capture Request bookingId 114866,60,,,,,,,
TurbiBR,TurbiBRCOM,1545437763697674,114912 | 8525250 | 126434 | 26 | GJJ0014,mc,2018-12-02 19:01:50,BRST,SettledInstallment,4345437844612136,BRL,,65.84,1,BRL,,0.00,1.81,,,,mccredit,Capture Request bookingId 114912,60,,,,,,,
TurbiBR,TurbiBRCOM,4645437110779913,114851 | 8505740 | 126373 | 49 | GDG8981,mc,2018-12-02 16:31:54,BRST,SettledInstallment,1345437754611124,BRL,,177.03,1,BRL,,0.00,4.87,,,,mccredit,Capture Request bookingId 114851,60,,,,,,,
TurbiBR,TurbiBRCOM,4745437519723180,114867 | 8150 | 126389 | 24 | FPI7484,mc,2018-12-02 12:25:46,BRST,RefundedInstallment,1545437606964703,BRL,50.00,,1,BRL,50.00,,,,,,mccredit,Refund Request bookingId 114867,60,,,,,,,
TurbiBR,TurbiBRCOM,1825437010258735,114846 | 8621 | 126368 | 72 | FWG4577,mc,2018-12-02 09:56:52,BRST,SettledInstallment,4725437517611860,BRL,,138.08,1,BRL,,0.00,3.80,,,,mccredit,Capture Request bookingId 114846,60,,,,,,,
TurbiBR,TurbiBRCOM,1525436620196486,114736 | 8496211 | 126258 | 13 | FXH7648,mc,2018-12-02 05:11:42,BRST,SettledInstallment,4825437346608045,BRL,,162.25,1,BRL,,0.00,4.46,,,,mccredit,Capture Request bookingId 114736,60,,,,,,,
TurbiBR,TurbiBRCOM,4325436726021030,114766 | 8526006 | 126288 | 19 | FJG9824,mc,2018-12-02 11:36:48,BRST,SettledInstallment,1725437577615658,BRL,,177.60,1,BRL,,0.00,4.88,,,,mccredit,Capture Request bookingId 114766,60,,,,,,,
TurbiBR,TurbiBRCOM,4325436678699031,114749 | 8150 | 126271 | 71 | GEJ2081,mc,2018-12-02 12:25:59,BRST,RefundedInstallment,1625437607098983,BRL,30.00,,1,BRL,30.00,,,,,,mccredit,Refund Request bookingId 114749,60,,,,,,,
TurbiBR,TurbiBRCOM,1725436705053618,114756 | 8504304 | 126278 | 60 | GJQ7911,mc,2018-12-02 01:36:44,BRST,SettledInstallment,1525437217609741,BRL,,126.13,1,BRL,,0.00,3.47,,,,mccredit,Capture Request bookingId 114756,60,,,,,,,
TurbiBR,TurbiBRCOM,1725436946965752,114839 | 8513345 | 126361 | 43 | GCK0375,mc,2018-12-01 22:16:56,BRST,SettledInstallment,1825437097623751,BRL,,52.23,1,BRL,,0.00,1.44,,,,mccredit,Capture Request bookingId 114839,60,,,,,,,
TurbiBR,TurbiBRCOM,1825432295326018,114473 | 8524059 | 125996 | 70 | FJV8602,mc,2018-12-02 12:27:12,BRST,RefundedInstallment,4725437607757995,BRL,30.00,,1,BRL,30.00,,,,,,mccredit,Refund Request bookingId 114473,60,,,,,,,
TurbiBR,TurbiBRCOM,4825437491072591,114859 | 8503467 | 126381 | 4 | GIE2734,mc,2018-12-02 13:06:48,BRST,SettledInstallment,4825437631616141,BRL,,63.49,1,BRL,,0.00,1.75,,,,mccredit,Capture Request bookingId 114859,60,,,,,,,
TurbiBR,TurbiBRCOM,4625437552441059,114875 | 8496237 | 126397 | 34 | GAK2624,mc,2018-12-02 14:06:46,BRST,SettledInstallment,1825437667618017,BRL,,30.00,1,BRL,,0.00,0.82,,,,mccredit,Capture Request bookingId 114875,60,,,,,,,
TurbiBR,TurbiBRCOM,1525437541656665,114873 | 8502550 | 126395 | 36 | GFN9743,mc,2018-12-02 14:36:46,BRST,SettledInstallment,4625437685611362,BRL,,38.85,1,BRL,,0.00,1.07,,,,mccredit,Capture Request bookingId 114873,60,,,,,,,
TurbiBR,TurbiBRCOM,4825428096030795,Authorise Request bookingId 114138,mc,2018-12-02 12:26:44,BRST,RefundedInstallment,1725437607607105,BRL,30.00,,1,BRL,30.00,,,,,,mccredit,Refund Request bookingId 114138,60,,,,,,,
TurbiBR,TurbiBRCOM,1825437613427042,114890 | 8497152 | 126412 | 1 | GDC4895,mc,2018-12-02 17:41:45,BRST,SettledInstallment,4525437796612110,BRL,,95.01,1,BRL,,0.00,2.61,,,,mccredit,Capture Request bookingId 114890,60,,,,,,,
TurbiBR,TurbiBRCOM,4625437589391533,114884 | 8583 | 126406 | 71 | GEJ2081,mc,2018-12-02 17:36:55,BRST,SettledInstallment,4725437793609190,BRL,,76.26,1,BRL,,0.00,2.10,,,,mccredit,Capture Request bookingId 114884,60,,,,,,,
TurbiBR,TurbiBRCOM,4725437572729417,114881 | 8506167 | 126403 | 8 | GCE1566,mc,2018-12-02 16:12:02,BRST,SettledInstallment,1725437742610907,BRL,,174.73,1,BRL,,0.00,4.81,,,,mccredit,Capture Request bookingId 114881,60,,,,,,,
TurbiBR,TurbiBRCOM,1825436827302496,114804 | 8502607 | 126326 | 14 | GDW3904,mc,2018-12-02 01:01:52,BRST,SettledInstallment,4725437196614615,BRL,,96.19,1,BRL,,0.00,2.65,,,,mccredit,Capture Request bookingId 114804,60,,,,,,,
TurbiBR,TurbiBRCOM,1725437711344140,114906 | 8497185 | 126428 | 34 | GAK2624,mc,2018-12-02 19:56:53,BRST,SettledInstallment,4325437877610910,BRL,,52.77,1,BRL,,0.00,1.45,,,,mccredit,Capture Request bookingId 114906,60,,,,,,,
TurbiBR,TurbiBRCOM,4825437605208610,114888 | 8503666 | 126410 | 72 | FWG4577,mc,2018-12-02 20:26:52,BRST,SettledInstallment,1725437895626890,BRL,,100.83,1,BRL,,0.00,2.77,,,,mccredit,Capture Request bookingId 114888,60,,,,,,,
TurbiBR,TurbiBRCOM,1725437693574730,114904 | 8497925 | 126426 | 32 | FXT6395,mc,2018-12-02 19:31:47,BRST,SettledInstallment,4325437862617755,BRL,,29.87,1,BRL,,0.00,0.82,,,,mccredit,Capture Request bookingId 114904,60,,,,,,,
TurbiBR,TurbiBRCOM,1525436988953379,114844 | 8496367 | 126366 | 34 | GAK2624,mc,2018-12-01 22:51:43,BRST,SettledInstallment,1825437118610118,BRL,,46.69,1,BRL,,0.00,1.28,,,,mccredit,Capture Request bookingId 114844,60,,,,,,,
TurbiBR,TurbiBRCOM,4335437116770549,114852 | 8526050 | 126374 | 10 | FQR9974,mc,2018-12-02 02:06:50,BRST,SettledInstallment,1535437235616080,BRL,,73.55,1,BRL,,0.00,2.02,,,,mccredit,Capture Request bookingId 114852,60,,,,,,,
TurbiBR,TurbiBRCOM,4635436970739233,114842 | 8502346 | 126364 | 16 | FVN6927,mc,2018-12-02 03:16:46,BRST,SettledInstallment,1735437277607763,BRL,,90.35,1,BRL,,0.00,2.48,,,,mccredit,Capture Request bookingId 114842,60,,,,,,,
TurbiBR,TurbiBRCOM,1835436830136749,114807 | 8496267 | 126329 | 7 | GCW5563,mc,2018-12-02 02:06:50,BRST,SettledInstallment,1635437235615511,BRL,,401.18,1,BRL,,0.00,11.03,,,,mccredit,Capture Request bookingId 114807,60,,,,,,,
TurbiBR,TurbiBRCOM,4635435359691841,114666 | 8499998 | 126186 | 29 | GKH1148,mc,2018-12-01 21:51:51,BRST,SettledInstallment,1635437082625365,BRL,,336.50,1,BRL,,0.00,9.25,,,,mccredit,Capture Request bookingId 114666,60,,,,,,,
TurbiBR,TurbiBRCOM,1335432424301273,114484 | 8524059 | 126007 | 23 | FLQ7676,mc,2018-12-02 12:27:19,BRST,RefundedInstallment,4835437607889217,BRL,288.00,,1,BRL,288.00,,,,,,mccredit,Refund Request bookingId 114484,60,,,,,,,
TurbiBR,TurbiBRCOM,4635437566954046,114879 | 8505396 | 126401 | 32 | FXT6395,mc,2018-12-02 14:26:46,BRST,SettledInstallment,1635437679601795,BRL,,35.44,1,BRL,,0.00,0.97,,,,mccredit,Capture Request bookingId 114879,60,,,,,,,
TurbiBR,TurbiBRCOM,1735437629024253,114894 | 8506537 | 126416 | 2 | FXT8846,mc,2018-12-02 18:16:51,BRST,SettledInstallment,1335437817627820,BRL,,95.10,1,BRL,,0.00,2.62,,,,mccredit,Capture Request bookingId 114894,60,,,,,,,
TurbiBR,TurbiBRCOM,4635437445719008,114856 | 8499619 | 126378 | 10 | FQR9974,mc,2018-12-02 17:31:53,BRST,SettledInstallment,1835437790612851,BRL,,88.79,1,BRL,,0.00,2.44,,,,mccredit,Capture Request bookingId 114856,60,,,,,,,
TurbiBR,TurbiBRCOM,4635437640857694,114895 | 8526125 | 126417 | 62 | GJR9212,mc,2018-12-02 17:41:48,BRST,SettledInstallment,4535437796612068,BRL,,43.58,1,BRL,,0.00,1.20,,,,mccredit,Capture Request bookingId 114895,60,,,,,,,
TurbiBR,TurbiBRCOM,4835436620498980,114737 | 8505386 | 126259 | 4 | GIE2734,mc,2018-12-01 22:27:00,BRST,SettledInstallment,4635437103600631,BRL,,256.93,1,BRL,,0.00,7.07,,,,mccredit,Capture Request bookingId 114737,60,,,,,,,
TurbiBR,TurbiBRCOM,4735437424020112,114855 | 8513345 | 126377 | 43 | GCK0375,mc,2018-12-02 16:36:51,BRST,SettledInstallment,4635437757618806,BRL,,94.49,1,BRL,,0.00,2.60,,,,mccredit,Capture Request bookingId 114855,60,,,,,,,
TurbiBR,TurbiBRCOM,4635436944473299,114838 | 8506107 | 126360 | 31 | GDQ9684,mc,2018-12-01 22:06:47,BRST,SettledInstallment,1535437091610607,BRL,,53.85,1,BRL,,0.00,1.48,,,,mccredit,Capture Request bookingId 114838,60,,,,,,,
TurbiBR,TurbiBRCOM,1335437809714727,114914 | 8496642 | 126436 | 71 | GEJ2081,mc,2018-12-02 20:17:18,BRST,SettledInstallment,1835437889832253,BRL,,50.66,1,BRL,,0.00,1.39,,,,mccredit,Capture Request bookingId 114914,60,,,,,,,
TurbiBR,TurbiBRCOM,1835437622476012,114892 | 8484 | 126414 | 42 | GCE5762,mc,2018-12-02 19:11:47,BRST,SettledInstallment,4835437850627868,BRL,,56.22,1,BRL,,0.00,1.55,,,,mccredit,Capture Request bookingId 114892,60,,,,,,,
TurbiBR,TurbiBRCOM,1835436774239137,114780 | 8497521 | 126302 | 52 | FKC3114,mc,2018-12-02 19:06:54,BRST,SettledInstallment,4735437847622874,BRL,,347.23,1,BRL,,0.00,9.55,,,,mccredit,Capture Request bookingId 114780,60,,,,,,,
TurbiBR,TurbiBRCOM,1535436973978264,114843 | 8506929 | 126365 | 62 | GJR9212,mc,2018-12-01 22:56:51,BRST,SettledInstallment,4535437121606629,BRL,,41.34,1,BRL,,0.00,1.14,,,,mccredit,Capture Request bookingId 114843,60,,,,,,,
TurbiBR,TurbiBRCOM,4635437504734864,114865 | 8502890 | 126387 | 16 | FVN6927,mc,2018-12-02 20:26:53,BRST,SettledInstallment,1835437895624553,BRL,,127.60,1,BRL,,0.00,3.51,,,,mccredit,Capture Request bookingId 114865,60,,,,,,,
TurbiBR,TurbiBRCOM,4645437566243596,114878 | 8523238 | 126400 | 30 | FZV7646,mc,2018-12-02 23:16:51,BRST,SettledInstallment,4545437997602742,BRL,,127.60,1,BRL,,0.00,3.51,,,,mccredit,Capture Request bookingId 114878,60,,,,,,,
TurbiBR,TurbiBRCOM,4745437857017922,114917 | 8524218 | 126439 | 10 | FQR9974,mc,2018-12-02 21:16:53,BRST,SettledInstallment,4645437925613661,BRL,,30.00,1,BRL,,0.00,0.82,,,,mccredit,Capture Request bookingId 114917,60,,,,,,,
TurbiBR,TurbiBRCOM,4845436940869330,114836 | 8500132 | 126358 | 69 | GJT1128,mc,2018-12-02 23:06:50,BRST,SettledInstallment,4845437991624228,BRL,,261.23,1,BRL,,0.00,7.18,,,,mccredit,Capture Request bookingId 114836,60,,,,,,,
TurbiBR,TurbiBRCOM,1545437475518713,114857 | 8512060 | 126379 | 60 | GJQ7911,mc,2018-12-03 00:16:58,BRST,SettledInstallment,4845438033617790,BRL,,181.67,1,BRL,,0.00,5.00,,,,mccredit,Capture Request bookingId 114857,60,,,,,,,
TurbiBR,TurbiBRCOM,4645438418193328,114934 | 8502715 | 126456 | 57 | FXD8307,mc,2018-12-03 16:36:54,BRST,SettledInstallment,1345438621623805,BRL,,79.15,1,BRL,,0.00,2.18,,,,mccredit,Capture Request bookingId 114934,60,,,,,,,
TurbiBR,TurbiBRCOM,4645438625641440,114946 | 8150 | 126468 | 33 | FYM1511,mc,2018-12-03 17:01:57,BRST,SettledInstallment,4745438636616208,BRL,,30.00,1,BRL,,0.00,0.82,,,,mccredit,Capture Request bookingId 114946,60,,,,,,,
TurbiBR,TurbiBRCOM,4545425802011498,Authorise Request bookingId 113857,mc,2018-12-03 20:01:16,BRST,RefundedInstallment,4745438744216511,BRL,130.00,,1,BRL,130.00,,,,,,mccredit,Authorise Request bookingId 113857,60,,,,,,,
TurbiBR,TurbiBRCOM,1745438448965450,114937 | 8150 | 126459 | 5 | FSN3833,mc,2018-12-03 13:22:04,BRST,SettledInstallment,1545438504611040,BRL,,50.00,1,BRL,,0.00,1.38,,,,mccredit,Capture Request bookingId 114937,60,,,,,,,
TurbiBR,TurbiBRCOM,4745438478475341,114939 | 8510170 | 126461 | 67 | FVV7524,mc,2018-12-03 18:11:59,BRST,SettledInstallment,1645438678628308,BRL,,66.76,1,BRL,,0.00,1.84,,,,mccredit,Capture Request bookingId 114939,60,,,,,,,
TurbiBR,TurbiBRCOM,1335437745129733,114909 | 8525336 | 126431 | 13 | FXH7648,mc,2018-12-02 21:26:42,BRST,SettledInstallment,4835437931604332,BRL,,49.02,1,BRL,,0.00,1.35,,,,mccredit,Capture Request bookingId 114909,60,,,,,,,
TurbiBR,TurbiBRCOM,1835437533947259,114872 | 8135 | 126394 | 66 | GHH6346,mc,2018-12-02 22:11:51,BRST,SettledInstallment,1635437958620698,BRL,,108.46,1,BRL,,0.00,2.98,,,,mccredit,Capture Request bookingId 114872,60,,,,,,,
TurbiBR,TurbiBRCOM,4835437934331180,114924 | 8502204 | 126446 | 28 | GKE6583,mc,2018-12-02 23:01:48,BRST,SettledInstallment,1335437988615257,BRL,,30.00,1,BRL,,0.00,0.82,,,,mccredit,Capture Request bookingId 114924,60,,,,,,,
TurbiBR,TurbiBRCOM,4335437873720646,114919 | 8499406 | 126441 | 42 | GCE5762,mc,2018-12-02 23:01:48,BRST,SettledInstallment,1535437988614472,BRL,,35.48,1,BRL,,0.00,0.98,,,,mccredit,Capture Request bookingId 114919,60,,,,,,,
TurbiBR,TurbiBRCOM,1635437858102623,114918 | 8496827 | 126440 | 36 | GFN9743,mc,2018-12-02 23:11:53,BRST,SettledInstallment,4335437994613886,BRL,,37.88,1,BRL,,0.00,1.04,,,,mccredit,Capture Request bookingId 114918,60,,,,,,,
TurbiBR,TurbiBRCOM,4535427389626922,Authorise Request bookingId 114063,mc,2018-12-03 10:19:11,BRST,RefundedInstallment,4835438395020676,BRL,11.21,,1,BRL,11.21,,,,,,mccredit,Authorise Request bookingId 114063,60,,,,,,,
TurbiBR,TurbiBRCOM,1535437749473523,114910 | 8501326 | 126432 | 3 | GFF2698,mc,2018-12-02 21:46:52,BRST,SettledInstallment,4835437943616027,BRL,,115.77,1,BRL,,0.00,3.18,,,,mccredit,Capture Request bookingId 114910,60,,,,,,,
TurbiBR,TurbiBRCOM,4635438269258008,114926 | 8496717 | 126448 | 31 | GDQ9684,mc,2018-12-03 10:36:56,BRST,SettledInstallment,4835438405619624,BRL,,60.33,1,BRL,,0.00,1.66,,,,mccredit,Capture Request bookingId 114926,60,,,,,,,
TurbiBR,TurbiBRCOM,1735437691235498,114903 | 8507627 | 126425 | 22 | FWL2173,mc,2018-12-02 21:31:47,BRST,SettledInstallment,4835437934625946,BRL,,255.88,1,BRL,,0.00,7.04,,,,mccredit,Capture Request bookingId 114903,60,,,,,,,
TurbiBR,TurbiBRCOM,4635437445719008,114856 | 8499619 | 126378 | 10 | FQR9974,mc,2018-12-03 10:19:35,BRST,RefundedInstallment,4735438395219477,BRL,88.79,,1,BRL,88.79,,,,,,mccredit,114856 | 8499619 | 126378 | 10 | FQR9974,60,,,,,,,
TurbiBR,TurbiBRCOM,1835438348016728,114930 | 8496984 | 126452 | 19 | FJG9824,mc,2018-12-03 11:36:54,BRST,SettledInstallment,4635438441636857,BRL,,30.00,1,BRL,,0.00,0.82,,,,mccredit,Capture Request bookingId 114930,60,,,,,,,
TurbiBR,TurbiBRCOM,1335438436338179,114935 | 8524059 | 126457 | 26 | GJJ0014,mc,2018-12-03 12:42:25,BRST,SettledInstallment,4635438480623345,BRL,,50.00,1,BRL,,0.00,1.38,,,,mccredit,Capture Request bookingId 114935,60,,,,,,,
TurbiBR,TurbiBRCOM,4635432686540502,114505 | 8505830 | 126028 | 29 | GKH1148,mc,2018-12-03 20:35:54,BRST,RefundedInstallment,1535438765039024,BRL,30.00,,1,BRL,30.00,,,,,,mccredit,Refund Request bookingId 114505,60,,,,,,,
TurbiBR,TurbiBRCOM,1735438681635416,113859 | 8497700 | 124383 | 16 | FVN6927,mc,2018-12-03 18:17:07,BRST,SettledInstallment,1835438681661387,BRL,,977.50,1,BRL,,0.00,26.88,,,,mccredit,Capture Request bookingId 113859,60,,,,,,,
TurbiBR,TurbiBRCOM,1635438377008911,114931 | 8522793 | 126453 | 66 | GHH6346,mc,2018-12-03 19:51:54,BRST,SettledInstallment,4635438738619210,BRL,,103.30,1,BRL,,0.00,2.84,,,,mccredit,Capture Request bookingId 114931,60,,,,,,,
TurbiBR,TurbiBRCOM,4625437558933091,114876 | 8500622 | 126398 | 37 | GHQ9495,mc,2018-12-02 21:06:58,BRST,SettledInstallment,4625437919613267,BRL,,98.44,1,BRL,,95.73,2.71,,,,mccredit,Capture Request bookingId 114876,60,,,,,,,
TurbiBR,TurbiBRCOM,4625436157007414,114722 | 8498634 | 126244 | 38 | GDT7856,mc,2018-12-03 01:31:47,BRST,SettledInstallment,4525438078620508,BRL,,365.65,1,BRL,,355.59,10.06,,,,mccredit,Capture Request bookingId 114722,60,,,,,,,
TurbiBR,TurbiBRCOM,1525435321801840,114660 | 8499540 | 126180 | 73 | FYM4531,mc,2018-12-02 23:06:44,BRST,SettledInstallment,4625437991627649,BRL,,396.64,1,BRL,,385.73,10.91,,,,mccredit,Capture Request bookingId 114660,60,,,,,,,
TurbiBR,TurbiBRCOM,4325438396571609,114933 | 8499678 | 126455 | 27 | GIE0915,mc,2018-12-03 13:13:19,BRST,SettledInstallment,4725438498610368,BRL,,102.99,1,BRL,,0.00,2.83,,,,mccredit,Capture Request bookingId 114933,60,,,,,,,
TurbiBR,TurbiBRCOM,1825438387058534,114932 | 8508063 | 126454 | 28 | GKE6583,mc,2018-12-03 18:12:08,BRST,SettledInstallment,1725438678629580,BRL,,90.07,1,BRL,,0.00,2.48,,,,mccredit,Capture Request bookingId 114932,60,,,,,,,
TurbiBR,TurbiBRCOM,1325430746993803,114359 | 8505586 | 125882 | 13 | FXH7648,mc,2018-12-03 13:45:35,BRST,RefundedInstallment,4825438518790520,BRL,72.03,,1,BRL,72.03,,,,,,mccredit,Refund Request bookingId 114359,60,,,,,,,
TurbiBR,TurbiBRCOM,4625437657013076,114898 | 8524060 | 126420 | 39 | FSQ3098,mc,2018-12-03 18:56:54,BRST,SettledInstallment,1625438705617419,BRL,,259.09,1,BRL,,0.00,7.12,,,,mccredit,Capture Request bookingId 114898,60,,,,,,,
TurbiBR,TurbiBRCOM,,,,2019-01-01 01:39:05,BRST,Balancetransfer,Balancetransfer,,,,,BRL,,1985.49,,,,,,Balancetransfer to batch 64,60,,,,,,,
