Company Account,Merchant Account,Psp Reference,Merchant Reference,Payment Method,Creation Date,TimeZone,Type,Modification Reference,Gross Currency,Gross Debit (GC),Gross Credit (GC),Exchange Rate,Net Currency,Net Debit (NC),Net Credit (NC),Commission (NC),Markup (NC),Scheme Fees (NC),Interchange (NC),Payment Method Variant,Modification Merchant Reference,Batch Number,Reserved4,Reserved5,Reserved6,Reserved7,Reserved8,Reserved9,Reserved10
TurbiBR,TurbiBRCOM,4735400875616002,Authorise Request bookingId 111768,visa,2018-10-24 09:10:06,BRT,RefundedInstallment,1735403829598181,BRL,30.00,,1,BRL,30.00,,,,,,visapremiumcredit,Refund Request bookingId 111768,19,,,,,,,
TurbiBR,TurbiBRCOM,4325404722205742,Authorise Request bookingId 111964,visa,2018-10-25 09:57:49,BRT,SettledInstallment,4725404722229540,BRL,,190.28,1,BRL,,185.05,5.23,,,,visastandardcredit,Capture Request  bookingId 111964,19,,,,,,,
TurbiBR,TurbiBRCOM,4625404890444088,Authorise Request bookingId 112012,visa,2018-10-25 14:38:24,BRT,SettledInstallment,4725404890442305,BRL,,30.00,1,BRL,,29.18,0.82,,,,visapremiumcredit,Capture Request  bookingId 112012,19,,,,,,,
TurbiBR,TurbiBRCOM,,"Payout Date=2018-11-26, Bank=341, Branch=8886, Account=253338",,2018-11-23 01:58:50,BRST,MerchantPayout,"TX23331175224XT batch 19, TurbiBRCOM batch 19, TurbiBRCOM",,,,,BRL,184.23,,,,,,,,19,,,,,,,
