Company Account,Merchant Account,Psp Reference,Merchant Reference,Payment Method,Creation Date,TimeZone,Type,Modification Reference,Gross Currency,Gross Debit (GC),Gross Credit (GC),Exchange Rate,Net Currency,Net Debit (NC),Net Credit (NC),Commission (NC),Markup (NC),Scheme Fees (NC),Interchange (NC),Payment Method Variant,Modification Merchant Reference,Batch Number,Reserved4,Reserved5,Reserved6,Reserved7,Reserved8,Reserved9,Reserved10
TurbiBR,TurbiBRCOM,4515409531815490,Authorise Request bookingId 112449,amex,2018-10-30 23:33:50,BRT,SettledInstallment,4715409531821710,BRL,,65.79,1,BRL,,63.98,1.81,,,,amex,Capture Request  bookingId 112449,26,,,,,,,
TurbiBR,TurbiBRCOM,1315430717706814,114350 | 8500638 | 125873 | 37 | GHQ9495,amex,2018-11-24 22:41:55,BRST,SettledInstallment,1715431064617345,BRL,,93.70,1,BRL,,91.12,2.58,,,,amex,Capture Request bookingId 114350,26,,,,,,,
TurbiBR,TurbiBRCOM,4315431532749405,114432 | 8500638 | 125955 | 10 | FQR9974,amex,2018-11-25 12:21:54,BRST,SettledInstallment,4515431556626297,BRL,,67.20,1,BRL,,65.35,1.85,,,,amex,Capture Request bookingId 114432,26,,,,,,,
TurbiBR,TurbiBRCOM,4315431532749405,114432 | 8500638 | 125955 | 10 | FQR9974,amex,2018-11-25 12:22:40,BRST,RefundedInstallment,1515431557118134,BRL,67.20,,1,BRL,67.20,,,,,,amex,Refund Request bookingId 114432,26,,,,,,,
TurbiBR,TurbiBRCOM,4315431564508638,114440 | 8500638 | 125963 | 3 | GFF2698,amex,2018-11-25 22:11:52,BRST,SettledInstallment,1715431910623760,BRL,,138.00,1,BRL,,134.20,3.80,,,,amex,Capture Request bookingId 114440,26,,,,,,,
TurbiBR,TurbiBRCOM,,"Payout Date=2018-12-03, Bank=341, Branch=8886, Account=253338",,2018-11-30 02:03:43,BRST,MerchantPayout,"TX23455576924XT batch 26, TurbiBRCOM batch 26, TurbiBRCOM",,,,,BRL,287.45,,,,,,,,26,,,,,,,
