Company Account,Merchant Account,Psp Reference,Merchant Reference,Payment Method,Creation Date,TimeZone,Type,Modification Reference,Gross Currency,Gross Debit (GC),Gross Credit (GC),Exchange Rate,Net Currency,Net Debit (NC),Net Credit (NC),Commission (NC),Markup (NC),Scheme Fees (NC),Interchange (NC),Payment Method Variant,Modification Merchant Reference,Batch Number,Reserved4,Reserved5,Reserved6,Reserved7,Reserved8,Reserved9,Reserved10
TurbiBR,TurbiBRCOM,1615434107137918,114571 | 8498260 | 126094 | 1 | GDC4895,amex,2018-11-28 14:46:51,BRST,SettledInstallment,1715434235618788,BRL,,58.32,1,BRL,,0.00,1.60,,,,amex,Capture Request bookingId 114571,59,,,,,,,
TurbiBR,TurbiBRCOM,4515433993792914,114562 | 8496857 | 126085 | 31 | GDQ9684,amex,2018-11-28 16:46:51,BRST,SettledInstallment,1515434307603819,BRL,,78.84,1,BRL,,0.00,2.17,,,,amex,Capture Request bookingId 114562,59,,,,,,,
TurbiBR,TurbiBRCOM,1715424213827824,Authorise Request bookingId 113799,amex,2018-11-29 14:56:01,BRST,RefundedInstallment,1615435105043610,BRL,100.00,,1,BRL,100.00,,,,,,amex,Authorise Request bookingId 113799,59,,,,,,,
TurbiBR,TurbiBRCOM,4515425078087319,Authorise Request bookingId 113799,amex,2018-11-29 14:56:46,BRST,RefundedInstallment,1815435105513990,BRL,100.00,,1,BRL,100.00,,,,,,amex,Authorise Request bookingId 113799,59,,,,,,,
TurbiBR,TurbiBRCOM,4715427238126274,Authorise Request bookingId 113799,amex,2018-11-29 14:58:33,BRST,RefundedInstallment,1615435106561123,BRL,100.00,,1,BRL,100.00,,,,,,amex,Authorise Request bookingId 113799,59,,,,,,,
TurbiBR,TurbiBRCOM,1515426806075788,Authorise Request bookingId 113799,amex,2018-11-29 15:04:21,BRST,RefundedInstallment,1615435110134297,BRL,44.27,,1,BRL,44.27,,,,,,amex,Authorise Request bookingId 113799,59,,,,,,,
TurbiBR,TurbiBRCOM,1315425941962480,Authorise Request bookingId 113799,amex,2018-11-29 14:57:47,BRST,RefundedInstallment,1315435106141598,BRL,100.00,,1,BRL,100.00,,,,,,amex,Authorise Request bookingId 113799,59,,,,,,,
TurbiBR,TurbiBRCOM,1715426373977984,Authorise Request bookingId 113799,amex,2018-11-29 14:58:04,BRST,RefundedInstallment,1315435106379792,BRL,100.00,,1,BRL,100.00,,,,,,amex,Authorise Request bookingId 113799,59,,,,,,,
TurbiBR,TurbiBRCOM,1615426993467854,Authorise Request bookingId 114059,amex,2018-11-29 12:45:26,BRST,RefundedInstallment,1815435026687105,BRL,180.05,,1,BRL,180.05,,,,,,amex,Refund Request bookingId 114059,59,,,,,,,
TurbiBR,TurbiBRCOM,4515434844593345,114617 | 8496857 | 126137 | 5 | FSN3833,amex,2018-11-29 16:06:58,BRST,SettledInstallment,1315435147615717,BRL,,145.71,1,BRL,,0.00,4.01,,,,amex,Capture Request bookingId 114617,59,,,,,,,
TurbiBR,TurbiBRCOM,4715425509966154,Authorise Request bookingId 113799,amex,2018-11-29 14:57:32,BRST,RefundedInstallment,1515435105930866,BRL,100.00,,1,BRL,100.00,,,,,,amex,Authorise Request bookingId 113799,59,,,,,,,
TurbiBR,TurbiBRCOM,4515434871654267,114622 | 8524843 | 126142 | 61 | GCE7705,amex,2018-11-29 19:26:45,BRST,SettledInstallment,1315435267603410,BRL,,94.50,1,BRL,,0.00,2.60,,,,amex,Capture Request bookingId 114622,59,,,,,,,
TurbiBR,TurbiBRCOM,4315434857017093,114619 | 8510029 | 126139 | 53 | GGQ1493,amex,2018-11-29 16:21:48,BRST,SettledInstallment,1815435156605166,BRL,,104.15,1,BRL,,0.00,2.86,,,,amex,Capture Request bookingId 114619,59,,,,,,,
TurbiBR,TurbiBRCOM,1315423773321701,Authorise Request bookingId 113799,amex,2018-11-29 14:55:33,BRST,RefundedInstallment,1815435104857554,BRL,400.00,,1,BRL,400.00,,,,,,amex,Authorise Request bookingId 113799,59,,,,,,,
TurbiBR,TurbiBRCOM,1715424646069804,Authorise Request bookingId 113799,amex,2018-11-29 14:56:17,BRST,RefundedInstallment,1315435105236274,BRL,100.00,,1,BRL,100.00,,,,,,amex,Authorise Request bookingId 113799,59,,,,,,,
TurbiBR,TurbiBRCOM,1815453969987945,116363 | 8500638 | 127884 | 49 | GDG8981,amex,2018-12-22 00:22:55,BRST,SettledInstallment,4715454453207902,BRL,,115.07,1,BRL,,111.91,3.16,,,,amex,Capture Request bookingId 116363,59,,,,,,,
TurbiBR,TurbiBRCOM,1615452145534128,116168 | 8500638 | 127689 | 63 | FMZ7695,amex,2018-12-19 23:12:44,BRST,SettledInstallment,1815452683216342,BRL,,57.98,1,BRL,,56.39,1.59,,,,amex,Capture Request bookingId 116168,59,,,,,,,
TurbiBR,TurbiBRCOM,1315453082684796,116256 | 8500638 | 127777 | 63 | FMZ7695,amex,2018-12-20 22:42:49,BRST,SettledInstallment,4715453529215337,BRL,,130.35,1,BRL,,126.77,3.58,,,,amex,Capture Request bookingId 116256,59,,,,,,,
TurbiBR,TurbiBRCOM,1715435445600979,114668 | 8509014 | 126188 | 53 | GGQ1493,amex,2018-11-30 02:07:15,BRST,SettledInstallment,4615435507615878,BRL,,30.00,1,BRL,,0.00,0.82,,,,amex,Capture Request bookingId 114668,59,,,,,,,
TurbiBR,TurbiBRCOM,4815434888027678,114625 | 8502437 | 126145 | 52 | FKC3114,amex,2018-11-29 23:11:43,BRST,SettledInstallment,1815435402600060,BRL,,123.53,1,BRL,,0.00,3.40,,,,amex,Capture Request bookingId 114625,59,,,,,,,
TurbiBR,TurbiBRCOM,,,,2018-12-28 02:52:44,BRST,Balancetransfer,Balancetransfer,,,,,BRL,,1029.25,,,,,,Balancetransfer to batch 63,59,,,,,,,
