Company Account,Merchant Account,Psp Reference,Merchant Reference,Payment Method,Creation Date,TimeZone,Type,Modification Reference,Gross Currency,Gross Debit (GC),Gross Credit (GC),Exchange Rate,Net Currency,Net Debit (NC),Net Credit (NC),Commission (NC),Markup (NC),Scheme Fees (NC),Interchange (NC),Payment Method Variant,Modification Merchant Reference,Batch Number,Reserved4,Reserved5,Reserved6,Reserved7,Reserved8,Reserved9,Reserved10
TurbiBR,TurbiBRCOM,,,,2019-01-04 02:40:21,BRST,Balancetransfer,Balancetransfer,,,,,BRL,1311.84,,,,,,,Balancetransfer from batch 64,70,,,,,,,
TurbiBR,TurbiBRCOM,4815441160718957,115131 | 8499061 | 126653 | 3 | GFF2698,mc,2018-12-06 22:03:07,BRST,SettledInstallment,1715441409222446,BRL,,131.07,1,BRL,,0.00,3.60,,,,mccredit,Capture Request bookingId 115131,70,,,,,,,
TurbiBR,TurbiBRCOM,4615441389290756,115167 | 8526047 | 126689 | 22 | FWL2173,mc,2018-12-07 02:37:53,BRST,SettledInstallment,1715441574203015,BRL,,53.14,1,BRL,,0.00,1.46,,,,mccredit,Capture Request bookingId 115167,70,,,,,,,
TurbiBR,TurbiBRCOM,4315441766391956,115175 | 8524218 | 126697 | 10 | FQR9974,mc,2018-12-07 08:37:58,BRST,SettledInstallment,4315441790216807,BRL,,30.00,1,BRL,,29.18,0.82,,,,mccredit,Capture Request bookingId 115175,70,,,,,,,
TurbiBR,TurbiBRCOM,4315441225985018,115141 | 8497700 | 126663 | 30 | FZV7646,mc,2018-12-07 09:57:51,BRST,SettledInstallment,4815441838218778,BRL,,95.26,1,BRL,,0.00,2.62,,,,mccredit,Capture Request bookingId 115141,70,,,,,,,
TurbiBR,TurbiBRCOM,1515441792729645,115177 | 8524218 | 126699 | 10 | FQR9974,mc,2018-12-07 10:17:56,BRST,SettledInstallment,4715441850215521,BRL,,30.00,1,BRL,,0.00,0.82,,,,mccredit,Capture Request bookingId 115177,70,,,,,,,
TurbiBR,TurbiBRCOM,4815441321441770,115158 | 8150 | 126680 | 70 | FJV8602,mc,2018-12-07 16:08:18,BRST,RefundedInstallment,4615442060454455,BRL,30.00,,1,BRL,30.00,,,,,,mccredit,Refund Request bookingId 115158,70,,,,,,,
TurbiBR,TurbiBRCOM,4515441944724274,115199 | 8522709 | 126721 | 61 | GCE7705,mc,2018-12-07 12:57:55,BRST,SettledInstallment,4615441946207582,BRL,,30.00,1,BRL,,0.00,0.82,,,,mccredit,Capture Request bookingId 115199,70,,,,,,,
TurbiBR,TurbiBRCOM,4615439518947072,115001 | 8524059 | 126523 | 24 | FPI7484,mc,2018-12-07 16:06:18,BRST,RefundedInstallment,1315442059190531,BRL,50.00,,1,BRL,50.00,,,,,,mccredit,Refund Request bookingId 115001,70,,,,,,,
TurbiBR,TurbiBRCOM,4515441833763128,115184 | 8504875 | 126706 | 31 | GDQ9684,mc,2018-12-07 15:22:49,BRST,SettledInstallment,4615442033215132,BRL,,111.07,1,BRL,,0.00,3.05,,,,mccredit,Capture Request bookingId 115184,70,,,,,,,
TurbiBR,TurbiBRCOM,4315440242316967,115050 | 8150 | 126572 | 46 | FZP6949,mc,2018-12-07 16:09:04,BRST,RefundedInstallment,4515442061016965,BRL,30.00,,1,BRL,30.00,,,,,,mccredit,Refund Request bookingId 115050,70,,,,,,,
TurbiBR,TurbiBRCOM,4315440131277601,115039 | 8526130 | 126561 | 28 | GKE6583,mc,2018-12-07 16:48:02,BRST,SettledInstallment,1615442084203314,BRL,,239.46,1,BRL,,0.00,6.59,,,,mccredit,Capture Request bookingId 115039,70,,,,,,,
TurbiBR,TurbiBRCOM,4815441370997540,115165 | 8520831 | 126687 | 53 | GGQ1493,mc,2018-12-06 23:53:01,BRST,SettledInstallment,4615441475213548,BRL,,49.61,1,BRL,,0.00,1.36,,,,mccredit,Capture Request bookingId 115165,70,,,,,,,
TurbiBR,TurbiBRCOM,1815438754962435,114959 | 8150 | 126481 | 46 | FZP6949,mc,2018-12-07 16:09:33,BRST,RefundedInstallment,4315442061126998,BRL,121.06,,1,BRL,121.06,,,,,,mccredit,Refund Request bookingId 114959,70,,,,,,,
TurbiBR,TurbiBRCOM,4815440902833660,115088 | 8506954 | 126610 | 58 | GIV7241,mc,2018-12-06 22:57:47,BRST,SettledInstallment,1715441442219193,BRL,,51.10,1,BRL,,0.00,1.41,,,,mccredit,Capture Request bookingId 115088,70,,,,,,,
TurbiBR,TurbiBRCOM,4645441068606474,115114 | 8503146 | 126636 | 42 | GCE5762,mc,2018-12-06 21:02:59,BRST,SettledInstallment,1345441373219269,BRL,,52.00,1,BRL,,0.00,1.43,,,,mccredit,Capture Request bookingId 115114,70,,,,,,,
TurbiBR,TurbiBRCOM,4845441243520291,115143 | 8498634 | 126665 | 68 | GFT7592,mc,2018-12-06 23:17:55,BRST,SettledInstallment,1745441454216222,BRL,,68.83,1,BRL,,0.00,1.89,,,,mccredit,Capture Request bookingId 115143,70,,,,,,,
TurbiBR,TurbiBRCOM,4745441083955756,115117 | 8496094 | 126639 | 18 | FKD0105,mc,2018-12-06 23:38:06,BRST,SettledInstallment,4745441466218012,BRL,,52.03,1,BRL,,0.00,1.43,,,,mccredit,Capture Request bookingId 115117,70,,,,,,,
TurbiBR,TurbiBRCOM,4545441270740575,115152 | 8525057 | 126674 | 49 | GDG8981,mc,2018-12-06 22:02:53,BRST,SettledInstallment,4545441409216786,BRL,,11.84,1,BRL,,0.00,0.33,,,,mccredit,Capture Request bookingId 115152,70,,,,,,,
TurbiBR,TurbiBRCOM,4545441215633547,115140 | 8526605 | 126662 | 39 | FSQ3098,mc,2018-12-06 22:47:56,BRST,SettledInstallment,1345441436206469,BRL,,114.85,1,BRL,,0.00,3.16,,,,mccredit,Capture Request bookingId 115140,70,,,,,,,
TurbiBR,TurbiBRCOM,1345441267818267,115151 | 8526126 | 126673 | 46 | FZP6949,mc,2018-12-06 21:17:51,BRST,SettledInstallment,4345441382225038,BRL,,13.55,1,BRL,,0.00,0.37,,,,mccredit,Capture Request bookingId 115151,70,,,,,,,
TurbiBR,TurbiBRCOM,1745441798480666,115179 | 8500600 | 126701 | 36 | GFN9743,mc,2018-12-07 11:08:07,BRST,SettledInstallment,1345441880351993,BRL,,30.00,1,BRL,,29.18,0.82,,,,mccredit,Capture Request bookingId 115179,70,,,,,,,
TurbiBR,TurbiBRCOM,4645441415667203,115168 | 8816 | 126690 | 27 | GIE0915,mc,2018-12-07 00:22:54,BRST,SettledInstallment,1345441493217441,BRL,,39.10,1,BRL,,0.00,1.08,,,,mccredit,Capture Request bookingId 115168,70,,,,,,,
TurbiBR,TurbiBRCOM,4345441863912021,115186 | 8526751 | 126708 | 49 | GDG8981,mc,2018-12-07 11:22:48,BRST,SettledInstallment,1345441889217518,BRL,,30.00,1,BRL,,29.18,0.82,,,,mccredit,Capture Request bookingId 115186,70,,,,,,,
TurbiBR,TurbiBRCOM,1745441348868436,115163 | 8525475 | 126685 | 40 | FJC0776,mc,2018-12-07 00:47:51,BRST,SettledInstallment,1745441508217440,BRL,,29.80,1,BRL,,0.00,0.82,,,,mccredit,Capture Request bookingId 115163,70,,,,,,,
TurbiBR,TurbiBRCOM,1345441803439511,115181 | 8513345 | 126703 | 55 | FKS8658,mc,2018-12-07 14:27:59,BRST,SettledInstallment,1845442000200248,BRL,,49.21,1,BRL,,47.86,1.35,,,,mccredit,Capture Request bookingId 115181,70,,,,,,,
TurbiBR,TurbiBRCOM,1745441556930548,115171 | 8522613 | 126693 | 44 | FOM1229,mc,2018-12-07 02:18:15,BRST,RefundedInstallment,1345441562506799,BRL,30.00,,1,BRL,30.00,,,,,,mccredit,Refund Request bookingId 115171,70,,,,,,,
TurbiBR,TurbiBRCOM,1745438448965450,114937 | 8150 | 126459 | 5 | FSN3833,mc,2018-12-07 16:11:14,BRST,RefundedInstallment,4845442062161969,BRL,50.00,,1,BRL,50.00,,,,,,mccredit,Refund Request bookingId 114937,70,,,,,,,
TurbiBR,TurbiBRCOM,1645441981993047,115200 | 8510027 | 126722 | 61 | GCE7705,mc,2018-12-07 14:57:57,BRST,SettledInstallment,1645442018211528,BRL,,30.00,1,BRL,,29.18,0.82,,,,mccredit,Capture Request bookingId 115200,70,,,,,,,
TurbiBR,TurbiBRCOM,4645438625641440,114946 | 8150 | 126468 | 33 | FYM1511,mc,2018-12-07 16:10:58,BRST,RefundedInstallment,4545442062032809,BRL,30.00,,1,BRL,30.00,,,,,,mccredit,Refund Request bookingId 114946,70,,,,,,,
TurbiBR,TurbiBRCOM,1645440078567748,115032 | 8497576 | 126554 | 24 | FPI7484,mc,2018-12-07 18:05:01,BRST,RefundedInstallment,4845442130532910,BRL,50.00,,1,BRL,50.00,,,,,,mccredit,Refund Request bookingId 115032,70,,,,,,,
TurbiBR,TurbiBRCOM,1545442018497235,115204 | 8496579 | 126726 | 37 | GHQ9495,mc,2018-12-07 18:13:02,BRST,SettledInstallment,1545442135213309,BRL,,30.00,1,BRL,,29.18,0.82,,,,mccredit,Capture Request bookingId 115204,70,,,,,,,
TurbiBR,TurbiBRCOM,1745441556930548,115171 | 8522613 | 126693 | 44 | FOM1229,mc,2018-12-07 02:17:44,BRST,SettledInstallment,1645441562223939,BRL,,30.00,1,BRL,,0.00,0.82,,,,mccredit,Capture Request bookingId 115171,70,,,,,,,
TurbiBR,TurbiBRCOM,4345441863912021,115186 | 8526751 | 126708 | 49 | GDG8981,mc,2018-12-07 11:23:03,BRST,RefundedInstallment,4345441889325596,BRL,30.00,,1,BRL,30.00,,,,,,mccredit,Refund Request bookingId 115186,70,,,,,,,
TurbiBR,TurbiBRCOM,4735440160749753,115045 | 8526483 | 126567 | 19 | FJG9824,mc,2018-12-07 12:38:06,BRST,SettledInstallment,4635441934216203,BRL,,219.63,1,BRL,,213.59,6.04,,,,mccredit,Capture Request bookingId 115045,70,,,,,,,
TurbiBR,TurbiBRCOM,4335441848767922,115185 | 8524724 | 126707 | 29 | GKH1148,mc,2018-12-07 12:48:03,BRST,SettledInstallment,1735441940216838,BRL,,33.04,1,BRL,,32.13,0.91,,,,mccredit,Capture Request bookingId 115185,70,,,,,,,
TurbiBR,TurbiBRCOM,4335440092298832,115034 | 8505631 | 126556 | 63 | FMZ7695,mc,2018-12-07 13:38:11,BRST,SettledInstallment,1735441970219835,BRL,,321.81,1,BRL,,312.96,8.85,,,,mccredit,Capture Request bookingId 115034,70,,,,,,,
TurbiBR,TurbiBRCOM,1535441339984956,115161 | 8522613 | 126683 | 44 | FOM1229,mc,2018-12-07 02:02:47,BRST,SettledInstallment,1635441553215011,BRL,,30.33,1,BRL,,29.50,0.83,,,,mccredit,Capture Request bookingId 115161,70,,,,,,,
TurbiBR,TurbiBRCOM,4635441744651250,115174 | 8522709 | 126696 | 61 | GCE7705,mc,2018-12-07 12:52:56,BRST,SettledInstallment,1835441943203428,BRL,,48.63,1,BRL,,47.29,1.34,,,,mccredit,Capture Request bookingId 115174,70,,,,,,,
TurbiBR,TurbiBRCOM,4835441383293404,115166 | 8150 | 126688 | 66 | GHH6346,mc,2018-12-07 10:12:49,BRST,SettledInstallment,1335441847218238,BRL,,105.87,1,BRL,,102.96,2.91,,,,mccredit,Capture Request bookingId 115166,70,,,,,,,
TurbiBR,TurbiBRCOM,1335438436338179,114935 | 8524059 | 126457 | 26 | GJJ0014,mc,2018-12-07 16:07:35,BRST,RefundedInstallment,1735442059290549,BRL,50.00,,1,BRL,50.00,,,,,,mccredit,Refund Request bookingId 114935,70,,,,,,,
TurbiBR,TurbiBRCOM,1335441013806162,115100 | 8150 | 126622 | 70 | FJV8602,mc,2018-12-07 16:10:39,BRST,RefundedInstallment,4335442060907675,BRL,30.00,,1,BRL,30.00,,,,,,mccredit,Refund Request bookingId 115100,70,,,,,,,
TurbiBR,TurbiBRCOM,4835441204203079,115138 | 8150 | 126660 | 34 | GAK2624,mc,2018-12-07 16:10:09,BRST,RefundedInstallment,4735442060644241,BRL,30.00,,1,BRL,30.00,,,,,,mccredit,Refund Request bookingId 115138,70,,,,,,,
TurbiBR,TurbiBRCOM,4535441253071107,115148 | 8506369 | 126670 | 31 | GDQ9684,mc,2018-12-07 00:22:42,BRST,SettledInstallment,4835441493214498,BRL,,74.71,1,BRL,,72.66,2.05,,,,mccredit,Capture Request bookingId 115148,70,,,,,,,
TurbiBR,TurbiBRCOM,1335441890314702,115192 | 8526751 | 126714 | 49 | GDG8981,mc,2018-12-07 16:46:55,BRST,SettledInstallment,4635442081206229,BRL,,70.18,1,BRL,,68.25,1.93,,,,mccredit,Capture Request bookingId 115192,70,,,,,,,
TurbiBR,TurbiBRCOM,4735441870265114,115187 | 8526832 | 126709 | 72 | FWG4577,mc,2018-12-07 18:03:12,BRST,SettledInstallment,1635442129211351,BRL,,79.23,1,BRL,,77.05,2.18,,,,mccredit,Capture Request bookingId 115187,70,,,,,,,
TurbiBR,TurbiBRCOM,4835441383293404,115166 | 8150 | 126688 | 66 | GHH6346,mc,2018-12-07 16:09:40,BRST,RefundedInstallment,4735442060388310,BRL,105.87,,1,BRL,105.87,,,,,,mccredit,Refund Request bookingId 115166,70,,,,,,,
TurbiBR,TurbiBRCOM,4525442003531681,115203 | 8150 | 126725 | 71 | GEJ2081,mc,2018-12-07 14:38:05,BRST,SettledInstallment,4625442006207932,BRL,,21.00,1,BRL,,20.42,0.58,,,,mccredit,Capture Request bookingId 115203,70,,,,,,,
TurbiBR,TurbiBRCOM,4325441796572482,115178 | 8496889 | 126700 | 20 | FUD3683,mc,2018-12-07 13:42:59,BRST,SettledInstallment,1525441973214241,BRL,,62.52,1,BRL,,60.80,1.72,,,,mccredit,Capture Request bookingId 115178,70,,,,,,,
TurbiBR,TurbiBRCOM,4325441045192330,115111 | 8525827 | 126633 | 57 | FXD8307,mc,2018-12-06 22:22:57,BRST,SettledInstallment,1725441421214601,BRL,,90.88,1,BRL,,0.00,2.50,,,,mccredit,Capture Request bookingId 115111,70,,,,,,,
TurbiBR,TurbiBRCOM,4825441877414948,115189 | 8526777 | 126711 | 10 | FQR9974,mc,2018-12-07 15:58:14,BRST,SettledInstallment,4325442054221119,BRL,,45.93,1,BRL,,44.67,1.26,,,,mccredit,Capture Request bookingId 115189,70,,,,,,,
TurbiBR,TurbiBRCOM,1625440141040370,115042 | 8524059 | 126564 | 2 | FXT8846,mc,2018-12-07 16:03:53,BRST,SettledInstallment,4725442057215270,BRL,,405.65,1,BRL,,394.49,11.16,,,,mccredit,Capture Request bookingId 115042,70,,,,,,,
TurbiBR,TurbiBRCOM,4825441205444914,115139 | 8150 | 126661 | 34 | GAK2624,mc,2018-12-07 16:10:29,BRST,RefundedInstallment,4325442060523326,BRL,30.00,,1,BRL,30.00,,,,,,mccredit,Refund Request bookingId 115139,70,,,,,,,
TurbiBR,TurbiBRCOM,1525441924588115,115196 | 8506985 | 126718 | 16 | FVN6927,mc,2018-12-07 18:13:02,BRST,SettledInstallment,4725442135213784,BRL,,64.91,1,BRL,,63.13,1.78,,,,mccredit,Capture Request bookingId 115196,70,,,,,,,
TurbiBR,TurbiBRCOM,4525435666399784,114670 | 8496827 | 126190 | 16 | FVN6927,mc,2018-12-07 18:21:47,BRST,RefundedInstallment,1825442140462827,BRL,173.83,,1,BRL,173.83,,,,,,mccredit,Refund Request bookingId 114670,70,,,,,,,
TurbiBR,TurbiBRCOM,1525442000933811,115202 | 8525021 | 126724 | 36 | GFN9743,mc,2018-12-07 18:47:59,BRST,SettledInstallment,1725442156211259,BRL,,22.16,1,BRL,,21.55,0.61,,,,mccredit,Capture Request bookingId 115202,70,,,,,,,
TurbiBR,TurbiBRCOM,4325441992929239,115201 | 8506517 | 126723 | 34 | GAK2624,mc,2018-12-07 17:17:56,BRST,SettledInstallment,4325442102207276,BRL,,36.13,1,BRL,,35.14,0.99,,,,mccredit,Capture Request bookingId 115201,70,,,,,,,
TurbiBR,TurbiBRCOM,4525441333526932,115160 | 8504443 | 126682 | 8 | GCE1566,mc,2018-12-06 22:37:51,BRST,SettledInstallment,1725441430225127,BRL,,38.75,1,BRL,,0.00,1.07,,,,mccredit,Capture Request bookingId 115160,70,,,,,,,
TurbiBR,TurbiBRCOM,1825441907718348,115194 | 8507375 | 126716 | 73 | FYM4531,mc,2018-12-07 19:47:49,BRST,SettledInstallment,1625442192222469,BRL,,84.60,1,BRL,,82.27,2.33,,,,mccredit,Capture Request bookingId 115194,70,,,,,,,
TurbiBR,TurbiBRCOM,4325442110115487,115207 | 8526130 | 126729 | 27 | GIE0915,mc,2018-12-07 20:47:50,BRST,SettledInstallment,1525442228216981,BRL,,118.03,1,BRL,,114.78,3.25,,,,mccredit,Capture Request bookingId 115207,70,,,,,,,
TurbiBR,TurbiBRCOM,1725441192787850,115136 | 8498012 | 126658 | 13 | FXH7648,mc,2018-12-06 22:27:49,BRST,SettledInstallment,4825441424212902,BRL,,53.41,1,BRL,,0.00,1.47,,,,mccredit,Capture Request bookingId 115136,70,,,,,,,
TurbiBR,TurbiBRCOM,4725441801376685,115180 | 8496996 | 126702 | 37 | GHQ9495,mc,2018-12-07 12:27:57,BRST,SettledInstallment,4625441928213648,BRL,,35.91,1,BRL,,34.92,0.99,,,,mccredit,Capture Request bookingId 115180,70,,,,,,,
TurbiBR,TurbiBRCOM,4525442003531681,115203 | 8150 | 126725 | 71 | GEJ2081,mc,2018-12-07 16:10:07,BRST,RefundedInstallment,4325442060303901,BRL,21.00,,1,BRL,21.00,,,,,,mccredit,Refund Request bookingId 115203,70,,,,,,,
TurbiBR,TurbiBRCOM,1625440141040370,115042 | 8524059 | 126564 | 2 | FXT8846,mc,2018-12-07 16:07:09,BRST,RefundedInstallment,4525442058745004,BRL,405.65,,1,BRL,405.65,,,,,,mccredit,Refund Request bookingId 115042,70,,,,,,,
TurbiBR,TurbiBRCOM,1545442537616265,115233 | 8541 | 126755 | 30 | FZV7646,mc,2018-12-08 18:02:55,BRST,SettledInstallment,4345442993211003,BRL,,220.18,1,BRL,,0.00,6.06,,,,mccredit,Capture Request bookingId 115233,70,,,,,,,
TurbiBR,TurbiBRCOM,1545442573689044,115236 | 8501224 | 126758 | 9 | GEK9026,mc,2018-12-08 13:52:57,BRST,SettledInstallment,4745442843217701,BRL,,107.85,1,BRL,,0.00,2.97,,,,mccredit,Capture Request bookingId 115236,70,,,,,,,
TurbiBR,TurbiBRCOM,4745442745196524,115277 | 8150 | 126799 | 33 | FYM1511,mc,2018-12-08 11:57:59,BRST,SettledInstallment,4845442774212142,BRL,,30.00,1,BRL,,0.00,0.82,,,,mccredit,Capture Request bookingId 115277,70,,,,,,,
TurbiBR,TurbiBRCOM,4645430603714190,114324 | 8496827 | 125847 | 52 | FKC3114,mc,2018-12-08 19:58:13,BRST,RefundedInstallment,4745443062496695,BRL,230.77,,1,BRL,230.77,,,,,,mccredit,114324 | 8496827 | 125847 | 52 | FKC3114,70,,,,,,,
TurbiBR,TurbiBRCOM,1745442962096189,115321 | 8498990 | 126843 | 26 | GJJ0014,mc,2018-12-08 20:22:54,BRST,SettledInstallment,4745443077213747,BRL,,51.46,1,BRL,,0.00,1.42,,,,mccredit,Capture Request bookingId 115321,70,,,,,,,
TurbiBR,TurbiBRCOM,1345442582009913,115239 | 8497350 | 126761 | 25 | GJA7687,mc,2018-12-08 20:47:49,BRST,SettledInstallment,4345443092214310,BRL,,223.02,1,BRL,,0.00,6.13,,,,mccredit,Capture Request bookingId 115239,70,,,,,,,
TurbiBR,TurbiBRCOM,1545442756261942,115280 | 8510185 | 126802 | 40 | FJC0776,mc,2018-12-08 12:07:56,BRST,SettledInstallment,4845442780209934,BRL,,30.00,1,BRL,,0.00,0.82,,,,mccredit,Capture Request bookingId 115280,70,,,,,,,
TurbiBR,TurbiBRCOM,1645442847314253,115296 | 8521899 | 126818 | 65 | GCU7445,mc,2018-12-08 18:42:46,BRST,SettledInstallment,4345443017213926,BRL,,45.04,1,BRL,,0.00,1.24,,,,mccredit,Capture Request bookingId 115296,70,,,,,,,
TurbiBR,TurbiBRCOM,4745442257668936,115229 | 8621 | 126751 | 37 | GHQ9495,mc,2018-12-08 08:58:37,BRST,SettledInstallment,1645442666219112,BRL,,114.34,1,BRL,,0.00,3.14,,,,mccredit,Capture Request bookingId 115229,70,,,,,,,
TurbiBR,TurbiBRCOM,1745442719139837,115272 | 8526894 | 126794 | 45 | GHS1618,mc,2018-12-08 14:32:55,BRST,SettledInstallment,4345442867204712,BRL,,42.59,1,BRL,,0.00,1.17,,,,mccredit,Capture Request bookingId 115272,70,,,,,,,
TurbiBR,TurbiBRCOM,1745442595252472,115240 | 8496237 | 126762 | 33 | FYM1511,mc,2018-12-08 11:07:58,BRST,SettledInstallment,1645442744206008,BRL,,44.19,1,BRL,,0.00,1.22,,,,mccredit,Capture Request bookingId 115240,70,,,,,,,
TurbiBR,TurbiBRCOM,4845442559407966,115234 | 8501831 | 126756 | 2 | FXT8846,mc,2018-12-08 06:02:56,BRST,SettledInstallment,4545442561200444,BRL,,50.00,1,BRL,,0.00,1.38,,,,mccredit,Capture Request bookingId 115234,70,,,,,,,
TurbiBR,TurbiBRCOM,4845436940869330,114836 | 8500132 | 126358 | 69 | GJT1128,mc,2018-12-07 23:43:01,BRST,RefundedInstallment,4345442333311463,BRL,34.61,,1,BRL,34.61,,,,,,mccredit,114836 | 8500132 | 126358 | 69 | GJT1128,70,,,,,,,
TurbiBR,TurbiBRCOM,4845442559407966,115234 | 8501831 | 126756 | 2 | FXT8846,mc,2018-12-08 07:49:56,BRST,RefundedInstallment,4845442625488198,BRL,50.00,,1,BRL,50.00,,,,,,mccredit,Refund Request bookingId 115234,70,,,,,,,
TurbiBR,TurbiBRCOM,4515442228535980,115226 | 8523484 | 126748 | 56 | GCB5654,mc,2018-12-07 21:29:26,BRST,RefundedInstallment,1715442253213531,BRL,21.00,,1,BRL,21.00,,,,,,mccredit,Refund Request bookingId 115226,70,,,,,,,
TurbiBR,TurbiBRCOM,1515442249160343,115228 | 8523484 | 126750 | 56 | GCB5654,mc,2018-12-08 01:12:52,BRST,SettledInstallment,1815442387215104,BRL,,56.13,1,BRL,,0.00,1.54,,,,mccredit,Capture Request bookingId 115228,70,,,,,,,
TurbiBR,TurbiBRCOM,4315442134919239,115211 | 8526878 | 126733 | 17 | GGF3956,mc,2018-12-07 23:32:47,BRST,SettledInstallment,4815442327210813,BRL,,70.70,1,BRL,,0.00,1.94,,,,mccredit,Capture Request bookingId 115211,70,,,,,,,
TurbiBR,TurbiBRCOM,1515442260859724,115231 | 8501831 | 126753 | 2 | FXT8846,mc,2018-12-08 05:57:45,BRST,SettledInstallment,4715442558208750,BRL,,145.77,1,BRL,,0.00,4.01,,,,mccredit,Capture Request bookingId 115231,70,,,,,,,
TurbiBR,TurbiBRCOM,1515442326207249,115232 | 8502083 | 126754 | 68 | GFT7592,mc,2018-12-08 05:57:45,BRST,SettledInstallment,4615442558208884,BRL,,57.41,1,BRL,,0.00,1.58,,,,mccredit,Capture Request bookingId 115232,70,,,,,,,
TurbiBR,TurbiBRCOM,4515441944724274,115199 | 8522709 | 126721 | 61 | GCE7705,mc,2018-12-08 01:13:39,BRST,RefundedInstallment,4615442387765740,BRL,30.00,,1,BRL,30.00,,,,,,mccredit,Refund Request bookingId 115199,70,,,,,,,
TurbiBR,TurbiBRCOM,4315442202871437,115223 | 8525784 | 126745 | 38 | GDT7856,mc,2018-12-08 09:32:47,BRST,SettledInstallment,4815442687205700,BRL,,89.44,1,BRL,,0.00,2.46,,,,mccredit,Capture Request bookingId 115223,70,,,,,,,
TurbiBR,TurbiBRCOM,1715442836502566,115294 | 8150 | 126816 | 8 | GCE1566,mc,2018-12-08 14:17:55,BRST,SettledInstallment,1815442858217126,BRL,,100.00,1,BRL,,0.00,2.75,,,,mccredit,Capture Request bookingId 115294,70,,,,,,,
TurbiBR,TurbiBRCOM,1315442617761062,115245 | 8496062 | 126767 | 10 | FQR9974,mc,2018-12-08 16:47:51,BRST,SettledInstallment,4315442948218331,BRL,,259.12,1,BRL,,0.00,7.13,,,,mccredit,Capture Request bookingId 115245,70,,,,,,,
TurbiBR,TurbiBRCOM,4315442112927428,115209 | 8526844 | 126731 | 3 | GFF2698,mc,2018-12-08 17:37:52,BRST,SettledInstallment,1715442978215274,BRL,,386.27,1,BRL,,0.00,10.62,,,,mccredit,Capture Request bookingId 115209,70,,,,,,,
TurbiBR,TurbiBRCOM,1815442674663321,115260 | 8505830 | 126782 | 62 | GJR9212,mc,2018-12-08 18:32:42,BRST,SettledInstallment,4515443011201012,BRL,,83.37,1,BRL,,0.00,2.29,,,,mccredit,Capture Request bookingId 115260,70,,,,,,,
TurbiBR,TurbiBRCOM,1715442597506699,115241 | 8525582 | 126763 | 56 | GCB5654,mc,2018-12-08 18:42:45,BRST,SettledInstallment,4715443017217739,BRL,,199.10,1,BRL,,0.00,5.48,,,,mccredit,Capture Request bookingId 115241,70,,,,,,,
TurbiBR,TurbiBRCOM,4515442682286617,115261 | 8526923 | 126783 | 40 | FJC0776,mc,2018-12-08 11:03:26,BRST,SettledInstallment,4515442741206515,BRL,,30.00,1,BRL,,0.00,0.82,,,,mccredit,Capture Request bookingId 115261,70,,,,,,,
TurbiBR,TurbiBRCOM,1815442960835286,115320 | 8504109 | 126842 | 33 | FYM1511,mc,2018-12-08 19:37:48,BRST,SettledInstallment,1315443050217398,BRL,,30.00,1,BRL,,0.00,0.82,,,,mccredit,Capture Request bookingId 115320,70,,,,,,,
TurbiBR,TurbiBRCOM,1515442773347043,115284 | 8501957 | 126806 | 47 | GET4023,mc,2018-12-08 19:42:50,BRST,SettledInstallment,4815443053210134,BRL,,79.21,1,BRL,,0.00,2.18,,,,mccredit,Capture Request bookingId 115284,70,,,,,,,
TurbiBR,TurbiBRCOM,1615441159602467,115127 | 8502525 | 126649 | 53 | GGQ1493,mc,2018-12-08 18:38:28,BRST,RefundedInstallment,4815443014539019,BRL,54.24,,1,BRL,54.24,,,,,,mccredit,115127 | 8502525 | 126649 | 53 | GGQ1493,70,,,,,,,
TurbiBR,TurbiBRCOM,4315441317119617,115157 | 8521054 | 126679 | 32 | FXT6395,mc,2018-12-08 20:27:51,BRST,SettledInstallment,1315443080226799,BRL,,273.51,1,BRL,,0.00,7.52,,,,mccredit,Capture Request bookingId 115157,70,,,,,,,
TurbiBR,TurbiBRCOM,4315442968668407,115324 | 8525249 | 126846 | 40 | FJC0776,mc,2018-12-08 20:27:51,BRST,SettledInstallment,1715443080227827,BRL,,39.66,1,BRL,,0.00,1.09,,,,mccredit,Capture Request bookingId 115324,70,,,,,,,
TurbiBR,TurbiBRCOM,4515442228535980,115226 | 8523484 | 126748 | 56 | GCB5654,mc,2018-12-07 21:23:07,BRST,SettledInstallment,1315442249203707,BRL,,21.00,1,BRL,,0.00,0.58,,,,mccredit,Capture Request bookingId 115226,70,,,,,,,
TurbiBR,TurbiBRCOM,1515442249160343,115228 | 8523484 | 126750 | 56 | GCB5654,mc,2018-12-08 13:44:57,BRST,RefundedInstallment,4515442838491129,BRL,9.04,,1,BRL,9.04,,,,,,mccredit,115228 | 8523484 | 126750 | 56 | GCB5654,70,,,,,,,
TurbiBR,TurbiBRCOM,1335442665675004,115258 | 8509511 | 126780 | 19 | FJG9824,mc,2018-12-08 12:17:59,BRST,SettledInstallment,1335442786200229,BRL,,33.69,1,BRL,,0.00,0.93,,,,mccredit,Capture Request bookingId 115258,70,,,,,,,
TurbiBR,TurbiBRCOM,1835442641181718,115250 | 8522664 | 126772 | 73 | FYM4531,mc,2018-12-08 13:43:00,BRST,SettledInstallment,1335442837218253,BRL,,63.31,1,BRL,,0.00,1.74,,,,mccredit,Capture Request bookingId 115250,70,,,,,,,
TurbiBR,TurbiBRCOM,4535442705904788,115266 | 8520448 | 126788 | 4 | GIE2734,mc,2018-12-08 13:07:56,BRST,SettledInstallment,4335442816213576,BRL,,62.94,1,BRL,,0.00,1.73,,,,mccredit,Capture Request bookingId 115266,70,,,,,,,
TurbiBR,TurbiBRCOM,1535442742781393,115276 | 8526866 | 126798 | 67 | FVV7524,mc,2018-12-08 16:17:56,BRST,SettledInstallment,4735442930201479,BRL,,50.37,1,BRL,,0.00,1.39,,,,mccredit,Capture Request bookingId 115276,70,,,,,,,
TurbiBR,TurbiBRCOM,4735440971685873,115096 | 8502819 | 126618 | 14 | GDW3904,mc,2018-12-08 12:48:00,BRST,SettledInstallment,4735442804204542,BRL,,339.34,1,BRL,,0.00,9.33,,,,mccredit,Capture Request bookingId 115096,70,,,,,,,
TurbiBR,TurbiBRCOM,4335442773175610,115283 | 8520367 | 126805 | 69 | GJT1128,mc,2018-12-08 17:42:54,BRST,SettledInstallment,1835442981210986,BRL,,85.44,1,BRL,,0.00,2.35,,,,mccredit,Capture Request bookingId 115283,70,,,,,,,
TurbiBR,TurbiBRCOM,4535442715065000,115269 | 8522578 | 126791 | 37 | GHQ9495,mc,2018-12-08 15:07:57,BRST,SettledInstallment,1835442888214495,BRL,,49.59,1,BRL,,0.00,1.36,,,,mccredit,Capture Request bookingId 115269,70,,,,,,,
TurbiBR,TurbiBRCOM,4535443000964550,115329 | 8496139 | 126851 | 27 | GIE0915,mc,2018-12-08 18:17:51,BRST,SettledInstallment,4535443002219458,BRL,,100.00,1,BRL,,0.00,2.75,,,,mccredit,Capture Request bookingId 115329,70,,,,,,,
TurbiBR,TurbiBRCOM,1335442811414845,115290 | 8510163 | 126812 | 52 | FKC3114,mc,2018-12-08 18:17:51,BRST,SettledInstallment,4735443002212436,BRL,,58.04,1,BRL,,0.00,1.60,,,,mccredit,Capture Request bookingId 115290,70,,,,,,,
TurbiBR,TurbiBRCOM,1735442846572563,115295 | 8502913 | 126817 | 4 | GIE2734,mc,2018-12-08 19:52:54,BRST,SettledInstallment,4835443059212015,BRL,,98.24,1,BRL,,0.00,2.70,,,,mccredit,Capture Request bookingId 115295,70,,,,,,,
TurbiBR,TurbiBRCOM,1635442569144583,115235 | 8523238 | 126757 | 29 | GKH1148,mc,2018-12-08 20:27:49,BRST,SettledInstallment,1335443080224089,BRL,,120.70,1,BRL,,0.00,3.32,,,,mccredit,Capture Request bookingId 115235,70,,,,,,,
TurbiBR,TurbiBRCOM,1635442656966831,115254 | 8524361 | 126776 | 26 | GJJ0014,mc,2018-12-08 17:02:53,BRST,SettledInstallment,4335442957219242,BRL,,156.67,1,BRL,,0.00,4.31,,,,mccredit,Capture Request bookingId 115254,70,,,,,,,
TurbiBR,TurbiBRCOM,1735442888103186,115307 | 8505386 | 126829 | 46 | FZP6949,mc,2018-12-08 20:52:47,BRST,SettledInstallment,4535443095213046,BRL,,53.57,1,BRL,,0.00,1.47,,,,mccredit,Capture Request bookingId 115307,70,,,,,,,
TurbiBR,TurbiBRCOM,4825441904121185,115193 | 8853 | 126715 | 47 | GET4023,mc,2018-12-07 23:27:57,BRST,SettledInstallment,4325442324205983,BRL,,45.15,1,BRL,,0.00,1.24,,,,mccredit,Capture Request bookingId 115193,70,,,,,,,
TurbiBR,TurbiBRCOM,4725442649868461,115251 | 8501597 | 126773 | 34 | GAK2624,mc,2018-12-08 13:32:59,BRST,SettledInstallment,4825442831214200,BRL,,42.69,1,BRL,,0.00,1.17,,,,mccredit,Capture Request bookingId 115251,70,,,,,,,
TurbiBR,TurbiBRCOM,4525442216887797,115225 | 8825 | 126747 | 29 | GKH1148,mc,2018-12-08 02:07:55,BRST,SettledInstallment,4525442420217468,BRL,,60.20,1,BRL,,0.00,1.66,,,,mccredit,Capture Request bookingId 115225,70,,,,,,,
TurbiBR,TurbiBRCOM,1625442849684707,115297 | 8503423 | 126819 | 7 | GCW5563,mc,2018-12-08 14:43:26,BRST,SettledInstallment,4725442873216452,BRL,,100.00,1,BRL,,0.00,2.75,,,,mccredit,Capture Request bookingId 115297,70,,,,,,,
TurbiBR,TurbiBRCOM,4825442660504010,115255 | 8499004 | 126777 | 16 | FVN6927,mc,2018-12-08 10:42:55,BRST,SettledInstallment,4825442729210344,BRL,,30.00,1,BRL,,0.00,0.82,,,,mccredit,Capture Request bookingId 115255,70,,,,,,,
TurbiBR,TurbiBRCOM,4325441045192330,115111 | 8525827 | 126633 | 57 | FXD8307,mc,2018-12-08 14:02:53,BRST,RefundedInstallment,4725442849046736,BRL,58.02,,1,BRL,58.02,,,,,,mccredit,115111 | 8525827 | 126633 | 57 | FXD8307,70,,,,,,,
TurbiBR,TurbiBRCOM,1525442868709857,115303 | 8496889 | 126825 | 9 | GEK9026,mc,2018-12-08 17:17:59,BRST,SettledInstallment,1725442966215409,BRL,,30.00,1,BRL,,29.18,0.82,,,,mccredit,Capture Request bookingId 115303,70,,,,,,,
TurbiBR,TurbiBRCOM,4525442649985663,115252 | 8513345 | 126774 | 55 | FKS8658,mc,2018-12-08 16:07:53,BRST,SettledInstallment,4525442924212585,BRL,,93.09,1,BRL,,90.53,2.56,,,,mccredit,Capture Request bookingId 115252,70,,,,,,,
TurbiBR,TurbiBRCOM,1725442781344012,115287 | 8510185 | 126809 | 40 | FJC0776,mc,2018-12-08 16:17:53,BRST,SettledInstallment,1825442930207663,BRL,,44.14,1,BRL,,42.93,1.21,,,,mccredit,Capture Request bookingId 115287,70,,,,,,,
TurbiBR,TurbiBRCOM,4825441066248834,115113 | 8503868 | 126635 | 54 | GDP6156,mc,2018-12-08 17:37:57,BRST,SettledInstallment,1825442978213748,BRL,,256.02,1,BRL,,248.98,7.04,,,,mccredit,Capture Request bookingId 115113,70,,,,,,,
TurbiBR,TurbiBRCOM,4825442855913349,115301 | 8150 | 126823 | 8 | GCE1566,mc,2018-12-08 18:29:22,BRST,SettledInstallment,4325443008214937,BRL,,144.67,1,BRL,,140.69,3.98,,,,mccredit,Capture Request bookingId 115301,70,,,,,,,
TurbiBR,TurbiBRCOM,1325442966738644,115322 | 8525249 | 126844 | 40 | FJC0776,mc,2018-12-08 17:22:53,BRST,SettledInstallment,4525442969206880,BRL,,30.00,1,BRL,,29.18,0.82,,,,mccredit,Capture Request bookingId 115322,70,,,,,,,
TurbiBR,TurbiBRCOM,1525442747471463,115278 | 8484 | 126800 | 17 | GGF3956,mc,2018-12-08 17:32:54,BRST,SettledInstallment,1625442975216837,BRL,,57.00,1,BRL,,55.43,1.57,,,,mccredit,Capture Request bookingId 115278,70,,,,,,,
TurbiBR,TurbiBRCOM,1725442773853863,115285 | 8611 | 126807 | 58 | GIV7241,mc,2018-12-08 17:48:00,BRST,SettledInstallment,4825442984215764,BRL,,110.57,1,BRL,,107.53,3.04,,,,mccredit,Capture Request bookingId 115285,70,,,,,,,
TurbiBR,TurbiBRCOM,4825442698568821,115265 | 8496139 | 126787 | 27 | GIE0915,mc,2018-12-08 18:17:54,BRST,SettledInstallment,4825443002219663,BRL,,299.51,1,BRL,,291.27,8.24,,,,mccredit,Capture Request bookingId 115265,70,,,,,,,
TurbiBR,TurbiBRCOM,1725442807140865,115289 | 8526927 | 126811 | 42 | GCE5762,mc,2018-12-08 20:32:51,BRST,SettledInstallment,4825443083216117,BRL,,106.17,1,BRL,,103.25,2.92,,,,mccredit,Capture Request bookingId 115289,70,,,,,,,
TurbiBR,TurbiBRCOM,1825436537911230,114730 | 8504861 | 126252 | 63 | FMZ7695,mc,2018-12-07 23:56:29,BRST,RefundedInstallment,4825442341410520,BRL,16.69,,1,BRL,16.69,,,,,,mccredit,114730 | 8504861 | 126252 | 63 | FMZ7695,70,,,,,,,
TurbiBR,TurbiBRCOM,1825442981864297,115325 | 8496708 | 126847 | 34 | GAK2624,mc,2018-12-08 19:32:58,BRST,SettledInstallment,1325443047215396,BRL,,30.00,1,BRL,,29.18,0.82,,,,mccredit,Capture Request bookingId 115325,70,,,,,,,
TurbiBR,TurbiBRCOM,4535442159177212,115212 | 8509305 | 126734 | 36 | GFN9743,mc,2018-12-08 21:02:53,BRST,SettledInstallment,1735443101204173,BRL,,194.60,1,BRL,,0.00,5.35,,,,mccredit,Capture Request bookingId 115212,70,,,,,,,
TurbiBR,TurbiBRCOM,4835442787479102,115288 | 8506235 | 126810 | 57 | FXD8307,mc,2018-12-09 00:18:32,BRST,SettledInstallment,1835443212218210,BRL,,102.60,1,BRL,,0.00,2.82,,,,mccredit,Capture Request bookingId 115288,70,,,,,,,
TurbiBR,TurbiBRCOM,1535442719154962,115273 | 8497815 | 126795 | 38 | GDT7856,mc,2018-12-09 00:17:11,BRST,SettledInstallment,1635443209217672,BRL,,137.48,1,BRL,,0.00,3.78,,,,mccredit,Capture Request bookingId 115273,70,,,,,,,
TurbiBR,TurbiBRCOM,1735443005018356,115330 | 8504689 | 126852 | 3 | GFF2698,mc,2018-12-09 02:07:52,BRST,SettledInstallment,1635443284216102,BRL,,123.69,1,BRL,,0.00,3.40,,,,mccredit,Capture Request bookingId 115330,70,,,,,,,
TurbiBR,TurbiBRCOM,1335443636875038,115390 | 8521053 | 126911 | 60 | GJQ7911,mc,2018-12-09 12:32:58,BRST,SettledInstallment,4335443659208541,BRL,,30.00,1,BRL,,0.00,0.82,,,,mccredit,Capture Request bookingId 115390,70,,,,,,,
TurbiBR,TurbiBRCOM,1535443625921387,115383 | 8525589 | 126904 | 23 | FLQ7676,mc,2018-12-09 14:02:55,BRST,SettledInstallment,1735443713210097,BRL,,50.00,1,BRL,,0.00,1.38,,,,mccredit,Capture Request bookingId 115383,70,,,,,,,
TurbiBR,TurbiBRCOM,4535442983073298,115326 | 8525825 | 126848 | 54 | GDP6156,mc,2018-12-09 02:52:47,BRST,SettledInstallment,4335443311214572,BRL,,100.46,1,BRL,,0.00,2.76,,,,mccredit,Capture Request bookingId 115326,70,,,,,,,
TurbiBR,TurbiBRCOM,4535443695401967,115407 | 8503902 | 126928 | 40 | FJC0776,mc,2018-12-09 14:12:50,BRST,SettledInstallment,4535443719217894,BRL,,30.00,1,BRL,,0.00,0.82,,,,mccredit,Capture Request bookingId 115407,70,,,,,,,
TurbiBR,TurbiBRCOM,4635443569856980,115355 | 8526952 | 126876 | 10 | FQR9974,mc,2018-12-09 15:17:55,BRST,SettledInstallment,1535443758219989,BRL,,42.82,1,BRL,,0.00,1.18,,,,mccredit,Capture Request bookingId 115355,70,,,,,,,
TurbiBR,TurbiBRCOM,4335443596525700,115375 | 8508186 | 126896 | 62 | GJR9212,mc,2018-12-09 18:27:48,BRST,SettledInstallment,1835443872217825,BRL,,101.16,1,BRL,,0.00,2.78,,,,mccredit,Capture Request bookingId 115375,70,,,,,,,
TurbiBR,TurbiBRCOM,4835443111426363,115335 | 8497078 | 126857 | 8 | GCE1566,mc,2018-12-09 00:09:40,BRST,SettledInstallment,4335443200214717,BRL,,140.99,1,BRL,,0.00,3.88,,,,mccredit,Capture Request bookingId 115335,70,,,,,,,
TurbiBR,TurbiBRCOM,4335443668851612,115401 | 8524724 | 126922 | 29 | GKH1148,mc,2018-12-09 19:17:57,BRST,SettledInstallment,4835443902207816,BRL,,74.87,1,BRL,,0.00,2.06,,,,mccredit,Capture Request bookingId 115401,70,,,,,,,
TurbiBR,TurbiBRCOM,1835443830067882,115429 | 8496431 | 126950 | 41 | FCC3441,mc,2018-12-09 19:37:53,BRST,SettledInstallment,1735443914215937,BRL,,30.97,1,BRL,,0.00,0.85,,,,mccredit,Capture Request bookingId 115429,70,,,,,,,
TurbiBR,TurbiBRCOM,4635442913714135,115313 | 8498634 | 126835 | 51 | FQH5224,mc,2018-12-08 22:52:53,BRST,SettledInstallment,4635443167213345,BRL,,67.63,1,BRL,,0.00,1.86,,,,mccredit,Capture Request bookingId 115313,70,,,,,,,
TurbiBR,TurbiBRCOM,1735442664419939,115257 | 8508759 | 126779 | 39 | FSQ3098,mc,2018-12-09 18:52:49,BRST,SettledInstallment,1535443887210719,BRL,,341.33,1,BRL,,0.00,9.39,,,,mccredit,Capture Request bookingId 115257,70,,,,,,,
TurbiBR,TurbiBRCOM,1735443600340569,115377 | 8503666 | 126898 | 72 | FWG4577,mc,2018-12-09 18:42:55,BRST,SettledInstallment,1835443881216420,BRL,,73.90,1,BRL,,0.00,2.03,,,,mccredit,Capture Request bookingId 115377,70,,,,,,,
TurbiBR,TurbiBRCOM,1535443627010668,115384 | 8508828 | 126905 | 14 | GDW3904,mc,2018-12-09 20:12:58,BRST,SettledInstallment,1535443935219340,BRL,,93.63,1,BRL,,0.00,2.57,,,,mccredit,Capture Request bookingId 115384,70,,,,,,,
TurbiBR,TurbiBRCOM,1335443727768100,115413 | 8526086 | 126934 | 56 | GCB5654,mc,2018-12-09 19:42:56,BRST,SettledInstallment,4835443917219525,BRL,,64.94,1,BRL,,0.00,1.79,,,,mccredit,Capture Request bookingId 115413,70,,,,,,,
TurbiBR,TurbiBRCOM,4535443695401967,115407 | 8503902 | 126928 | 40 | FJC0776,mc,2018-12-09 14:43:33,BRST,RefundedInstallment,1335443737651197,BRL,30.00,,1,BRL,30.00,,,,,,mccredit,Refund Request bookingId 115407,70,,,,,,,
TurbiBR,TurbiBRCOM,1715442849701361,115298 | 8510024 | 126820 | 68 | GFT7592,mc,2018-12-08 21:37:47,BRST,SettledInstallment,4615443122204763,BRL,,85.68,1,BRL,,0.00,2.36,,,,mccredit,Capture Request bookingId 115298,70,,,,,,,
TurbiBR,TurbiBRCOM,4815442599652577,115242 | 8524825 | 126764 | 60 | GJQ7911,mc,2018-12-09 01:07:46,BRST,SettledInstallment,1815443248217552,BRL,,138.76,1,BRL,,0.00,3.82,,,,mccredit,Capture Request bookingId 115242,70,,,,,,,
TurbiBR,TurbiBRCOM,4515443107575923,115334 | 8521954 | 126856 | 56 | GCB5654,mc,2018-12-09 04:42:43,BRST,SettledInstallment,1315443377202073,BRL,,95.25,1,BRL,,0.00,2.62,,,,mccredit,Capture Request bookingId 115334,70,,,,,,,
TurbiBR,TurbiBRCOM,1315443572677319,115359 | 8502346 | 126880 | 34 | GAK2624,mc,2018-12-09 12:57:52,BRST,SettledInstallment,1515443674211643,BRL,,30.00,1,BRL,,0.00,0.82,,,,mccredit,Capture Request bookingId 115359,70,,,,,,,
TurbiBR,TurbiBRCOM,4815443545179756,115351 | 8508063 | 126872 | 30 | FZV7646,mc,2018-12-09 14:37:50,BRST,SettledInstallment,1715443734201483,BRL,,52.39,1,BRL,,0.00,1.44,,,,mccredit,Capture Request bookingId 115351,70,,,,,,,
TurbiBR,TurbiBRCOM,1315443588432451,115363 | 8499004 | 126884 | 32 | FXT6395,mc,2018-12-09 12:27:50,BRST,SettledInstallment,4615443656207265,BRL,,30.00,1,BRL,,0.00,0.82,,,,mccredit,Capture Request bookingId 115363,70,,,,,,,
TurbiBR,TurbiBRCOM,1815443763409212,115425 | 8500196 | 126946 | 23 | FLQ7676,mc,2018-12-09 15:59:37,BRST,RefundedInstallment,4715443783255731,BRL,50.00,,1,BRL,50.00,,,,,,mccredit,Refund Request bookingId 115425,70,,,,,,,
TurbiBR,TurbiBRCOM,4715443644106636,115392 | 8498303 | 126913 | 53 | GGQ1493,mc,2018-12-09 17:47:50,BRST,SettledInstallment,1315443848218393,BRL,,52.33,1,BRL,,0.00,1.44,,,,mccredit,Capture Request bookingId 115392,70,,,,,,,
TurbiBR,TurbiBRCOM,1615443864030158,115433 | 8499004 | 126954 | 32 | FXT6395,mc,2018-12-09 19:07:42,BRST,SettledInstallment,4815443896218369,BRL,,30.00,1,BRL,,0.00,0.82,,,,mccredit,Capture Request bookingId 115433,70,,,,,,,
TurbiBR,TurbiBRCOM,1315443602852627,115378 | 8526976 | 126899 | 58 | GIV7241,mc,2018-12-09 18:52:47,BRST,SettledInstallment,1815443887210066,BRL,,95.78,1,BRL,,0.00,2.63,,,,mccredit,Capture Request bookingId 115378,70,,,,,,,
TurbiBR,TurbiBRCOM,1515443654531143,115398 | 8527039 | 126919 | 20 | FUD3683,mc,2018-12-09 18:02:45,BRST,SettledInstallment,1315443857218805,BRL,,70.62,1,BRL,,0.00,1.94,,,,mccredit,Capture Request bookingId 115398,70,,,,,,,
TurbiBR,TurbiBRCOM,1515443741377781,115415 | 8510170 | 126936 | 9 | GEK9026,mc,2018-12-09 20:02:46,BRST,SettledInstallment,4615443929219105,BRL,,19.63,1,BRL,,0.00,0.54,,,,mccredit,Capture Request bookingId 115415,70,,,,,,,
TurbiBR,TurbiBRCOM,4815443584720874,115362 | 8504129 | 126883 | 35 | GEP0747,mc,2018-12-09 20:27:49,BRST,SettledInstallment,1715443944216297,BRL,,84.71,1,BRL,,0.00,2.33,,,,mccredit,Capture Request bookingId 115362,70,,,,,,,
TurbiBR,TurbiBRCOM,4815442201656982,115222 | 8525335 | 126744 | 66 | GHH6346,mc,2018-12-09 20:42:43,BRST,SettledInstallment,1615443953206586,BRL,,400.00,1,BRL,,0.00,11.00,,,,mccredit,Capture Request bookingId 115222,70,,,,,,,
TurbiBR,TurbiBRCOM,4515442634414671,115222 | 8525335 | 126744 | 66 | GHH6346,mc,2018-12-09 20:42:43,BRST,SettledInstallment,4515443953207803,BRL,,41.74,1,BRL,,0.00,1.15,,,,mccredit,Capture Request bookingId 115222,70,,,,,,,
TurbiBR,TurbiBRCOM,1815442903110813,115310 | 8526743 | 126832 | 37 | GHQ9495,mc,2018-12-08 23:12:43,BRST,SettledInstallment,1715443179211104,BRL,,77.99,1,BRL,,0.00,2.14,,,,mccredit,Capture Request bookingId 115310,70,,,,,,,
TurbiBR,TurbiBRCOM,4515443125203235,115337 | 8825 | 126859 | 30 | FZV7646,mc,2018-12-08 23:41:58,BRST,SettledInstallment,4515443194214683,BRL,,33.50,1,BRL,,0.00,0.92,,,,mccredit,Capture Request bookingId 115337,70,,,,,,,
TurbiBR,TurbiBRCOM,1815443763409212,115425 | 8500196 | 126946 | 23 | FLQ7676,mc,2018-12-09 15:57:51,BRST,SettledInstallment,4715443782215728,BRL,,50.00,1,BRL,,0.00,1.38,,,,mccredit,Capture Request bookingId 115425,70,,,,,,,
TurbiBR,TurbiBRCOM,4645442967984541,115323 | 8506985 | 126845 | 70 | FJV8602,mc,2018-12-08 22:23:08,BRST,SettledInstallment,1545443149218482,BRL,,45.85,1,BRL,,0.00,1.26,,,,mccredit,Capture Request bookingId 115323,70,,,,,,,
TurbiBR,TurbiBRCOM,4545443518715252,115345 | 8508656 | 126866 | 19 | FJG9824,mc,2018-12-09 11:32:52,BRST,SettledInstallment,1645443623219542,BRL,,30.00,1,BRL,,0.00,0.82,,,,mccredit,Capture Request bookingId 115345,70,,,,,,,
TurbiBR,TurbiBRCOM,4345442829393819,115292 | 8510027 | 126814 | 13 | FXH7648,mc,2018-12-08 23:58:13,BRST,SettledInstallment,4845443197218773,BRL,,205.10,1,BRL,,0.00,5.64,,,,mccredit,Capture Request bookingId 115292,70,,,,,,,
TurbiBR,TurbiBRCOM,1345443652687190,115397 | 8502913 | 126918 | 4 | GIE2734,mc,2018-12-09 13:02:57,BRST,SettledInstallment,1545443677206792,BRL,,50.00,1,BRL,,0.00,1.38,,,,mccredit,Capture Request bookingId 115397,70,,,,,,,
TurbiBR,TurbiBRCOM,4545443555367819,115352 | 8508323 | 126873 | 63 | FMZ7695,mc,2018-12-09 15:32:58,BRST,SettledInstallment,1645443767210976,BRL,,51.97,1,BRL,,0.00,1.43,,,,mccredit,Capture Request bookingId 115352,70,,,,,,,
TurbiBR,TurbiBRCOM,4545442986416575,115327 | 8523499 | 126849 | 73 | FYM4531,mc,2018-12-08 23:07:57,BRST,SettledInstallment,4345443176228897,BRL,,45.07,1,BRL,,0.00,1.24,,,,mccredit,Capture Request bookingId 115327,70,,,,,,,
TurbiBR,TurbiBRCOM,4645442693433433,115264 | 8508669 | 126786 | 41 | FCC3441,mc,2018-12-09 11:22:48,BRST,SettledInstallment,4845443617212455,BRL,,265.14,1,BRL,,0.00,7.29,,,,mccredit,Capture Request bookingId 115264,70,,,,,,,
TurbiBR,TurbiBRCOM,4545443631510747,115388 | 8522159 | 126909 | 13 | FXH7648,mc,2018-12-09 19:12:47,BRST,SettledInstallment,1745443899208897,BRL,,63.13,1,BRL,,0.00,1.74,,,,mccredit,Capture Request bookingId 115388,70,,,,,,,
TurbiBR,TurbiBRCOM,4845443689907396,115405 | 8524783 | 126926 | 47 | GET4023,mc,2018-12-09 18:07:57,BRST,SettledInstallment,4745443860206445,BRL,,48.41,1,BRL,,0.00,1.33,,,,mccredit,Capture Request bookingId 115405,70,,,,,,,
TurbiBR,TurbiBRCOM,4645443651994630,115396 | 8510513 | 126917 | 19 | FJG9824,mc,2018-12-09 17:27:57,BRST,SettledInstallment,1545443836214224,BRL,,76.79,1,BRL,,0.00,2.11,,,,mccredit,Capture Request bookingId 115396,70,,,,,,,
TurbiBR,TurbiBRCOM,4645441415667203,115168 | 8816 | 126690 | 27 | GIE0915,mc,2018-12-09 16:29:33,BRST,RefundedInstallment,4545443801160117,BRL,39.10,,1,BRL,39.10,,,,,,mccredit,Refund Request bookingId 115168,70,,,,,,,
TurbiBR,TurbiBRCOM,1745443688436881,115404 | 8527027 | 126925 | 51 | FQH5224,mc,2018-12-09 19:12:47,BRST,SettledInstallment,1645443899217519,BRL,,61.21,1,BRL,,0.00,1.68,,,,mccredit,Capture Request bookingId 115404,70,,,,,,,
TurbiBR,TurbiBRCOM,4745443813265076,115428 | 8508194 | 126949 | 8 | GCE1566,mc,2018-12-09 18:27:58,BRST,SettledInstallment,1645443872211349,BRL,,100.00,1,BRL,,0.00,2.75,,,,mccredit,Capture Request bookingId 115428,70,,,,,,,
TurbiBR,TurbiBRCOM,4625441466316480,115170 | 8504804 | 126692 | 23 | FLQ7676,mc,2018-12-08 21:32:56,BRST,SettledInstallment,4625443119207652,BRL,,272.09,1,BRL,,0.00,7.48,,,,mccredit,Capture Request bookingId 115170,70,,,,,,,
TurbiBR,TurbiBRCOM,4825442873379721,115305 | 8507605 | 126827 | 5 | FSN3833,mc,2018-12-08 22:27:57,BRST,SettledInstallment,4725443152218227,BRL,,127.81,1,BRL,,0.00,3.51,,,,mccredit,Capture Request bookingId 115305,70,,,,,,,
TurbiBR,TurbiBRCOM,1625442914843824,115314 | 8526198 | 126836 | 19 | FJG9824,mc,2018-12-08 22:13:02,BRST,SettledInstallment,1325443143216801,BRL,,109.80,1,BRL,,0.00,3.02,,,,mccredit,Capture Request bookingId 115314,70,,,,,,,
TurbiBR,TurbiBRCOM,1825442616461576,115244 | 8497594 | 126766 | 53 | GGQ1493,mc,2018-12-08 23:17:52,BRST,SettledInstallment,1725443182202783,BRL,,175.10,1,BRL,,0.00,4.82,,,,mccredit,Capture Request bookingId 115244,70,,,,,,,
TurbiBR,TurbiBRCOM,1825443120040369,115336 | 8526978 | 126858 | 40 | FJC0776,mc,2018-12-08 23:32:45,BRST,SettledInstallment,4625443191212125,BRL,,31.43,1,BRL,,0.00,0.86,,,,mccredit,Capture Request bookingId 115336,70,,,,,,,
TurbiBR,TurbiBRCOM,4525442866906301,115302 | 8853 | 126824 | 35 | GEP0747,mc,2018-12-08 23:27:55,BRST,SettledInstallment,1325443188209364,BRL,,158.29,1,BRL,,0.00,4.35,,,,mccredit,Capture Request bookingId 115302,70,,,,,,,
TurbiBR,TurbiBRCOM,1625442853674073,115300 | 8503645 | 126822 | 22 | FWL2173,mc,2018-12-08 21:07:50,BRST,SettledInstallment,1625443104205154,BRL,,149.88,1,BRL,,0.00,4.12,,,,mccredit,Capture Request bookingId 115300,70,,,,,,,
TurbiBR,TurbiBRCOM,4725442749343779,115279 | 8506329 | 126801 | 63 | FMZ7695,mc,2018-12-09 00:30:18,BRST,SettledInstallment,4325443224202765,BRL,,164.28,1,BRL,,0.00,4.52,,,,mccredit,Capture Request bookingId 115279,70,,,,,,,
TurbiBR,TurbiBRCOM,1825442989877507,115328 | 8499864 | 126850 | 69 | GJT1128,mc,2018-12-09 01:12:43,BRST,SettledInstallment,1725443251216482,BRL,,73.97,1,BRL,,0.00,2.03,,,,mccredit,Capture Request bookingId 115328,70,,,,,,,
TurbiBR,TurbiBRCOM,1825443618694206,115380 | 8496139 | 126901 | 54 | GDP6156,mc,2018-12-09 13:48:01,BRST,SettledInstallment,4525443704214791,BRL,,30.00,1,BRL,,0.00,0.82,,,,mccredit,Capture Request bookingId 115380,70,,,,,,,
TurbiBR,TurbiBRCOM,4325443570878853,115356 | 8497500 | 126877 | 37 | GHQ9495,mc,2018-12-09 14:07:56,BRST,SettledInstallment,1525443716220501,BRL,,41.37,1,BRL,,0.00,1.14,,,,mccredit,Capture Request bookingId 115356,70,,,,,,,
TurbiBR,TurbiBRCOM,4825443830201362,115412 | 8503902 | 126933 | 40 | FJC0776,mc,2018-12-09 17:17:55,BRST,SettledInstallment,1625443830211708,BRL,,30.73,1,BRL,,0.00,0.85,,,,mccredit,Capture Request bookingId 115412,70,,,,,,,
TurbiBR,TurbiBRCOM,1725440028333780,115022 | 8507681 | 126544 | 3 | GFF2698,mc,2018-12-09 14:56:55,BRST,RefundedInstallment,1525443745624616,BRL,150.00,,1,BRL,150.00,,,,,,mccredit,Refund Request bookingId 115022,70,,,,,,,
TurbiBR,TurbiBRCOM,1625443658384884,115399 | 8782 | 126920 | 32 | FXT6395,mc,2018-12-09 17:57:49,BRST,SettledInstallment,1625443854213747,BRL,,51.96,1,BRL,,0.00,1.43,,,,mccredit,Capture Request bookingId 115399,70,,,,,,,
TurbiBR,TurbiBRCOM,4825443567693633,115354 | 8526826 | 126875 | 42 | GCE5762,mc,2018-12-09 15:47:53,BRST,SettledInstallment,1625443776210698,BRL,,57.15,1,BRL,,0.00,1.57,,,,mccredit,Capture Request bookingId 115354,70,,,,,,,
TurbiBR,TurbiBRCOM,1325443720397743,115412 | 8503902 | 126933 | 40 | FJC0776,mc,2018-12-09 17:12:55,BRST,SettledInstallment,4625443827216771,BRL,,30.63,1,BRL,,0.00,0.84,,,,mccredit,Capture Request bookingId 115412,70,,,,,,,
TurbiBR,TurbiBRCOM,1525443047780082,115333 | 8811 | 126855 | 71 | GEJ2081,mc,2018-12-09 01:52:44,BRST,SettledInstallment,4725443275219508,BRL,,70.66,1,BRL,,0.00,1.94,,,,mccredit,Capture Request bookingId 115333,70,,,,,,,
TurbiBR,TurbiBRCOM,1625443583888470,115361 | 8522793 | 126882 | 71 | GEJ2081,mc,2018-12-09 18:07:56,BRST,SettledInstallment,1825443860201726,BRL,,65.61,1,BRL,,0.00,1.80,,,,mccredit,Capture Request bookingId 115361,70,,,,,,,
TurbiBR,TurbiBRCOM,4625443703965517,115408 | 8527032 | 126929 | 54 | GDP6156,mc,2018-12-09 18:17:47,BRST,SettledInstallment,4325443866209128,BRL,,41.18,1,BRL,,0.00,1.13,,,,mccredit,Capture Request bookingId 115408,70,,,,,,,
TurbiBR,TurbiBRCOM,1325442966738644,115322 | 8525249 | 126844 | 40 | FJC0776,mc,2018-12-08 21:19:38,BRST,RefundedInstallment,4825443111302087,BRL,30.00,,1,BRL,30.00,,,,,,mccredit,Refund Request bookingId 115322,70,,,,,,,
TurbiBR,TurbiBRCOM,1725443720322036,115411 | 8505035 | 126932 | 34 | GAK2624,mc,2018-12-09 20:02:53,BRST,SettledInstallment,4325443929213521,BRL,,68.68,1,BRL,,0.00,1.89,,,,mccredit,Capture Request bookingId 115411,70,,,,,,,
TurbiBR,TurbiBRCOM,1325443005385793,115331 | 8525340 | 126853 | 67 | FVV7524,mc,2018-12-09 17:57:49,BRST,SettledInstallment,1625443854213838,BRL,,194.60,1,BRL,,0.00,5.35,,,,mccredit,Capture Request bookingId 115331,70,,,,,,,
TurbiBR,TurbiBRCOM,4325443783828299,115426 | 8500196 | 126947 | 23 | FLQ7676,mc,2018-12-09 18:42:54,BRST,SettledInstallment,4525443881219035,BRL,,35.00,1,BRL,,0.00,0.96,,,,mccredit,Capture Request bookingId 115426,70,,,,,,,
TurbiBR,TurbiBRCOM,4625443571754985,115357 | 8521432 | 126878 | 52 | FKC3114,mc,2018-12-09 19:22:49,BRST,SettledInstallment,4525443905208600,BRL,,98.41,1,BRL,,0.00,2.71,,,,mccredit,Capture Request bookingId 115357,70,,,,,,,
TurbiBR,TurbiBRCOM,1625443731899411,115414 | 8838 | 126935 | 25 | GJA7687,mc,2018-12-09 19:12:58,BRST,SettledInstallment,1525443899206673,BRL,,80.97,1,BRL,,0.00,2.23,,,,mccredit,Capture Request bookingId 115414,70,,,,,,,
TurbiBR,TurbiBRCOM,4325443805551929,115427 | 8526078 | 126948 | 50 | GDB0788,mc,2018-12-09 19:02:54,BRST,SettledInstallment,1725443893217328,BRL,,30.00,1,BRL,,0.00,0.82,,,,mccredit,Capture Request bookingId 115427,70,,,,,,,
TurbiBR,TurbiBRCOM,4725443692951188,115406 | 8503470 | 126927 | 46 | FZP6949,mc,2018-12-09 18:07:56,BRST,SettledInstallment,4325443860208357,BRL,,50.45,1,BRL,,0.00,1.39,,,,mccredit,Capture Request bookingId 115406,70,,,,,,,
TurbiBR,TurbiBRCOM,1815443499719348,115343 | 8513345 | 126864 | 55 | FKS8658,mc,2018-12-10 08:57:48,BRST,SettledInstallment,1615444394227363,BRL,,124.85,1,BRL,,121.42,3.43,,,,mccredit,Capture Request bookingId 115343,70,,,,,,,
TurbiBR,TurbiBRCOM,4315444554363500,115463 | 8509511 | 126984 | 26 | GJJ0014,mc,2018-12-10 16:52:57,BRST,SettledInstallment,4315444679208721,BRL,,55.93,1,BRL,,54.39,1.54,,,,mccredit,Capture Request bookingId 115463,70,,,,,,,
TurbiBR,TurbiBRCOM,4515444527963301,115460 | 8499178 | 126981 | 35 | GEP0747,mc,2018-12-10 14:42:46,BRST,SettledInstallment,4515444601215677,BRL,,36.66,1,BRL,,35.65,1.01,,,,mccredit,Capture Request bookingId 115460,70,,,,,,,
TurbiBR,TurbiBRCOM,4315443571897904,115358 | 8498634 | 126879 | 22 | FWL2173,mc,2018-12-09 21:22:55,BRST,SettledInstallment,4815443977218239,BRL,,484.81,1,BRL,,471.48,13.33,,,,mccredit,Capture Request bookingId 115358,70,,,,,,,
TurbiBR,TurbiBRCOM,1715443540417950,115076 | 8505542 | 126598 | 64 | GGW0873,mc,2018-12-10 19:32:56,BRST,SettledInstallment,4515444775216873,BRL,,100.00,1,BRL,,97.25,2.75,,,,mccredit,Capture Request bookingId 115076,70,,,,,,,
TurbiBR,TurbiBRCOM,1715443108407302,115076 | 8505542 | 126598 | 64 | GGW0873,mc,2018-12-10 19:32:56,BRST,SettledInstallment,4515444775216832,BRL,,100.00,1,BRL,,97.25,2.75,,,,mccredit,Capture Request bookingId 115076,70,,,,,,,
TurbiBR,TurbiBRCOM,4315440525115086,115076 | 8505542 | 126598 | 64 | GGW0873,mc,2018-12-10 19:32:56,BRST,SettledInstallment,4815444775211780,BRL,,592.00,1,BRL,,575.72,16.28,,,,mccredit,Capture Request bookingId 115076,70,,,,,,,
TurbiBR,TurbiBRCOM,4615444188416507,115076 | 8505542 | 126598 | 64 | GGW0873,mc,2018-12-10 19:32:56,BRST,SettledInstallment,4315444775219655,BRL,,54.55,1,BRL,,53.05,1.50,,,,mccredit,Capture Request bookingId 115076,70,,,,,,,
TurbiBR,TurbiBRCOM,1715444459054990,115453 | 8508245 | 126974 | 5 | FSN3833,mc,2018-12-10 17:52:46,BRST,SettledInstallment,1515444715200736,BRL,,121.87,1,BRL,,118.52,3.35,,,,mccredit,Capture Request bookingId 115453,70,,,,,,,
TurbiBR,TurbiBRCOM,1815443682420092,115403 | 8522092 | 126924 | 4 | GIE2734,mc,2018-12-09 21:12:49,BRST,SettledInstallment,4615443971217494,BRL,,25.41,1,BRL,,24.71,0.70,,,,mccredit,Capture Request bookingId 115403,70,,,,,,,
TurbiBR,TurbiBRCOM,4815443928909001,115442 | 8504708 | 126963 | 29 | GKH1148,mc,2018-12-10 07:47:52,BRST,SettledInstallment,1715444352212596,BRL,,52.45,1,BRL,,51.01,1.44,,,,mccredit,Capture Request bookingId 115442,70,,,,,,,
TurbiBR,TurbiBRCOM,4735443838728183,115431 | 8506369 | 126952 | 19 | FJG9824,mc,2018-12-09 22:12:47,BRST,SettledInstallment,1635444007212907,BRL,,58.09,1,BRL,,0.00,1.60,,,,mccredit,Capture Request bookingId 115431,70,,,,,,,
TurbiBR,TurbiBRCOM,1635444324551029,115445 | 8499619 | 126966 | 10 | FQR9974,mc,2018-12-10 12:32:53,BRST,SettledInstallment,1735444523220326,BRL,,48.12,1,BRL,,0.00,1.32,,,,mccredit,Capture Request bookingId 115445,70,,,,,,,
TurbiBR,TurbiBRCOM,4335444615975587,115472 | 8526668 | 126993 | 33 | FYM1511,mc,2018-12-10 15:48:01,BRST,SettledInstallment,4635444640216665,BRL,,30.00,1,BRL,,0.00,0.82,,,,mccredit,Capture Request bookingId 115472,70,,,,,,,
TurbiBR,TurbiBRCOM,4835442732667496,115275 | 8505740 | 126797 | 2 | FXT8846,mc,2018-12-10 02:42:57,BRST,SettledInstallment,4835444169216573,BRL,,731.80,1,BRL,,0.00,20.12,,,,mccredit,Capture Request bookingId 115275,70,,,,,,,
TurbiBR,TurbiBRCOM,4535444397544633,115450 | 8524060 | 126971 | 66 | GHH6346,mc,2018-12-10 14:37:59,BRST,SettledInstallment,1835444598210482,BRL,,63.62,1,BRL,,0.00,1.75,,,,mccredit,Capture Request bookingId 115450,70,,,,,,,
TurbiBR,TurbiBRCOM,1635444587591969,115469 | 8526806 | 126990 | 37 | GHQ9495,mc,2018-12-10 17:27:52,BRST,SettledInstallment,1735444700216238,BRL,,16.39,1,BRL,,0.00,0.45,,,,mccredit,Capture Request bookingId 115469,70,,,,,,,
TurbiBR,TurbiBRCOM,1335444497853353,115457 | 8507059 | 126978 | 9 | GEK9026,mc,2018-12-10 16:03:10,BRST,SettledInstallment,1735444649213395,BRL,,50.96,1,BRL,,0.00,1.40,,,,mccredit,Capture Request bookingId 115457,70,,,,,,,
TurbiBR,TurbiBRCOM,4835443582274938,115360 | 8509491 | 126881 | 27 | GIE0915,mc,2018-12-09 22:17:48,BRST,SettledInstallment,4335444010203874,BRL,,504.25,1,BRL,,0.00,13.87,,,,mccredit,Capture Request bookingId 115360,70,,,,,,,
TurbiBR,TurbiBRCOM,1335443673688963,115402 | 8527040 | 126923 | 60 | GJQ7911,mc,2018-12-09 23:27:50,BRST,SettledInstallment,1335444052211922,BRL,,104.60,1,BRL,,0.00,2.88,,,,mccredit,Capture Request bookingId 115402,70,,,,,,,
TurbiBR,TurbiBRCOM,1535444358007055,115446 | 8527037 | 126967 | 72 | FWG4577,mc,2018-12-10 20:57:52,BRST,SettledInstallment,4735444826211331,BRL,,212.02,1,BRL,,0.00,5.83,,,,mccredit,Capture Request bookingId 115446,70,,,,,,,
TurbiBR,TurbiBRCOM,4335444615975587,115472 | 8526668 | 126993 | 33 | FYM1511,mc,2018-12-10 17:30:58,BRST,RefundedInstallment,4735444701975968,BRL,30.00,,1,BRL,30.00,,,,,,mccredit,Refund Request bookingId 115472,70,,,,,,,
TurbiBR,TurbiBRCOM,4845443978318347,115443 | 8498634 | 126964 | 32 | FXT6395,mc,2018-12-10 01:22:43,BRST,SettledInstallment,1545444121218417,BRL,,58.57,1,BRL,,56.96,1.61,,,,mccredit,Capture Request bookingId 115443,70,,,,,,,
TurbiBR,TurbiBRCOM,4845442894535562,115308 | 8524103 | 126830 | 45 | GHS1618,mc,2018-12-10 14:12:56,BRST,SettledInstallment,1845444583218258,BRL,,344.30,1,BRL,,334.83,9.47,,,,mccredit,Capture Request bookingId 115308,70,,,,,,,
TurbiBR,TurbiBRCOM,4645443910026893,115438 | 8524218 | 126959 | 10 | FQR9974,mc,2018-12-09 21:03:00,BRST,SettledInstallment,4345443965214314,BRL,,30.00,1,BRL,,29.18,0.82,,,,mccredit,Capture Request bookingId 115438,70,,,,,,,
TurbiBR,TurbiBRCOM,1645436255425205,114727 | 8525946 | 126249 | 5 | FSN3833,mc,2018-12-09 21:05:05,BRST,RefundedInstallment,4845443966555884,BRL,487.24,,1,BRL,487.24,,,,,,mccredit,114727 | 8525946 | 126249 | 5 | FSN3833,70,,,,,,,
TurbiBR,TurbiBRCOM,4745443634747732,115389 | 8520935 | 126910 | 7 | GCW5563,mc,2018-12-10 04:27:47,BRST,SettledInstallment,1345444232211295,BRL,,544.21,1,BRL,,529.24,14.97,,,,mccredit,Capture Request bookingId 115389,70,,,,,,,
TurbiBR,TurbiBRCOM,4845444054331485,115444 | 8175 | 126965 | 4 | GIE2734,mc,2018-12-10 03:12:45,BRST,SettledInstallment,1745444187215784,BRL,,152.18,1,BRL,,148.00,4.18,,,,mccredit,Capture Request bookingId 115444,70,,,,,,,
TurbiBR,TurbiBRCOM,1345443652687190,115397 | 8502913 | 126918 | 4 | GIE2734,mc,2018-12-10 16:45:36,BRST,RefundedInstallment,4745444674803211,BRL,50.00,,1,BRL,50.00,,,,,,mccredit,Refund Request bookingId 115397,70,,,,,,,
TurbiBR,TurbiBRCOM,1845443750986499,115416 | 8523484 | 126937 | 16 | FVN6927,mc,2018-12-09 23:02:58,BRST,SettledInstallment,1345444037268326,BRL,,88.56,1,BRL,,86.12,2.44,,,,mccredit,Capture Request bookingId 115416,70,,,,,,,
TurbiBR,TurbiBRCOM,1345444606429416,115471 | 8520734 | 126992 | 61 | GCE7705,mc,2018-12-10 20:53:19,BRST,SettledInstallment,4845444823345584,BRL,,47.96,1,BRL,,46.64,1.32,,,,mccredit,Capture Request bookingId 115471,70,,,,,,,
TurbiBR,TurbiBRCOM,4625443907755714,115437 | 8825 | 126958 | 54 | GDP6156,mc,2018-12-09 22:22:50,BRST,SettledInstallment,1725444013215697,BRL,,39.57,1,BRL,,38.48,1.09,,,,mccredit,Capture Request bookingId 115437,70,,,,,,,
TurbiBR,TurbiBRCOM,4825443926359447,115441 | 8510010 | 126962 | 20 | FUD3683,mc,2018-12-09 22:32:47,BRST,SettledInstallment,1825444019201633,BRL,,39.01,1,BRL,,37.94,1.07,,,,mccredit,Capture Request bookingId 115441,70,,,,,,,
TurbiBR,TurbiBRCOM,1725443648222854,115395 | 8509954 | 126916 | 57 | FXD8307,mc,2018-12-09 23:37:46,BRST,SettledInstallment,4325444058216640,BRL,,135.54,1,BRL,,131.81,3.73,,,,mccredit,Capture Request bookingId 115395,70,,,,,,,
TurbiBR,TurbiBRCOM,1725441192787850,115136 | 8498012 | 126658 | 13 | FXH7648,mc,2018-12-10 15:30:28,BRST,RefundedInstallment,4525444629697235,BRL,50.00,,1,BRL,50.00,,,,,,mccredit,115136 | 8498012 | 126658 | 13 | FXH7648,70,,,,,,,
TurbiBR,TurbiBRCOM,4525444577007254,115466 | 8506369 | 126987 | 59 | GFT1399,mc,2018-12-10 18:03:00,BRST,SettledInstallment,1525444721211915,BRL,,53.93,1,BRL,,52.45,1.48,,,,mccredit,Capture Request bookingId 115466,70,,,,,,,
TurbiBR,TurbiBRCOM,1725444574668664,115465 | 8503146 | 126986 | 10 | FQR9974,mc,2018-12-10 15:48:02,BRST,SettledInstallment,4725444640215825,BRL,,32.22,1,BRL,,31.33,0.89,,,,mccredit,Capture Request bookingId 115465,70,,,,,,,
TurbiBR,TurbiBRCOM,4325444376032257,115448 | 8522697 | 126969 | 36 | GFN9743,mc,2018-12-10 12:42:58,BRST,SettledInstallment,1825444529262836,BRL,,17.68,1,BRL,,17.19,0.49,,,,mccredit,Capture Request bookingId 115448,70,,,,,,,
TurbiBR,TurbiBRCOM,4625444562387744,115464 | 8500985 | 126985 | 14 | GDW3904,mc,2018-12-10 18:52:52,BRST,SettledInstallment,4325444751218927,BRL,,67.24,1,BRL,,65.39,1.85,,,,mccredit,Capture Request bookingId 115464,70,,,,,,,
TurbiBR,TurbiBRCOM,,"Payout Date=2019-01-09, Bank=341, Branch=8886, Account=253338",,2019-01-08 01:56:36,BRST,MerchantPayout,"TX24070047288XT batch 70, TurbiBRCOM batch 70, TurbiBRCOM",,,,,BRL,2496.52,,,,,,,,70,,,,,,,
