Company Account,Merchant Account,Psp Reference,Merchant Reference,Payment Method,Creation Date,TimeZone,Type,Modification Reference,Gross Currency,Gross Debit (GC),Gross Credit (GC),Exchange Rate,Net Currency,Net Debit (NC),Net Credit (NC),Commission (NC),Markup (NC),Scheme Fees (NC),Interchange (NC),Payment Method Variant,Modification Merchant Reference,Batch Number,Reserved4,Reserved5,Reserved6,Reserved7,Reserved8,Reserved9,Reserved10
TurbiBR,TurbiBRCOM,4515430597405174,114321 | 8510397 | 125844 | 58 | GIV7241,amex,2018-11-24 16:11:48,BRST,SettledInstallment,1515430830616211,BRL,,64.34,1,BRL,,0.00,1.77,,,,amex,Capture Request bookingId 114321,53,,,,,,,
TurbiBR,TurbiBRCOM,1515431058217922,114398 | 8501591 | 125921 | 7 | GCW5563,amex,2018-11-25 01:21:51,BRST,SettledInstallment,4515431160617252,BRL,,131.84,1,BRL,,0.00,3.63,,,,amex,Capture Request bookingId 114398,53,,,,,,,
TurbiBR,TurbiBRCOM,1615430992438403,114394 | 8503631 | 125917 | 45 | GHS1618,amex,2018-11-25 00:36:46,BRST,SettledInstallment,1815431133620469,BRL,,34.05,1,BRL,,0.00,0.94,,,,amex,Capture Request bookingId 114394,53,,,,,,,
TurbiBR,TurbiBRCOM,1315432358198657,114478 | 8509014 | 126001 | 53 | GGQ1493,amex,2018-11-26 14:06:53,BRST,SettledInstallment,1715432483600300,BRL,,30.00,1,BRL,,0.00,0.82,,,,amex,Capture Request bookingId 114478,53,,,,,,,
TurbiBR,TurbiBRCOM,4815430737096336,114354 | 8508519 | 125877 | 72 | FWG4577,amex,2018-11-25 21:26:45,BRST,SettledInstallment,4615431883617422,BRL,,303.42,1,BRL,,0.00,8.34,,,,amex,Capture Request bookingId 114354,53,,,,,,,
TurbiBR,TurbiBRCOM,1815431760528498,114464 | 8498953 | 125987 | 64 | GGW0873,amex,2018-11-25 23:01:41,BRST,SettledInstallment,1615431940617544,BRL,,75.16,1,BRL,,0.00,2.07,,,,amex,Capture Request bookingId 114464,53,,,,,,,
TurbiBR,TurbiBRCOM,1815432777198911,114514 | 8509014 | 126037 | 53 | GGQ1493,amex,2018-11-26 23:11:45,BRST,SettledInstallment,1715432810610709,BRL,,30.00,1,BRL,,0.00,0.82,,,,amex,Capture Request bookingId 114514,53,,,,,,,
TurbiBR,TurbiBRCOM,1515433129535670,114523 | 8496768 | 126046 | 72 | FWG4577,amex,2018-11-27 10:36:55,BRST,SettledInstallment,4615433221615522,BRL,,49.36,1,BRL,,0.00,1.36,,,,amex,Capture Request bookingId 114523,53,,,,,,,
